date,gold,oil,dollar_index,yield_10y,vix
2004-01-02,,,86.91999816894531,4.373000144958496,18.219999313354492
2004-01-05,424.3999938964844,33.779998779296875,86.06999969482422,4.38700008392334,17.489999771118164
2004-01-06,422.79998779296875,33.70000076293945,85.62999725341797,4.2769999504089355,16.729999542236328
2004-01-07,421.8999938964844,33.619998931884766,86.19999694824219,4.245999813079834,15.5
2004-01-08,424.0,33.97999954223633,85.56999969482422,4.249000072479248,15.609999656677246
2004-01-09,426.3999938964844,34.310001373291016,85.11000061035156,4.085999965667725,16.75
2004-01-12,426.29998779296875,34.720001220703125,85.55000305175781,4.083000183105469,16.81999969482422
2004-01-13,423.70001220703125,34.43000030517578,85.51000213623047,4.0279998779296875,18.040000915527344
2004-01-14,421.70001220703125,34.5,86.02999877929688,3.9860000610351562,16.75
2004-01-15,408.3999938964844,33.439998626708984,86.55999755859375,3.9709999561309814,15.5600004196167
2004-01-16,406.70001220703125,35.06999969482422,87.7300033569336,4.013999938964844,15.0
2004-01-19,,,87.66000366210938,,
2004-01-20,412.70001220703125,36.20000076293945,86.70999908447266,4.057000160217285,15.210000038146973
2004-01-21,411.1000061035156,34.58000183105469,86.36000061035156,4.0370001792907715,14.34000015258789
2004-01-22,410.0,34.93000030517578,85.81999969482422,3.9690001010894775,14.710000038146973
2004-01-23,407.8999938964844,34.939998626708984,86.55999755859375,4.065999984741211,14.84000015258789
2004-01-26,406.6000061035156,34.470001220703125,87.25,4.139999866485596,14.550000190734863
2004-01-27,410.0,34.119998931884766,86.27999877929688,4.086999893188477,15.350000381469727
2004-01-28,414.5,33.619998931884766,86.97000122070312,4.195000171661377,16.780000686645508
2004-01-29,398.5,32.810001373291016,87.58000183105469,4.197000026702881,17.139999389648438
2004-01-30,402.20001220703125,33.04999923706055,87.19999694824219,4.138000011444092,16.6299991607666
2004-02-02,398.70001220703125,34.97999954223633,87.52999877929688,4.151000022888184,17.110000610351562
2004-02-03,399.20001220703125,34.099998474121094,86.79000091552734,4.099999904632568,17.34000015258789
2004-02-04,401.0,33.099998474121094,86.83999633789062,4.124000072479248,17.8700008392334
2004-02-05,398.1000061035156,33.08000183105469,86.9000015258789,4.173999786376953,17.709999084472656
2004-02-06,403.6000061035156,32.47999954223633,86.0199966430664,4.089000225067139,16.0
2004-02-09,406.79998779296875,32.83000183105469,86.0,4.065000057220459,16.389999389648438
2004-02-10,406.3999938964844,33.869998931884766,85.83999633789062,4.1020002365112305,15.9399995803833
2004-02-11,410.20001220703125,34.0,85.19999694824219,4.020999908447266,15.390000343322754
2004-02-12,413.70001220703125,33.97999954223633,85.29000091552734,4.058000087738037,15.3100004196167
2004-02-13,410.29998779296875,34.560001373291016,85.55999755859375,4.047999858856201,15.579999923706055
2004-02-16,,,85.47000122070312,,
2004-02-17,416.0,35.15999984741211,85.0199966430664,4.047999858856201,15.399999618530273
2004-02-18,412.29998779296875,35.45000076293945,85.87999725341797,4.048999786376953,15.59000015258789
2004-02-19,409.79998779296875,36.0,85.94999694824219,4.052000045776367,15.800000190734863
2004-02-20,397.5,35.599998474121094,87.23999786376953,4.0980000495910645,16.040000915527344
2004-02-23,399.0,34.349998474121094,87.04000091552734,4.050000190734863,16.290000915527344
2004-02-24,404.5,34.58000183105469,86.13999938964844,4.0289998054504395,15.899999618530273
2004-02-25,395.79998779296875,35.68000030517578,87.25,4.014999866485596,14.930000305175781
2004-02-26,395.79998779296875,35.5099983215332,87.68000030517578,4.046000003814697,14.829999923706055
2004-02-27,396.3999938964844,36.15999984741211,87.30999755859375,3.9839999675750732,14.550000190734863
2004-03-01,399.29998779296875,36.86000061035156,87.5199966430664,3.992000102996826,14.4399995803833
2004-03-02,393.5,36.65999984741211,88.83000183105469,4.046000003814697,14.859999656677246
2004-03-03,392.3999938964844,35.79999923706055,89.02999877929688,4.059999942779541,14.550000190734863
2004-03-04,392.8999938964844,36.63999938964844,89.13999938964844,4.0289998054504395,14.399999618530273
2004-03-05,401.29998779296875,37.2599983215332,88.18000030517578,3.8310000896453857,14.479999542236328
2004-03-08,400.6000061035156,36.56999969482422,88.0,3.7760000228881836,15.789999961853027
2004-03-09,404.20001220703125,36.279998779296875,88.29000091552734,3.7190001010894775,16.600000381469727
2004-03-10,400.0,36.099998474121094,88.94999694824219,3.734999895095825,18.670000076293945
2004-03-11,400.70001220703125,36.779998779296875,88.51000213623047,3.746999979019165,20.670000076293945
2004-03-12,395.29998779296875,36.189998626708984,89.12000274658203,3.759999990463257,18.299999237060547
2004-03-15,399.3999938964844,37.439998626708984,88.80999755859375,3.7679998874664307,21.1299991607666
2004-03-16,402.3999938964844,37.47999954223633,88.58999633789062,3.687999963760376,20.34000015258789
2004-03-17,406.8999938964844,38.18000030517578,88.6500015258789,3.683000087738037,18.110000610351562
2004-03-18,411.1000061035156,37.93000030517578,87.69999694824219,3.749000072479248,18.530000686645508
2004-03-19,412.5,38.08000183105469,88.16000366210938,3.7880001068115234,19.149999618530273
2004-03-22,417.3999938964844,37.11000061035156,87.80999755859375,3.7239999771118164,21.579999923706055
2004-03-23,419.79998779296875,37.45000076293945,87.8499984741211,3.7109999656677246,20.670000076293945
2004-03-24,417.20001220703125,37.0099983215332,88.93000030517578,3.7139999866485596,19.809999465942383
2004-03-25,416.70001220703125,35.5099983215332,88.9000015258789,3.739000082015991,17.8799991607666
2004-03-26,422.1000061035156,35.72999954223633,88.88999938964844,3.8429999351501465,17.329999923706055
2004-03-29,417.1000061035156,35.45000076293945,88.62999725341797,3.890000104904175,16.5
2004-03-30,421.70001220703125,36.25,88.43000030517578,3.9019999504089355,16.280000686645508
2004-03-31,427.29998779296875,35.7599983215332,87.61000061035156,3.8369998931884766,16.739999771118164
2004-04-01,427.79998779296875,34.27000045776367,87.20999908447266,3.8980000019073486,16.649999618530273
2004-04-02,421.6000061035156,34.38999938964844,88.51000213623047,4.139999866485596,15.640000343322754
2004-04-05,415.3999938964844,34.380001068115234,89.22000122070312,4.21999979019165,14.970000267028809
2004-04-06,418.8999938964844,34.970001220703125,88.75,4.171000003814697,15.319999694824219
2004-04-07,422.79998779296875,36.150001525878906,88.2699966430664,4.166999816894531,15.760000228881836
2004-04-08,419.8999938964844,37.13999938964844,89.0199966430664,4.197000026702881,16.260000228881836
2004-04-12,420.1000061035156,37.84000015258789,88.94999694824219,4.230000019073486,15.279999732971191
2004-04-13,407.0,37.209999084472656,89.83000183105469,4.340000152587891,17.260000228881836
2004-04-14,399.79998779296875,36.720001220703125,90.23999786376953,4.381999969482422,15.619999885559082
2004-04-15,397.70001220703125,37.56999969482422,90.05999755859375,4.40500020980835,15.739999771118164
2004-04-16,401.0,37.7400016784668,89.94000244140625,4.3520002365112305,14.9399995803833
2004-04-19,400.6000061035156,37.41999816894531,89.80000305175781,4.372000217437744,15.420000076293945
2004-04-20,397.70001220703125,37.599998474121094,90.48999786376953,4.414999961853027,16.670000076293945
2004-04-21,390.79998779296875,35.72999954223633,91.12000274658203,4.422999858856201,15.600000381469727
2004-04-22,393.29998779296875,36.709999084472656,90.81999969482422,4.370999813079834,14.609999656677246
2004-04-23,395.1000061035156,36.459999084472656,91.08000183105469,4.452000141143799,14.010000228881836
2004-04-26,396.0,36.970001220703125,90.62000274658203,4.433000087738037,14.770000457763672
2004-04-27,398.6000061035156,37.529998779296875,90.41000366210938,4.4039998054504395,15.069999694824219
2004-04-28,385.3999938964844,37.459999084472656,91.16999816894531,4.4670000076293945,16.290000915527344
2004-04-29,386.6000061035156,37.310001373291016,90.56999969482422,4.539999961853027,16.600000381469727
2004-04-30,387.0,37.380001068115234,90.4800033569336,4.500999927520752,17.190000534057617
2004-05-03,387.0,38.209999084472656,90.76000213623047,4.500999927520752,16.6200008392334
2004-05-04,391.3999938964844,38.97999954223633,89.80999755859375,4.543000221252441,16.549999237060547
2004-05-05,393.3999938964844,39.56999969482422,89.30999755859375,4.571000099182129,15.770000457763672
2004-05-06,388.0,39.369998931884766,89.87999725341797,4.6020002365112305,17.049999237060547
2004-05-07,378.70001220703125,39.93000030517578,91.12999725341797,4.765999794006348,18.1299991607666
2004-05-10,378.29998779296875,38.93000030517578,91.55999755859375,4.781000137329102,19.770000457763672
2004-05-11,376.8999938964844,40.060001373291016,91.66000366210938,4.76800012588501,18.56999969482422
2004-05-12,377.3999938964844,40.77000045776367,91.29000091552734,4.796999931335449,18.139999389648438
2004-05-13,374.79998779296875,41.08000183105469,91.95999908447266,4.85099983215332,18.860000610351562
2004-05-14,377.0,41.380001068115234,91.66000366210938,4.788000106811523,18.469999313354492
2004-05-17,379.5,41.54999923706055,91.0,4.698999881744385,19.959999084472656
2004-05-18,375.79998779296875,40.540000915527344,91.25,4.736000061035156,19.329999923706055
2004-05-19,382.8999938964844,41.5,90.52999877929688,4.794000148773193,18.93000030517578
2004-05-20,378.3999938964844,40.91999816894531,91.02999877929688,4.7179999351501465,18.670000076293945
2004-05-21,384.79998779296875,39.93000030517578,90.48999786376953,4.763999938964844,18.489999771118164
2004-05-24,385.6000061035156,41.720001220703125,90.4800033569336,4.739999771118164,18.079999923706055
2004-05-25,388.29998779296875,41.13999938964844,89.83999633789062,4.723999977111816,15.960000038146973
2004-05-26,388.29998779296875,40.70000076293945,89.72000122070312,4.671000003814697,15.970000267028809
2004-05-27,394.8999938964844,39.439998626708984,88.66999816894531,4.5879998207092285,15.279999732971191
2004-05-28,394.0,39.880001068115234,88.94999694824219,4.65500020980835,15.5
2004-06-01,394.6000061035156,42.33000183105469,88.87999725341797,4.703999996185303,16.299999237060547
2004-06-02,390.70001220703125,39.959999084472656,88.83999633789062,4.730000019073486,16.079999923706055
2004-06-03,388.1000061035156,39.279998779296875,88.94999694824219,4.711999893188477,17.030000686645508
2004-06-04,390.8999938964844,38.4900016784668,88.54000091552734,4.77400016784668,16.780000686645508
2004-06-07,393.79998779296875,38.65999984741211,88.25,4.764999866485596,15.390000343322754
2004-06-08,391.0,37.279998779296875,88.51000213623047,4.770999908447266,15.010000228881836
2004-06-09,384.5,37.540000915527344,89.7300033569336,4.811999797821045,15.390000343322754
2004-06-10,385.8999938964844,38.45000076293945,89.25,4.790999889373779,15.039999961853027
2004-06-11,,,90.01000213623047,,
2004-06-14,383.6000061035156,37.59000015258789,89.94000244140625,4.869999885559082,16.06999969482422
2004-06-15,388.1000061035156,37.189998626708984,89.08999633789062,4.685999870300293,15.050000190734863
2004-06-16,384.6000061035156,37.31999969482422,90.04000091552734,4.73199987411499,14.789999961853027
2004-06-17,388.8999938964844,38.459999084472656,89.5999984741211,4.691999912261963,15.149999618530273
2004-06-18,395.1000061035156,38.75,89.08000183105469,4.710000038146973,14.989999771118164
2004-06-21,394.0,37.630001068115234,89.29000091552734,4.690000057220459,15.260000228881836
2004-06-22,395.0,38.11000061035156,89.43000030517578,4.703999996185303,14.3100004196167
2004-06-23,395.0,37.56999969482422,89.41999816894531,4.697999954223633,13.979999542236328
2004-06-24,403.1000061035156,37.93000030517578,88.75,4.645999908447266,14.8100004196167
2004-06-25,402.8999938964844,37.54999923706055,88.87999725341797,4.644999980926514,15.1899995803833
2004-06-28,401.0,36.2400016784668,88.72000122070312,4.738999843597412,16.06999969482422
2004-06-29,392.5,35.65999984741211,89.41000366210938,4.695000171661377,15.470000267028809
2004-06-30,392.6000061035156,37.04999923706055,88.80000305175781,4.617000102996826,14.34000015258789
2004-07-01,396.0,38.7400016784668,88.79000091552734,4.564000129699707,15.199999809265137
2004-07-02,398.29998779296875,38.38999938964844,87.97000122070312,4.458000183105469,15.079999923706055
2004-07-05,,,88.2300033569336,,
2004-07-06,392.6000061035156,39.650001525878906,88.12000274658203,4.480000019073486,16.25
2004-07-07,402.29998779296875,39.08000183105469,87.6500015258789,4.4720001220703125,15.8100004196167
2004-07-08,407.79998779296875,40.33000183105469,87.54000091552734,4.46999979019165,16.200000762939453
2004-07-09,407.5,39.959999084472656,87.41999816894531,4.466000080108643,15.779999732971191
2004-07-12,408.1000061035156,39.5,87.38999938964844,4.442999839782715,14.960000038146973
2004-07-13,402.0,39.439998626708984,87.81999969482422,4.479000091552734,14.460000038146973
2004-07-14,405.3999938964844,40.970001220703125,87.58000183105469,4.484000205993652,13.760000228881836
2004-07-15,404.20001220703125,40.77000045776367,87.98999786376953,4.485000133514404,14.710000038146973
2004-07-16,406.6000061035156,41.25,87.13999938964844,4.361000061035156,14.34000015258789
2004-07-19,405.6000061035156,41.63999938964844,87.18000030517578,4.361000061035156,15.170000076293945
2004-07-20,401.8999938964844,40.86000061035156,87.83000183105469,4.447999954223633,14.170000076293945
2004-07-21,397.1000061035156,40.58000183105469,88.55999755859375,4.486999988555908,16.40999984741211
2004-07-22,395.20001220703125,41.36000061035156,88.44999694824219,4.461999893188477,15.75
2004-07-23,390.5,41.709999084472656,89.26000213623047,4.432000160217285,16.5
2004-07-26,390.29998779296875,41.439998626708984,89.02999877929688,4.474999904632568,17.299999237060547
2004-07-27,387.0,41.84000015258789,89.79000091552734,4.59499979019165,16.549999237060547
2004-07-28,389.0,42.900001525878906,89.75,4.585000038146973,16.149999618530273
2004-07-29,387.0,42.75,89.94999694824219,4.572999954223633,15.680000305175781
2004-07-30,391.0,43.79999923706055,89.95999908447266,4.474999904632568,15.319999694824219
2004-08-02,391.70001220703125,43.81999969482422,89.75,4.454999923706055,15.369999885559082
2004-08-03,394.0,44.150001525878906,89.56999969482422,4.421999931335449,16.030000686645508
2004-08-04,392.20001220703125,42.83000183105469,89.68000030517578,4.428999900817871,16.209999084472656
2004-08-05,392.29998779296875,44.40999984741211,89.63999938964844,4.400000095367432,18.31999969482422
2004-08-06,399.79998779296875,43.95000076293945,88.36000061035156,4.218999862670898,19.34000015258789
2004-08-09,400.70001220703125,44.84000015258789,88.38999938964844,4.24399995803833,18.889999389648438
2004-08-10,400.0,44.52000045776367,88.79000091552734,4.2870001792907715,17.469999313354492
2004-08-11,395.5,44.79999923706055,88.8499984741211,4.275000095367432,18.040000915527344
2004-08-12,394.29998779296875,45.5,88.69000244140625,4.25,19.079999923706055
2004-08-13,398.8999938964844,46.58000183105469,87.9000015258789,4.2129998207092285,17.979999542236328
2004-08-16,402.8999938964844,46.04999923706055,87.95999908447266,4.257999897003174,17.56999969482422
2004-08-17,404.3999938964844,46.75,88.05999755859375,4.205999851226807,17.020000457763672
2004-08-18,404.29998779296875,47.27000045776367,88.08000183105469,4.2270002365112305,16.229999542236328
2004-08-19,407.1000061035156,48.70000076293945,87.79000091552734,4.210999965667725,16.959999084472656
2004-08-20,413.20001220703125,47.86000061035156,88.12000274658203,4.230999946594238,16.0
2004-08-23,410.5,46.04999923706055,89.05999755859375,4.2789998054504395,15.880000114440918
2004-08-24,403.0,45.209999084472656,89.45999908447266,4.2829999923706055,15.329999923706055
2004-08-25,407.8999938964844,43.470001220703125,89.41999816894531,4.261000156402588,14.979999542236328
2004-08-26,407.3999938964844,43.099998474121094,89.30000305175781,4.2270002365112305,14.90999984741211
2004-08-27,403.29998779296875,43.18000030517578,89.7699966430664,4.2270002365112305,14.710000038146973
2004-08-30,407.79998779296875,42.279998779296875,89.69000244140625,4.188000202178955,15.4399995803833
2004-08-31,410.3999938964844,42.119998931884766,88.94000244140625,4.131999969482422,15.289999961853027
2004-09-01,408.79998779296875,44.0,88.87000274658203,4.123000144958496,14.90999984741211
2004-09-02,406.0,44.060001373291016,88.9800033569336,4.193999767303467,14.279999732971191
2004-09-03,400.5,43.9900016784668,89.62999725341797,4.293000221252441,13.90999984741211
2004-09-06,,,89.52999877929688,,
2004-09-07,397.3999938964844,43.310001373291016,89.2300033569336,4.245999813079834,14.069999694824219
2004-09-08,399.3999938964844,42.77000045776367,88.7699966430664,4.163000106811523,14.0600004196167
2004-09-09,398.5,44.61000061035156,88.83000183105469,4.198999881744385,14.010000228881836
2004-09-10,401.8999938964844,42.810001373291016,88.38999938964844,4.179999828338623,13.760000228881836
2004-09-13,404.1000061035156,43.869998931884766,88.55000305175781,4.151000022888184,13.170000076293945
2004-09-14,405.70001220703125,44.38999938964844,88.45999908447266,4.132999897003174,13.5600004196167
2004-09-15,405.0,43.58000183105469,89.1500015258789,4.170000076293945,14.640000343322754
2004-09-16,404.70001220703125,43.880001068115234,88.79000091552734,4.068999767303467,14.390000343322754
2004-09-17,405.79998779296875,45.59000015258789,88.91000366210938,4.126999855041504,14.029999732971191
2004-09-20,405.29998779296875,46.349998474121094,88.98999786376953,4.058000087738037,14.430000305175781
2004-09-21,408.29998779296875,47.099998474121094,88.12999725341797,4.0370001792907715,13.65999984741211
2004-09-22,407.20001220703125,48.349998474121094,88.51000213623047,3.989000082015991,14.739999771118164
2004-09-23,410.8999938964844,48.459999084472656,88.44000244140625,4.0279998779296875,14.800000190734863
2004-09-24,408.1000061035156,48.880001068115234,88.4000015258789,4.031000137329102,14.279999732971191
2004-09-27,409.1000061035156,49.63999938964844,88.29000091552734,3.996999979019165,14.619999885559082
2004-09-28,412.5,49.900001525878906,88.11000061035156,4.01200008392334,13.829999923706055
2004-09-29,413.0,49.5099983215332,88.0999984741211,4.090000152587891,13.210000038146973
2004-09-30,418.70001220703125,49.63999938964844,87.36000061035156,4.11899995803833,13.34000015258789
2004-10-01,419.5,50.119998931884766,87.62999725341797,4.190999984741211,12.75
2004-10-04,414.0,49.90999984741211,88.37999725341797,4.172999858856201,13.40999984741211
2004-10-05,418.20001220703125,51.09000015258789,88.16999816894531,4.172999858856201,13.949999809265137
2004-10-06,418.3999938964844,52.02000045776367,88.4800033569336,4.223999977111816,13.279999732971191
2004-10-07,418.0,52.66999816894531,88.33999633789062,4.24399995803833,14.5
2004-10-08,423.1000061035156,53.310001373291016,87.44999694824219,4.132999897003174,15.050000190734863
2004-10-11,422.0,53.63999938964844,87.54000091552734,4.132999897003174,14.710000038146973
2004-10-12,415.1000061035156,52.5099983215332,88.0199966430664,4.1020002365112305,15.050000190734863
2004-10-13,413.20001220703125,53.63999938964844,87.87999725341797,4.078000068664551,15.420000076293945
2004-10-14,418.1000061035156,54.7599983215332,87.55000305175781,4.014999866485596,16.43000030517578
2004-10-15,418.70001220703125,54.93000030517578,87.08999633789062,4.052999973297119,15.039999961853027
2004-10-18,416.20001220703125,53.66999816894531,87.0199966430664,4.052999973297119,14.710000038146973
2004-10-19,420.29998779296875,53.290000915527344,86.83999633789062,4.038000106811523,15.130000114440918
2004-10-20,423.5,54.91999816894531,86.3499984741211,3.990999937057495,14.850000381469727
2004-10-21,424.3999938964844,54.470001220703125,86.0199966430664,3.996999979019165,14.539999961853027
2004-10-22,424.6000061035156,55.16999816894531,85.87000274658203,3.9839999675750732,15.279999732971191
2004-10-25,429.0,54.540000915527344,84.97000122070312,3.9709999561309814,16.579999923706055
2004-10-26,426.79998779296875,55.16999816894531,85.20999908447266,3.989000082015991,16.389999389648438
2004-10-27,424.79998779296875,52.459999084472656,85.44000244140625,4.0879998207092285,15.720000267028809
2004-10-28,425.1000061035156,50.91999816894531,85.27999877929688,4.079999923706055,15.390000343322754
2004-10-29,428.5,51.7599983215332,84.91000366210938,4.0289998054504395,16.270000457763672
2004-11-01,427.29998779296875,50.130001068115234,85.19999694824219,4.090000152587891,16.270000457763672
2004-11-02,420.0,49.619998931884766,85.47000122070312,4.074999809265137,16.18000030517578
2004-11-03,424.6000061035156,50.880001068115234,84.69999694824219,4.070000171661377,14.039999961853027
2004-11-04,430.1000061035156,48.81999969482422,84.54000091552734,4.067999839782715,13.970000267028809
2004-11-05,433.6000061035156,49.61000061035156,84.01000213623047,4.185999870300293,13.84000015258789
2004-11-08,432.70001220703125,49.09000015258789,84.08999633789062,4.215000152587891,13.800000190734863
2004-11-09,435.70001220703125,47.369998931884766,84.29000091552734,4.2179999351501465,13.609999656677246
2004-11-10,434.0,48.86000061035156,84.43000030517578,4.252999782562256,13.079999923706055
2004-11-11,434.8999938964844,47.41999816894531,84.37000274658203,4.252999782562256,13.039999961853027
2004-11-12,437.8999938964844,47.31999969482422,83.69000244140625,4.197999954223633,13.329999923706055
2004-11-15,437.0,46.869998931884766,84.0,4.190000057220459,13.380000114440918
2004-11-16,440.20001220703125,46.11000061035156,83.80000305175781,4.208000183105469,13.210000038146973
2004-11-17,444.79998779296875,46.84000015258789,83.29000091552734,4.144000053405762,13.210000038146973
2004-11-18,442.6000061035156,46.220001220703125,83.69000244140625,4.117000102996826,12.979999542236328
2004-11-19,446.79998779296875,48.439998626708984,83.30999755859375,4.196000099182129,13.5
2004-11-22,448.79998779296875,48.63999938964844,83.19000244140625,4.164999961853027,12.970000267028809
2004-11-23,447.79998779296875,48.939998626708984,82.97000122070312,4.184000015258789,12.670000076293945
2004-11-24,449.29998779296875,49.439998626708984,82.41000366210938,4.195000171661377,12.720000267028809
2004-11-25,,,82.18000030517578,,
2004-11-26,,,81.77999877929688,4.23799991607666,12.779999732971191
2004-11-29,453.70001220703125,49.7599983215332,81.93000030517578,4.329999923706055,13.300000190734863
2004-11-30,451.29998779296875,49.130001068115234,81.81999969482422,4.357999801635742,13.239999771118164
2004-12-01,454.0,45.4900016784668,81.55999755859375,4.375,12.970000267028809
2004-12-02,450.3999938964844,43.25,81.94999694824219,4.396999835968018,12.979999542236328
2004-12-03,456.0,42.540000915527344,80.9800033569336,4.269999980926514,12.960000038146973
2004-12-06,454.20001220703125,42.97999954223633,81.27999877929688,4.239999771118164,13.1899995803833
2004-12-07,452.0,41.459999084472656,81.23999786376953,4.2270002365112305,13.670000076293945
2004-12-08,437.20001220703125,41.939998626708984,81.9000015258789,4.133999824523926,13.1899995803833
2004-12-09,435.79998779296875,42.529998779296875,82.02999877929688,4.160999774932861,12.880000114440918
2004-12-10,433.8999938964844,40.709999084472656,82.55000305175781,4.156000137329102,12.760000228881836
2004-12-13,438.8999938964844,41.0099983215332,82.0999984741211,4.151000022888184,12.539999961853027
2004-12-14,435.8999938964844,41.81999969482422,82.31999969482422,4.131999969482422,12.729999542236328
2004-12-15,440.79998779296875,44.189998626708984,81.62999725341797,4.076000213623047,12.350000381469727
2004-12-16,436.8999938964844,44.18000030517578,82.5,4.184999942779541,12.270000457763672
2004-12-17,441.6000061035156,46.279998779296875,82.16000366210938,4.206999778747559,11.949999809265137
2004-12-20,442.3999938964844,45.63999938964844,81.66999816894531,4.198999881744385,11.829999923706055
2004-12-21,441.79998779296875,45.7599983215332,81.94000244140625,4.168000221252441,11.550000190734863
2004-12-22,440.29998779296875,44.2400016784668,81.93000030517578,4.201000213623047,11.449999809265137
2004-12-23,441.8999938964844,44.18000030517578,81.33999633789062,4.2179999351501465,11.229999542236328
2004-12-24,,,81.22000122070312,,
2004-12-27,445.20001220703125,41.31999969482422,80.72000122070312,4.290999889373779,12.140000343322754
2004-12-28,444.29998779296875,41.77000045776367,80.72000122070312,4.290999889373779,12.0
2004-12-29,436.0,43.63999938964844,80.97000122070312,4.322000026702881,11.619999885559082
2004-12-30,437.5,43.45000076293945,80.52999877929688,4.263000011444092,12.5600004196167
2004-12-31,,,80.8499984741211,4.216000080108643,13.289999961853027
2005-01-03,428.70001220703125,42.119998931884766,81.30000305175781,4.21999979019165,14.079999923706055
2005-01-04,428.5,43.90999984741211,82.56999969482422,4.2829999923706055,13.979999542236328
2005-01-05,426.6000061035156,43.38999938964844,82.54000091552734,4.2769999504089355,14.09000015258789
2005-01-06,421.0,45.560001373291016,83.1500015258789,4.271999835968018,13.579999923706055
2005-01-07,418.8999938964844,45.43000030517578,83.61000061035156,4.284999847412109,13.489999771118164
2005-01-10,419.1000061035156,45.33000183105469,83.29000091552734,4.2779998779296875,13.229999542236328
2005-01-11,421.8999938964844,45.68000030517578,83.0199966430664,4.24399995803833,13.1899995803833
2005-01-12,426.1000061035156,46.369998931884766,82.13999938964844,4.236000061035156,12.5600004196167
2005-01-13,424.5,48.040000915527344,82.51000213623047,4.186999797821045,12.84000015258789
2005-01-14,422.70001220703125,48.380001068115234,83.05999755859375,4.216000080108643,12.430000305175781
2005-01-17,,,83.05999755859375,,
2005-01-18,423.20001220703125,48.380001068115234,83.36000061035156,4.195000171661377,12.470000267028809
2005-01-19,423.0,47.54999923706055,83.5999984741211,4.186999797821045,13.180000305175781
2005-01-20,422.3999938964844,46.90999984741211,83.83999633789062,4.164999961853027,13.829999923706055
2005-01-21,426.70001220703125,48.529998779296875,83.26000213623047,4.142000198364258,14.359999656677246
2005-01-24,426.8999938964844,48.810001373291016,83.23999786376953,4.122000217437744,14.649999618530273
2005-01-25,422.0,49.63999938964844,83.98999786376953,4.189000129699707,14.0600004196167
2005-01-26,426.8999938964844,48.779998779296875,83.30000305175781,4.191999912261963,13.4399995803833
2005-01-27,426.29998779296875,48.84000015258789,83.43000030517578,4.206999778747559,13.239999771118164
2005-01-28,425.79998779296875,47.18000030517578,83.4800033569336,4.138000011444092,13.239999771118164
2005-01-31,421.79998779296875,48.20000076293945,83.5999984741211,4.132999897003174,12.819999694824219
2005-02-01,420.79998779296875,47.119998931884766,83.44999694824219,4.136000156402588,12.029999732971191
2005-02-02,421.1000061035156,46.689998626708984,83.5199966430664,4.139999866485596,11.65999984741211
2005-02-03,416.6000061035156,46.45000076293945,83.97000122070312,4.163000106811523,11.789999961853027
2005-02-04,414.0,46.47999954223633,84.38999938964844,4.072999954223633,11.210000038146973
2005-02-07,413.6000061035156,45.279998779296875,85.04000091552734,4.052000045776367,11.729999542236328
2005-02-08,412.6000061035156,45.400001525878906,85.0999984741211,4.0370001792907715,11.600000381469727
2005-02-09,412.8999938964844,45.459999084472656,85.0199966430664,3.9769999980926514,12.0
2005-02-10,417.20001220703125,47.099998474121094,84.54000091552734,4.072999954223633,11.510000228881836
2005-02-11,420.5,47.15999984741211,84.56999969482422,4.09499979019165,11.430000305175781
2005-02-14,425.79998779296875,47.439998626708984,83.95999908447266,4.072999954223633,11.520000457763672
2005-02-15,425.8999938964844,47.2599983215332,83.58999633789062,4.0980000495910645,11.270000457763672
2005-02-16,425.5,48.33000183105469,83.66999816894531,4.1579999923706055,11.100000381469727
2005-02-17,427.29998779296875,47.540000915527344,83.47000122070312,4.184999942779541,11.770000457763672
2005-02-18,427.1000061035156,48.349998474121094,83.48999786376953,4.260000228881836,11.180000305175781
2005-02-21,,,83.55000305175781,,
2005-02-22,434.5,51.150001525878906,82.41000366210938,4.284999847412109,13.140000343322754
2005-02-23,434.8999938964844,51.16999816894531,82.68000030517578,4.26800012588501,12.390000343322754
2005-02-24,434.5,51.38999938964844,82.87999725341797,4.281000137329102,11.569999694824219
2005-02-25,434.8999938964844,51.4900016784668,82.66000366210938,4.271999835968018,11.489999771118164
2005-02-28,436.5,51.75,82.51000213623047,4.359000205993652,12.079999923706055
2005-03-01,432.8999938964844,51.68000030517578,82.7699966430664,4.372000217437744,12.039999961853027
2005-03-02,432.79998779296875,53.04999923706055,83.08000183105469,4.379000186920166,12.5
2005-03-03,429.8999938964844,53.56999969482422,83.27999877929688,4.382999897003174,12.930000305175781
2005-03-04,434.20001220703125,53.779998779296875,82.54000091552734,4.309999942779541,11.9399995803833
2005-03-07,435.0,53.88999938964844,82.79000091552734,4.303999900817871,12.260000228881836
2005-03-08,440.29998779296875,54.59000015258789,81.9800033569336,4.375,12.399999618530273
2005-03-09,442.1000061035156,54.77000045776367,81.62999725341797,4.513999938964844,12.699999809265137
2005-03-10,442.79998779296875,53.540000915527344,81.56999969482422,4.459000110626221,12.489999771118164
2005-03-11,446.20001220703125,54.43000030517578,81.41999816894531,4.534999847412109,12.800000190734863
2005-03-14,441.1000061035156,54.95000076293945,81.97000122070312,4.515999794006348,12.390000343322754
2005-03-15,440.8999938964844,55.04999923706055,82.12000274658203,4.541999816894531,13.149999618530273
2005-03-16,443.70001220703125,56.459999084472656,81.62000274658203,4.51800012588501,13.489999771118164
2005-03-17,438.70001220703125,56.400001525878906,81.83999633789062,4.46999979019165,13.289999961853027
2005-03-18,439.29998779296875,56.720001220703125,82.12999725341797,4.511000156402588,13.140000343322754
2005-03-21,431.1000061035156,56.619998931884766,82.87999725341797,4.525000095367432,13.609999656677246
2005-03-22,431.29998779296875,56.029998779296875,83.36000061035156,4.610000133514404,14.270000457763672
2005-03-23,425.20001220703125,53.810001373291016,84.0,4.60699987411499,14.0600004196167
2005-03-24,424.70001220703125,54.84000015258789,84.12999725341797,4.591000080108643,13.420000076293945
2005-03-28,425.8999938964844,54.04999923706055,84.62000274658203,4.624000072479248,13.75
2005-03-29,426.0,54.22999954223633,84.31999969482422,4.591000080108643,14.489999771118164
2005-03-30,,53.9900016784668,84.29000091552734,4.558000087738037,13.640000343322754
2005-03-31,428.70001220703125,55.400001525878906,84.05999755859375,4.495999813079834,14.020000457763672
2005-04-01,425.8999938964844,57.27000045776367,84.43000030517578,4.451000213623047,14.09000015258789
2005-04-04,423.8999938964844,57.0099983215332,84.77999877929688,4.455999851226807,14.109999656677246
2005-04-05,424.5,56.040000915527344,84.66000366210938,4.46999979019165,13.680000305175781
2005-04-06,427.1000061035156,55.849998474121094,84.68000030517578,4.435999870300293,13.149999618530273
2005-04-07,426.5,54.11000061035156,84.87000274658203,4.4720001220703125,12.329999923706055
2005-04-08,426.8999938964844,53.31999969482422,84.47000122070312,4.491000175476074,12.619999885559082
2005-04-11,428.6000061035156,53.709999084472656,84.16000366210938,4.445000171661377,11.979999542236328
2005-04-12,427.6000061035156,51.86000061035156,84.41999816894531,4.360000133514404,11.300000190734863
2005-04-13,429.29998779296875,50.220001220703125,84.41999816894531,4.374000072479248,13.3100004196167
2005-04-14,424.0,51.130001068115234,85.0,4.357999801635742,14.529999732971191
2005-04-15,424.8999938964844,50.4900016784668,84.55999755859375,4.270999908447266,17.739999771118164
2005-04-18,427.5,50.369998931884766,84.0,4.249000072479248,16.559999465942383
2005-04-19,432.8999938964844,52.290000915527344,83.76000213623047,4.203000068664551,14.960000038146973
2005-04-20,435.29998779296875,52.439998626708984,83.5199966430664,4.210999965667725,16.920000076293945
2005-04-21,433.0,54.20000076293945,83.69999694824219,4.300000190734863,14.40999984741211
2005-04-22,434.29998779296875,55.38999938964844,83.5,4.255000114440918,15.380000114440918
2005-04-25,434.6000061035156,54.56999969482422,83.81999969482422,4.250999927520752,14.619999885559082
2005-04-26,437.8999938964844,54.20000076293945,83.95999908447266,4.267000198364258,14.90999984741211
2005-04-27,433.0,51.61000061035156,84.12000274658203,4.236999988555908,14.869999885559082
2005-04-28,,51.77000045776367,84.3499984741211,4.172999858856201,16.860000610351562
2005-04-29,435.0,49.720001220703125,84.43000030517578,4.201000213623047,15.3100004196167
2005-05-02,429.5,50.91999816894531,84.48999786376953,4.193999767303467,15.119999885559082
2005-05-03,426.70001220703125,49.5,84.51000213623047,4.185999870300293,14.529999732971191
2005-05-04,429.0,50.130001068115234,84.0,4.185999870300293,13.850000381469727
2005-05-05,429.79998779296875,50.83000183105469,83.94000244140625,4.1620001792907715,13.979999542236328
2005-05-06,426.1000061035156,50.959999084472656,84.61000061035156,4.265999794006348,14.050000190734863
2005-05-09,426.20001220703125,52.029998779296875,84.63999938964844,4.2779998779296875,13.75
2005-05-10,427.20001220703125,52.06999969482422,84.44999694824219,4.2220001220703125,14.90999984741211
2005-05-11,427.20001220703125,50.45000076293945,84.94000244140625,4.202000141143799,14.449999809265137
2005-05-12,421.6000061035156,48.540000915527344,85.48999786376953,4.184000015258789,16.1200008392334
2005-05-13,420.20001220703125,48.66999816894531,86.0999984741211,4.120999813079834,16.31999969482422
2005-05-16,418.8999938964844,48.61000061035156,86.12000274658203,4.125,15.680000305175781
2005-05-17,419.3999938964844,48.970001220703125,86.20999908447266,4.117000102996826,14.569999694824219
2005-05-18,421.5,47.25,85.81999969482422,4.067999839782715,13.630000114440918
2005-05-19,420.5,46.91999816894531,86.08999633789062,4.107999801635742,13.319999694824219
2005-05-20,417.3999938964844,46.79999923706055,86.62999725341797,4.125,13.140000343322754
2005-05-23,416.6000061035156,49.15999984741211,86.4000015258789,4.072000026702881,12.949999809265137
2005-05-24,417.5,49.66999816894531,86.37000274658203,4.0370001792907715,12.6899995803833
2005-05-25,418.79998779296875,50.97999954223633,86.3499984741211,4.072000026702881,12.579999923706055
2005-05-26,418.0,51.0099983215332,86.8499984741211,4.080999851226807,12.239999771118164
2005-05-27,419.79998779296875,51.849998474121094,86.41999816894531,4.072999954223633,12.149999618530273
2005-05-31,416.29998779296875,51.970001220703125,87.76000213623047,4.00600004196167,13.289999961853027
2005-06-01,415.29998779296875,54.599998474121094,88.11000061035156,3.9070000648498535,12.359999656677246
2005-06-02,422.70001220703125,53.630001068115234,87.75,3.890000104904175,11.84000015258789
2005-06-03,423.70001220703125,55.029998779296875,88.04000091552734,3.9790000915527344,12.149999618530273
2005-06-06,426.5,54.4900016784668,87.5999984741211,3.9619998931884766,12.279999732971191
2005-06-07,424.79998779296875,53.7599983215332,87.48999786376953,3.9110000133514404,12.390000343322754
2005-06-08,424.70001220703125,52.540000915527344,87.87999725341797,3.940000057220459,12.699999809265137
2005-06-09,424.20001220703125,54.279998779296875,88.06999969482422,3.9649999141693115,12.079999923706055
2005-06-10,427.3999938964844,53.540000915527344,88.69000244140625,4.046999931335449,11.960000038146973
2005-06-13,429.29998779296875,55.619998931884766,88.94999694824219,4.085999965667725,11.649999618530273
2005-06-14,427.5,55.0,89.26000213623047,4.126999855041504,11.789999961853027
2005-06-15,429.1000061035156,55.56999969482422,88.6500015258789,4.114999771118164,11.460000038146973
2005-06-16,436.20001220703125,56.58000183105469,88.72000122070312,4.076000213623047,11.149999618530273
2005-06-17,438.29998779296875,58.470001220703125,87.7300033569336,4.078000068664551,11.479999542236328
2005-06-20,438.3999938964844,59.369998931884766,88.48999786376953,4.103000164031982,11.470000267028809
2005-06-21,438.8999938964844,58.900001525878906,88.18000030517578,4.048999786376953,11.079999923706055
2005-06-22,438.1000061035156,58.09000015258789,88.55999755859375,3.944999933242798,11.050000190734863
2005-06-23,441.70001220703125,59.41999816894531,89.12000274658203,3.9590001106262207,12.130000114440918
2005-06-24,440.5,59.84000015258789,88.77999877929688,3.9140000343322754,12.180000305175781
2005-06-27,440.29998779296875,60.540000915527344,88.44999694824219,3.9019999504089355,12.520000457763672
2005-06-28,436.3999938964844,58.20000076293945,88.98999786376953,3.9760000705718994,11.579999923706055
2005-06-29,,57.2599983215332,89.11000061035156,3.990000009536743,11.770000457763672
2005-06-30,435.8999938964844,56.5,89.11000061035156,3.944999933242798,12.039999961853027
2005-07-01,427.79998779296875,58.75,90.12999725341797,4.048999786376953,11.399999618530273
2005-07-04,,,90.43000030517578,,
2005-07-05,422.8999938964844,59.59000015258789,90.44000244140625,4.098999977111816,11.680000305175781
2005-07-06,423.5,61.279998779296875,90.37999725341797,4.074999809265137,12.270000457763672
2005-07-07,423.29998779296875,60.72999954223633,90.27999877929688,4.031000137329102,12.489999771118164
2005-07-08,422.8999938964844,59.630001068115234,90.25,4.109000205993652,11.449999809265137
2005-07-11,425.5,58.91999816894531,89.45999908447266,4.1020002365112305,11.279999732971191
2005-07-12,426.29998779296875,60.619998931884766,88.41000366210938,4.140999794006348,10.949999809265137
2005-07-13,423.8999938964844,60.0099983215332,89.30999755859375,4.163000106811523,10.84000015258789
2005-07-14,419.6000061035156,57.79999923706055,89.4000015258789,4.179999828338623,10.8100004196167
2005-07-15,420.70001220703125,58.09000015258789,89.72000122070312,4.175000190734863,10.329999923706055
2005-07-18,420.5,57.31999969482422,89.63999938964844,4.2230000495910645,10.770000457763672
2005-07-19,419.70001220703125,57.459999084472656,89.8499984741211,4.189000129699707,10.449999809265137
2005-07-20,421.70001220703125,56.720001220703125,89.33999633789062,4.177000045776367,10.229999542236328
2005-07-21,425.3999938964844,57.130001068115234,88.93000030517578,4.2820000648498535,10.970000267028809
2005-07-22,424.70001220703125,58.650001525878906,89.63999938964844,4.2230000495910645,10.520000457763672
2005-07-25,425.70001220703125,59.0,89.5999984741211,4.247000217437744,11.100000381469727
2005-07-26,423.3999938964844,59.20000076293945,90.0,4.238999843597412,10.989999771118164
2005-07-27,424.70001220703125,59.11000061035156,89.7300033569336,4.261000156402588,10.359999656677246
2005-07-28,427.29998779296875,59.939998626708984,89.33999633789062,4.196000099182129,10.520000457763672
2005-07-29,429.8999938964844,60.56999969482422,89.3499984741211,4.285999774932861,11.569999694824219
2005-08-01,431.8999938964844,61.56999969482422,88.80000305175781,4.318999767303467,12.079999923706055
2005-08-02,431.8999938964844,61.88999938964844,88.76000213623047,4.335999965667725,11.75
2005-08-03,436.8999938964844,60.86000061035156,87.98999786376953,4.300000190734863,11.829999923706055
2005-08-04,437.8999938964844,61.380001068115234,87.80000305175781,4.318999767303467,12.520000457763672
2005-08-05,437.20001220703125,62.310001373291016,88.05999755859375,4.392000198364258,12.479999542236328
2005-08-08,434.70001220703125,63.939998626708984,87.91999816894531,4.419000148773193,13.210000038146973
2005-08-09,434.20001220703125,63.06999969482422,87.88999938964844,4.394000053405762,12.399999618530273
2005-08-10,436.5,64.9000015258789,87.61000061035156,4.4039998054504395,12.380000114440918
2005-08-11,445.5,65.80000305175781,87.0999984741211,4.334000110626221,12.420000076293945
2005-08-12,445.8999938964844,66.86000061035156,86.9800033569336,4.23799991607666,12.739999771118164
2005-08-15,442.20001220703125,66.2699966430664,87.31999969482422,4.269999980926514,12.260000228881836
2005-08-16,446.1000061035156,66.08000183105469,87.43000030517578,4.2270002365112305,13.520000457763672
2005-08-17,439.8999938964844,63.25,88.0,4.2729997634887695,13.300000190734863
2005-08-18,439.5,63.27000045776367,88.58999633789062,4.216000080108643,13.420000076293945
2005-08-19,437.20001220703125,65.3499984741211,88.58000183105469,4.210999965667725,13.420000076293945
2005-08-22,438.1000061035156,65.44999694824219,88.13999938964844,4.218999862670898,13.420000076293945
2005-08-23,439.3999938964844,65.70999908447266,88.08000183105469,4.186999797821045,13.34000015258789
2005-08-24,437.29998779296875,67.31999969482422,87.91000366210938,4.178999900817871,14.170000076293945
2005-08-25,438.3999938964844,67.48999786376953,87.63999938964844,4.159999847412109,13.729999542236328
2005-08-26,437.3999938964844,66.12999725341797,87.86000061035156,4.189000129699707,13.720000267028809
2005-08-29,437.0,67.19999694824219,88.25,4.172999858856201,13.520000457763672
2005-08-30,431.20001220703125,69.80999755859375,88.3499984741211,4.090000152587891,13.649999618530273
2005-08-31,433.79998779296875,68.94000244140625,87.58000183105469,4.019999980926514,12.600000381469727
2005-09-01,442.29998779296875,69.47000122070312,86.55000305175781,4.019000053405762,13.149999618530273
2005-09-02,444.20001220703125,67.56999969482422,86.30000305175781,4.0289998054504395,13.569999694824219
2005-09-06,444.3999938964844,65.95999908447266,86.56999969482422,4.085000038146973,12.930000305175781
2005-09-07,444.8999938964844,64.37000274658203,86.97000122070312,4.138000011444092,12.520000457763672
2005-09-08,446.70001220703125,64.48999786376953,87.04000091552734,4.138999938964844,12.930000305175781
2005-09-09,449.0,64.08000183105469,86.88999938964844,4.123000144958496,11.979999542236328
2005-09-12,449.70001220703125,63.33000183105469,87.70999908447266,4.169000148773193,11.649999618530273
2005-09-13,446.1000061035156,63.11000061035156,87.75,4.133999824523926,12.390000343322754
2005-09-14,449.79998779296875,65.08999633789062,87.66999816894531,4.168000221252441,12.90999984741211
2005-09-15,455.5,64.75,88.12999725341797,4.214000225067139,12.489999771118164
2005-09-16,459.5,63.0,88.05000305175781,4.26200008392334,11.220000267028809
2005-09-19,466.70001220703125,67.38999938964844,88.44000244140625,4.247000217437744,12.140000343322754
2005-09-20,466.20001220703125,66.2300033569336,88.5999984741211,4.243000030517578,12.640000343322754
2005-09-21,468.8999938964844,66.80000305175781,88.13999938964844,4.188000202178955,13.789999961853027
2005-09-22,466.6000061035156,66.5,88.55999755859375,4.176000118255615,13.329999923706055
2005-09-23,463.5,64.19000244140625,89.20999908447266,4.248000144958496,12.960000038146973
2005-09-26,465.8999938964844,65.81999969482422,89.11000061035156,4.294000148773193,13.039999961853027
2005-09-27,462.6000061035156,65.06999969482422,89.5999984741211,4.301000118255615,12.760000228881836
2005-09-28,469.70001220703125,66.3499984741211,89.47000122070312,4.26200008392334,12.630000114440918
2005-09-29,472.20001220703125,66.79000091552734,89.4000015258789,4.289000034332275,12.239999771118164
2005-09-30,469.0,66.23999786376953,89.5199966430664,4.328000068664551,11.920000076293945
2005-10-03,466.1000061035156,65.47000122070312,90.12999725341797,4.386000156402588,12.460000038146973
2005-10-04,466.1000061035156,63.900001525878906,90.0999984741211,4.375999927520752,13.199999809265137
2005-10-05,466.1000061035156,62.790000915527344,89.9800033569336,4.361000061035156,14.550000190734863
2005-10-06,471.8999938964844,61.36000061035156,88.66000366210938,4.366000175476074,14.960000038146973
2005-10-07,474.70001220703125,61.84000015258789,89.16999816894531,4.361000061035156,14.59000015258789
2005-10-10,475.1000061035156,61.79999923706055,89.45999908447266,,15.550000190734863
2005-10-11,477.1000061035156,63.529998779296875,89.97000122070312,4.383999824523926,15.630000114440918
2005-10-12,473.8999938964844,64.12000274658203,89.62999725341797,4.440999984741211,16.219999313354492
2005-10-13,471.1000061035156,63.08000183105469,89.80999755859375,4.474999904632568,16.469999313354492
2005-10-14,469.20001220703125,62.630001068115234,89.3499984741211,4.491000175476074,14.869999885559082
2005-10-17,474.1000061035156,64.36000061035156,89.80000305175781,4.488999843597412,14.670000076293945
2005-10-18,472.1000061035156,63.20000076293945,90.29000091552734,4.480999946594238,15.329999923706055
2005-10-19,463.5,62.40999984741211,89.98999786376953,4.4629998207092285,13.5
2005-10-20,461.0,61.029998779296875,89.91000366210938,4.459000110626221,16.110000610351562
2005-10-21,467.0,60.630001068115234,90.30999755859375,4.389999866485596,16.1299991607666
2005-10-24,465.0,60.31999969482422,90.11000061035156,4.446000099182129,14.739999771118164
2005-10-25,472.79998779296875,62.439998626708984,89.23999786376953,4.507999897003174,14.529999732971191
2005-10-26,471.20001220703125,60.65999984741211,89.48999786376953,4.591000080108643,14.59000015258789
2005-10-27,473.79998779296875,61.09000015258789,89.0999984741211,4.558000087738037,16.020000457763672
2005-10-28,473.0,61.220001220703125,89.58999633789062,4.566999912261963,14.25
2005-10-31,465.1000061035156,59.7599983215332,90.06999969482422,4.559000015258789,15.319999694824219
2005-11-01,458.79998779296875,59.849998474121094,90.08000183105469,4.577000141143799,14.850000381469727
2005-11-02,462.79998779296875,59.75,89.72000122070312,4.610000133514404,13.479999542236328
2005-11-03,460.1000061035156,61.779998779296875,90.44000244140625,4.644000053405762,13.0
2005-11-04,456.29998779296875,60.58000183105469,91.26000213623047,4.6570000648498535,13.170000076293945
2005-11-07,459.0,59.470001220703125,91.29000091552734,4.638999938964844,13.100000381469727
2005-11-08,460.8999938964844,59.709999084472656,91.37000274658203,4.565000057220459,13.079999923706055
2005-11-09,466.29998779296875,58.93000030517578,91.5,4.635000228881836,12.800000190734863
2005-11-10,466.6000061035156,57.79999923706055,92.08000183105469,4.564000129699707,11.899999618530273
2005-11-11,468.29998779296875,57.529998779296875,91.9800033569336,,11.630000114440918
2005-11-14,468.20001220703125,57.689998626708984,92.12999725341797,4.604000091552734,12.180000305175781
2005-11-15,468.1000061035156,56.97999954223633,92.08999633789062,4.557000160217285,12.229999542236328
2005-11-16,478.29998779296875,57.880001068115234,92.33000183105469,4.484000205993652,12.260000228881836
2005-11-17,486.20001220703125,56.33000183105469,91.87999725341797,4.459000110626221,11.25
2005-11-18,485.6000061035156,56.13999938964844,91.93000030517578,4.501999855041504,11.119999885559082
2005-11-21,489.0,57.70000076293945,92.02999877929688,4.460999965667725,10.819999694824219
2005-11-22,492.6000061035156,58.84000015258789,91.5,4.427999973297119,10.600000381469727
2005-11-23,492.1000061035156,58.709999084472656,91.51000213623047,4.473999977111816,10.960000038146973
2005-11-25,,,92.04000091552734,4.431000232696533,10.880000114440918
2005-11-28,498.29998779296875,57.36000061035156,90.9800033569336,4.406000137329102,11.84000015258789
2005-11-29,499.1000061035156,56.5,91.62000274658203,4.48199987411499,11.890000343322754
2005-11-30,494.6000061035156,57.31999969482422,91.56999969482422,4.5,12.0600004196167
2005-12-01,502.5,58.470001220703125,91.81999969482422,4.520999908447266,11.239999771118164
2005-12-02,503.29998779296875,59.31999969482422,91.94999694824219,4.519000053405762,11.010000228881836
2005-12-05,508.8999938964844,59.90999984741211,91.4800033569336,4.566999912261963,11.600000381469727
2005-12-06,510.20001220703125,59.939998626708984,91.44000244140625,4.49399995803833,11.520000457763672
2005-12-07,514.2999877929688,59.209999084472656,91.88999938964844,4.517000198364258,12.180000305175781
2005-12-08,519.2999877929688,60.65999984741211,91.26000213623047,4.464000225067139,12.210000038146973
2005-12-09,527.0,59.38999938964844,91.25,4.5370001792907715,11.6899995803833
2005-12-12,528.4000244140625,61.29999923706055,90.3499984741211,4.546999931335449,11.470000267028809
2005-12-13,521.0,61.369998931884766,90.37999725341797,4.534999847412109,11.109999656677246
2005-12-14,506.5,60.849998474121094,89.83000183105469,4.449999809265137,10.479999542236328
2005-12-15,503.8999938964844,59.9900016784668,90.0199966430664,4.4679999351501465,10.729999542236328
2005-12-16,503.3999938964844,58.060001373291016,89.69999694824219,4.447999954223633,10.680000305175781
2005-12-19,503.6000061035156,57.33000183105469,89.87000274658203,4.441999912261963,11.380000114440918
2005-12-20,494.6000061035156,57.97999954223633,90.77999877929688,4.466000080108643,11.1899995803833
2005-12-21,493.0,58.560001373291016,90.94000244140625,4.486000061035156,10.8100004196167
2005-12-22,502.70001220703125,58.279998779296875,90.72000122070312,4.433000087738037,10.289999961853027
2005-12-23,503.0,58.43000030517578,90.83999633789062,4.380000114440918,10.270000457763672
2005-12-27,508.0,58.15999984741211,91.19000244140625,4.341000080108643,11.569999694824219
2005-12-28,514.2000122070312,59.81999969482422,91.26000213623047,4.377999782562256,11.350000381469727
2005-12-29,515.7000122070312,60.31999969482422,91.0999984741211,4.375999927520752,11.609999656677246
2005-12-30,517.0999755859375,61.040000915527344,91.16999816894531,4.394999980926514,12.069999694824219
2006-01-03,530.7000122070312,63.13999938964844,89.83999633789062,4.369999885559082,11.140000343322754
2006-01-04,533.9000244140625,63.41999816894531,89.13999938964844,4.355999946594238,11.369999885559082
2006-01-05,526.2999877929688,62.790000915527344,89.33000183105469,4.355999946594238,11.3100004196167
2006-01-06,539.7000122070312,64.20999908447266,88.8499984741211,4.379000186920166,11.0
2006-01-09,549.0999755859375,63.5,89.25,4.379000186920166,11.130000114440918
2006-01-10,544.2999877929688,63.369998931884766,89.33000183105469,4.427999973297119,10.859999656677246
2006-01-11,548.7999877929688,63.939998626708984,88.98999786376953,4.458000183105469,10.9399995803833
2006-01-12,548.2999877929688,63.939998626708984,89.44000244140625,4.409999847412109,11.199999809265137
2006-01-13,556.0999755859375,63.91999816894531,88.88999938964844,4.349999904632568,11.229999542236328
2006-01-17,553.4000244140625,66.30999755859375,89.30000305175781,4.331999778747559,11.90999984741211
2006-01-18,543.7000122070312,65.7300033569336,89.26000213623047,4.340000152587891,12.25
2006-01-19,558.4000244140625,66.83000183105469,89.38999938964844,4.379000186920166,11.979999542236328
2006-01-20,553.5,68.3499984741211,88.94999694824219,4.361000061035156,14.5600004196167
2006-01-23,558.2999877929688,68.0999984741211,87.94999694824219,4.35699987411499,13.930000305175781
2006-01-24,557.7000122070312,67.05999755859375,88.05999755859375,4.389999866485596,13.3100004196167
2006-01-25,562.2000122070312,65.8499984741211,88.33000183105469,4.479000091552734,12.869999885559082
2006-01-26,559.7000122070312,66.26000213623047,88.62000274658203,4.5229997634887695,12.420000076293945
2006-01-27,558.7000122070312,67.76000213623047,89.31999969482422,4.502999782562256,11.970000267028809
2006-01-30,565.7999877929688,68.3499984741211,89.41999816894531,4.534999847412109,12.390000343322754
2006-01-31,570.7999877929688,67.91999816894531,88.95999908447266,4.5269999504089355,12.949999809265137
2006-02-01,569.4000244140625,66.55999755859375,89.51000213623047,4.560999870300293,12.359999656677246
2006-02-02,572.5,64.68000030517578,89.37000274658203,4.560999870300293,13.229999542236328
2006-02-03,567.4000244140625,65.37000274658203,89.88999938964844,4.5329999923706055,12.960000038146973
2006-02-06,570.2000122070312,65.11000061035156,90.29000091552734,4.545000076293945,13.039999961853027
2006-02-07,551.0,63.09000015258789,90.23999786376953,4.566999912261963,13.59000015258789
2006-02-08,550.0999755859375,62.54999923706055,90.43000030517578,4.59499979019165,12.829999923706055
2006-02-09,564.5,62.619998931884766,90.29000091552734,4.540999889373779,13.119999885559082
2006-02-10,550.2000122070312,61.84000015258789,90.55000305175781,4.580999851226807,12.869999885559082
2006-02-13,539.0,61.2400016784668,90.54000091552734,4.583000183105469,13.350000381469727
2006-02-14,545.9000244140625,59.56999969482422,90.54000091552734,4.613999843597412,12.25
2006-02-15,539.7000122070312,57.70000076293945,90.72000122070312,4.605999946594238,12.3100004196167
2006-02-16,546.0,58.459999084472656,90.7300033569336,4.5960001945495605,11.479999542236328
2006-02-17,551.7999877929688,59.880001068115234,90.63999938964844,4.540999889373779,12.010000228881836
2006-02-21,553.9000244140625,61.099998474121094,90.55000305175781,4.563000202178955,12.40999984741211
2006-02-22,553.9000244140625,61.0099983215332,90.66999816894531,4.531000137329102,11.880000114440918
2006-02-23,548.4000244140625,60.540000915527344,90.38999938964844,4.566999912261963,11.869999885559082
2006-02-24,558.7999877929688,62.90999984741211,90.61000061035156,4.566999912261963,11.460000038146973
2006-02-27,554.7000122070312,61.0,90.62999725341797,4.590000152587891,11.59000015258789
2006-02-28,561.5999755859375,61.40999984741211,90.11000061035156,4.546999931335449,12.34000015258789
2006-03-01,563.5,61.970001220703125,90.22000122070312,4.589000225067139,11.539999961853027
2006-03-02,568.2000122070312,63.36000061035156,89.55999755859375,4.638000011444092,11.720000267028809
2006-03-03,566.0,63.66999816894531,89.66000366210938,4.684000015258789,11.960000038146973
2006-03-06,554.9000244140625,62.40999984741211,89.88999938964844,4.73799991607666,12.739999771118164
2006-03-07,552.7000122070312,61.58000183105469,90.7699966430664,4.736000061035156,12.65999984741211
2006-03-08,542.5,60.02000045776367,90.62000274658203,4.734000205993652,12.319999694824219
2006-03-09,545.5,60.470001220703125,90.75,4.730000019073486,12.680000305175781
2006-03-10,539.9000244140625,59.959999084472656,90.8499984741211,4.755000114440918,11.850000381469727
2006-03-13,546.0999755859375,61.77000045776367,90.54000091552734,4.775000095367432,11.369999885559082
2006-03-14,551.7000122070312,63.099998474121094,90.0,4.696000099182129,10.739999771118164
2006-03-15,553.0999755859375,62.16999816894531,89.69999694824219,4.730999946594238,11.350000381469727
2006-03-16,554.4000244140625,63.58000183105469,89.06999969482422,4.645999908447266,11.979999542236328
2006-03-17,554.0999755859375,62.77000045776367,88.91999816894531,4.673999786376953,12.119999885559082
2006-03-20,555.2000122070312,60.41999816894531,89.12999725341797,4.656000137329102,11.789999961853027
2006-03-21,552.4000244140625,60.56999969482422,89.62000274658203,4.7170000076293945,11.619999885559082
2006-03-22,550.9000244140625,61.77000045776367,89.72000122070312,4.703000068664551,11.210000038146973
2006-03-23,550.0999755859375,63.90999984741211,90.45999908447266,4.738999843597412,11.170000076293945
2006-03-24,560.0,64.26000213623047,90.06999969482422,4.675000190734863,11.1899995803833
2006-03-27,567.0,64.16000366210938,90.06999969482422,4.701000213623047,11.460000038146973
2006-03-28,566.5999755859375,66.06999969482422,90.25,4.7779998779296875,11.579999923706055
2006-03-29,573.0,66.44999694824219,90.25,4.809999942779541,10.949999809265137
2006-03-30,586.7000122070312,67.1500015258789,89.38999938964844,4.855000019073486,11.569999694824219
2006-03-31,581.7999877929688,66.62999725341797,89.7300033569336,4.853000164031982,11.390000343322754
2006-04-03,589.4000244140625,66.73999786376953,89.62999725341797,4.874000072479248,11.569999694824219
2006-04-04,586.0,66.2300033569336,88.83000183105469,4.872000217437744,11.140000343322754
2006-04-05,587.9000244140625,67.06999969482422,88.62999725341797,4.839000225067139,11.130000114440918
2006-04-06,595.2000122070312,67.94000244140625,88.95999908447266,4.89300012588501,11.449999809265137
2006-04-07,588.4000244140625,67.38999938964844,89.62999725341797,4.9629998207092285,12.260000228881836
2006-04-10,597.5999755859375,68.73999786376953,89.72000122070312,4.9629998207092285,12.1899995803833
2006-04-11,595.2000122070312,68.9800033569336,89.44000244140625,4.932000160217285,13.0
2006-04-12,597.5,68.62000274658203,89.62000274658203,4.97599983215332,12.760000228881836
2006-04-13,596.5,69.31999969482422,89.62000274658203,5.035999774932861,12.380000114440918
2006-04-17,615.4000244140625,70.4000015258789,88.63999938964844,5.006999969482422,12.579999923706055
2006-04-18,620.0,71.3499984741211,88.23999786376953,4.973999977111816,11.399999618530273
2006-04-19,632.5999755859375,72.16999816894531,87.79000091552734,5.0279998779296875,11.319999694824219
2006-04-20,619.7999877929688,71.94999694824219,88.25,5.039000034332275,11.640000343322754
2006-04-21,632.2000122070312,75.16999816894531,88.05000305175781,5.01200008392334,11.59000015258789
2006-04-24,620.5999755859375,73.33000183105469,87.44999694824219,4.985000133514404,11.75
2006-04-25,631.0,72.87999725341797,87.31999969482422,5.071000099182129,11.75
2006-04-26,638.7999877929688,71.93000030517578,87.22000122070312,5.105000019073486,11.760000228881836
2006-04-27,633.2999877929688,70.97000122070312,86.62999725341797,5.084000110626221,11.84000015258789
2006-04-28,651.7999877929688,71.87999725341797,86.11000061035156,5.068999767303467,11.59000015258789
2006-05-01,657.5,73.69999694824219,85.97000122070312,5.13100004196167,12.539999961853027
2006-05-02,664.7000122070312,74.61000061035156,85.79000091552734,5.110000133514404,11.989999771118164
2006-05-03,665.9000244140625,72.27999877929688,85.83999633789062,5.144000053405762,11.989999771118164
2006-05-04,674.2000122070312,69.94000244140625,85.83999633789062,5.150000095367432,11.859999656677246
2006-05-05,682.2000122070312,70.19000244140625,85.12000274658203,5.107999801635742,11.619999885559082
2006-05-08,677.7999877929688,69.7699966430664,85.2300033569336,5.11899995803833,12.0
2006-05-09,699.4000244140625,70.69000244140625,84.83000183105469,5.125,11.989999771118164
2006-05-10,703.7000122070312,72.12999725341797,84.5,5.125,11.779999732971191
2006-05-11,719.7999877929688,73.31999969482422,84.2699966430664,5.15500020980835,12.489999771118164
2006-05-12,710.2999877929688,72.04000091552734,83.95999908447266,5.185999870300293,14.1899995803833
2006-05-15,683.5999755859375,69.41000366210938,84.54000091552734,5.1529998779296875,13.569999694824219
2006-05-16,691.5,69.52999877929688,84.16999816894531,5.105000019073486,13.350000381469727
2006-05-17,690.5,68.69999694824219,84.8499984741211,5.1529998779296875,16.260000228881836
2006-05-18,679.5999755859375,69.44999694824219,84.51000213623047,5.072999954223633,16.989999771118164
2006-05-19,656.7000122070312,68.52999877929688,84.87999725341797,5.053999900817871,17.18000030517578
2006-05-22,657.0,69.2300033569336,84.3499984741211,5.035999774932861,17.719999313354492
2006-05-23,673.0,71.76000213623047,84.3499984741211,5.065999984741211,18.260000228881836
2006-05-24,637.0,69.86000061035156,84.94999694824219,5.033999919891357,17.360000610351562
2006-05-25,648.4000244140625,71.31999969482422,84.6500015258789,5.073999881744385,15.5
2006-05-26,650.9000244140625,71.37000274658203,85.26000213623047,5.052000045776367,14.260000228881836
2006-05-30,653.9000244140625,72.02999877929688,84.27999877929688,5.085999965667725,18.65999984741211
2006-05-31,642.5,71.29000091552734,84.72000122070312,5.11299991607666,16.440000534057617
2006-06-01,627.5999755859375,70.33999633789062,84.79000091552734,5.107999801635742,14.520000457763672
2006-06-02,635.5,72.33000183105469,84.05000305175781,4.99399995803833,14.319999694824219
2006-06-05,643.2000122070312,72.5999984741211,84.13999938964844,5.026000022888184,16.649999618530273
2006-06-06,629.4000244140625,72.5,84.7300033569336,5.00600004196167,17.34000015258789
2006-06-07,627.4000244140625,70.81999969482422,84.98999786376953,5.026000022888184,17.799999237060547
2006-06-08,609.0999755859375,70.3499984741211,85.91000366210938,4.992000102996826,18.350000381469727
2006-06-09,608.2000122070312,71.62999725341797,85.72000122070312,4.980999946594238,18.1200008392334
2006-06-12,606.7999877929688,70.36000061035156,85.8499984741211,4.986999988555908,20.959999084472656
2006-06-13,562.5,68.55999755859375,86.43000030517578,4.960999965667725,23.809999465942383
2006-06-14,562.2999877929688,69.13999938964844,86.13999938964844,5.050000190734863,21.459999084472656
2006-06-15,566.5,69.5,86.0199966430664,5.0980000495910645,15.899999618530273
2006-06-16,578.0,69.87999725341797,85.91999816894531,5.127999782562256,17.25
2006-06-19,568.7999877929688,68.9800033569336,86.30999755859375,5.144999980926514,17.829999923706055
2006-06-20,576.9000244140625,68.94000244140625,86.18000030517578,5.1570000648498535,16.690000534057617
2006-06-21,587.5,70.33000183105469,85.77999877929688,5.15500020980835,15.520000457763672
2006-06-22,582.2000122070312,70.83999633789062,86.38999938964844,5.197999954223633,15.880000114440918
2006-06-23,584.7999877929688,70.87000274658203,86.81999969482422,5.228000164031982,15.890000343322754
2006-06-26,584.7999877929688,71.80000305175781,86.48999786376953,5.238999843597412,15.619999885559082
2006-06-27,581.5999755859375,71.91999816894531,86.47000122070312,5.210000038146973,16.399999618530273
2006-06-28,578.2999877929688,72.19000244140625,86.62999725341797,5.244999885559082,15.789999961853027
2006-06-29,586.5,73.5199966430664,85.87000274658203,5.199999809265137,13.029999732971191
2006-06-30,613.5,73.9800033569336,85.22000122070312,5.138000011444092,13.079999923706055
2006-07-03,,,85.18000030517578,5.151000022888184,13.050000190734863
2006-07-05,627.2999877929688,75.19000244140625,85.5999984741211,5.2270002365112305,14.149999618530273
2006-07-06,634.0999755859375,75.13999938964844,85.3499984741211,5.184999942779541,13.649999618530273
2006-07-07,632.7999877929688,74.08999633789062,84.9800033569336,5.131999969482422,13.970000267028809
2006-07-10,624.0999755859375,73.61000061035156,85.5,5.130000114440918,14.020000457763672
2006-07-11,641.2000122070312,74.16000366210938,85.36000061035156,5.099999904632568,13.140000343322754
2006-07-12,649.4000244140625,74.94999694824219,85.91000366210938,5.099999904632568,14.489999771118164
2006-07-13,652.9000244140625,76.69999694824219,85.79000091552734,5.071000099182129,17.790000915527344
2006-07-14,666.5999755859375,77.02999877929688,86.08999633789062,5.059000015258789,18.049999237060547
2006-07-17,650.5999755859375,75.30000305175781,86.95999908447266,5.068999767303467,18.639999389648438
2006-07-18,628.2999877929688,73.54000091552734,87.01000213623047,5.130000114440918,17.739999771118164
2006-07-19,641.5999755859375,72.66000366210938,86.45999908447266,5.059000015258789,15.550000190734863
2006-07-20,631.7000122070312,73.08000183105469,86.22000122070312,5.0279998779296875,16.209999084472656
2006-07-21,619.5999755859375,74.43000030517578,85.93000030517578,5.045000076293945,17.399999618530273
2006-07-24,612.7000122070312,75.05000305175781,86.33999633789062,5.044000148773193,14.979999542236328
2006-07-25,617.5999755859375,73.75,86.63999938964844,5.065000057220459,14.850000381469727
2006-07-26,621.5999755859375,73.94000244140625,85.93000030517578,5.035999774932861,14.619999885559082
2006-07-27,632.4000244140625,74.54000091552734,85.87000274658203,5.039999961853027,14.9399995803833
2006-07-28,634.7999877929688,73.23999786376953,85.44000244140625,4.989999771118164,14.329999923706055
2006-07-31,634.2000122070312,74.4000015258789,85.30000305175781,4.98799991607666,14.949999809265137
2006-08-01,646.2999877929688,74.91000366210938,85.05000305175781,4.982999801635742,15.050000190734863
2006-08-02,651.5999755859375,75.80999755859375,85.05000305175781,4.960999965667725,14.34000015258789
2006-08-03,644.9000244140625,75.45999908447266,85.0199966430664,4.951000213623047,14.460000038146973
2006-08-04,644.0,74.76000213623047,84.56999969482422,4.901000022888184,14.34000015258789
2006-08-07,647.7999877929688,76.9800033569336,84.75,4.921000003814697,15.229999542236328
2006-08-08,645.7000122070312,76.30999755859375,84.66000366210938,4.922999858856201,15.229999542236328
2006-08-09,650.5,76.3499984741211,84.70999908447266,4.936999797821045,15.199999809265137
2006-08-10,634.9000244140625,74.0,85.08000183105469,4.927000045776367,14.460000038146973
2006-08-11,633.5,74.3499984741211,85.5199966430664,4.9670000076293945,14.300000190734863
2006-08-14,628.5,73.52999877929688,85.63999938964844,5.000999927520752,14.260000228881836
2006-08-15,622.5,73.05000305175781,85.22000122070312,4.931000232696533,13.420000076293945
2006-08-16,628.7000122070312,71.88999938964844,84.87999725341797,4.870999813079834,12.40999984741211
2006-08-17,615.4000244140625,70.05999755859375,85.04000091552734,4.867000102996826,12.239999771118164
2006-08-18,612.0999755859375,71.13999938964844,85.08999633789062,4.835000038146973,11.640000343322754
2006-08-21,625.7000122070312,72.44999694824219,84.62999725341797,4.818999767303467,12.220000267028809
2006-08-22,624.5999755859375,72.62999725341797,85.18000030517578,4.810999870300293,12.1899995803833
2006-08-23,623.7000122070312,71.76000213623047,85.12999725341797,4.818999767303467,12.399999618530273
2006-08-24,619.5,72.36000061035156,85.27999877929688,4.802999973297119,12.399999618530273
2006-08-25,622.0,72.51000213623047,85.37999725341797,4.790999889373779,12.3100004196167
2006-08-28,615.2999877929688,70.61000061035156,85.2300033569336,4.796999931335449,12.180000305175781
2006-08-29,610.7000122070312,69.70999908447266,84.91000366210938,4.7829999923706055,12.279999732971191
2006-08-30,617.7000122070312,70.02999877929688,84.97000122070312,4.763000011444092,12.220000267028809
2006-08-31,625.9000244140625,70.26000213623047,85.05000305175781,4.73199987411499,12.3100004196167
2006-09-01,624.4000244140625,69.19000244140625,84.94000244140625,4.72599983215332,11.960000038146973
2006-09-04,624.4000244140625,68.0199966430664,,,
2006-09-05,638.5,68.5999984741211,85.0,4.781000137329102,12.630000114440918
2006-09-06,633.5,67.5,85.0999984741211,4.801000118255615,13.739999771118164
2006-09-07,617.0,67.31999969482422,85.52999877929688,4.795000076293945,13.880000114440918
2006-09-08,609.5999755859375,66.25,85.94999694824219,4.770999908447266,13.15999984741211
2006-09-11,590.0,65.61000061035156,85.91999816894531,4.798999786376953,12.989999771118164
2006-09-12,586.9000244140625,63.7599983215332,85.91999816894531,4.7729997634887695,11.920000076293945
2006-09-13,589.0999755859375,63.970001220703125,85.87000274658203,4.764999866485596,11.180000305175781
2006-09-14,579.2999877929688,63.220001220703125,85.66000366210938,4.793000221252441,11.550000190734863
2006-09-15,576.4000244140625,63.33000183105469,85.98999786376953,4.797999858856201,11.760000228881836
2006-09-18,586.2000122070312,63.79999923706055,85.80999755859375,4.809999942779541,11.779999732971191
2006-09-19,576.7999877929688,61.65999984741211,85.94000244140625,4.736999988555908,11.979999542236328
2006-09-20,580.0,60.459999084472656,85.80999755859375,4.729000091552734,11.390000343322754
2006-09-21,582.2000122070312,61.59000015258789,85.18000030517578,4.6479997634887695,12.25
2006-09-22,589.4000244140625,60.54999923706055,85.19999694824219,4.5970001220703125,12.59000015258789
2006-09-25,589.9000244140625,61.45000076293945,85.29000091552734,4.554999828338623,12.119999885559082
2006-09-26,591.2000122070312,61.0099983215332,85.62999725341797,4.585000038146973,11.529999732971191
2006-09-27,597.2999877929688,62.959999084472656,85.66000366210938,4.593999862670898,11.579999923706055
2006-09-28,605.0,62.7599983215332,85.72000122070312,4.625999927520752,11.720000267028809
2006-09-29,598.5999755859375,62.90999984741211,85.97000122070312,4.632999897003174,11.979999542236328
2006-10-02,597.7000122070312,61.029998779296875,85.58999633789062,4.618000030517578,12.569999694824219
2006-10-03,576.2999877929688,58.68000030517578,85.70999908447266,4.616000175476074,12.239999771118164
2006-10-04,562.0,59.40999984741211,85.83999633789062,4.565000057220459,11.859999656677246
2006-10-05,571.0,60.029998779296875,85.91999816894531,4.607999801635742,11.979999542236328
2006-10-06,572.4000244140625,59.7599983215332,86.44000244140625,4.696000099182129,11.5600004196167
2006-10-09,578.4000244140625,59.959999084472656,86.5199966430664,,11.680000305175781
2006-10-10,571.9000244140625,58.52000045776367,87.0199966430664,4.748000144958496,11.520000457763672
2006-10-11,572.2999877929688,57.59000015258789,87.12000274658203,4.783999919891357,11.619999885559082
2006-10-12,576.2999877929688,57.86000061035156,86.91999816894531,4.7779998779296875,11.09000015258789
2006-10-13,588.7999877929688,58.56999969482422,87.12000274658203,4.806000232696533,10.75
2006-10-16,594.7000122070312,59.939998626708984,87.0,4.788000106811523,11.09000015258789
2006-10-17,589.7000122070312,58.93000030517578,86.87000274658203,4.7779998779296875,11.729999542236328
2006-10-18,588.9000244140625,57.650001525878906,86.87999725341797,4.763999938964844,11.34000015258789
2006-10-19,599.0,58.5,86.23999786376953,4.785999774932861,10.899999618530273
2006-10-20,593.0,56.81999969482422,86.2699966430664,4.783999919891357,10.630000114440918
2006-10-23,579.7000122070312,58.810001373291016,86.70999908447266,4.826000213623047,11.079999923706055
2006-10-24,584.4000244140625,59.349998474121094,86.62999725341797,4.823999881744385,10.779999732971191
2006-10-25,587.5999755859375,61.400001525878906,86.37999725341797,4.7729997634887695,10.65999984741211
2006-10-26,596.7999877929688,60.36000061035156,85.88999938964844,4.7210001945495605,10.5600004196167
2006-10-27,598.2000122070312,60.75,85.55999755859375,4.675000190734863,10.800000190734863
2006-10-30,604.7000122070312,58.36000061035156,85.58999633789062,4.672999858856201,11.199999809265137
2006-10-31,604.0999755859375,58.72999954223633,85.31999969482422,4.605999946594238,11.100000381469727
2006-11-01,616.5999755859375,58.709999084472656,85.31999969482422,4.560999870300293,11.510000228881836
2006-11-02,625.4000244140625,57.880001068115234,85.33999633789062,4.5960001945495605,11.420000076293945
2006-11-03,626.9000244140625,59.13999938964844,85.70999908447266,4.715000152587891,11.15999984741211
2006-11-06,625.7999877929688,60.02000045776367,85.75,4.709000110626221,11.15999984741211
2006-11-07,625.7000122070312,58.93000030517578,85.43000030517578,4.658999919891357,11.09000015258789
2006-11-08,616.4000244140625,59.83000183105469,85.41000366210938,4.632999897003174,10.75
2006-11-09,635.0,61.15999984741211,85.18000030517578,4.632999897003174,11.010000228881836
2006-11-10,628.4000244140625,59.59000015258789,85.05000305175781,4.585999965667725,10.789999961853027
2006-11-13,624.2000122070312,58.58000183105469,85.36000061035156,4.605000019073486,10.859999656677246
2006-11-14,623.7999877929688,58.279998779296875,85.23999786376953,4.567999839782715,10.5
2006-11-15,622.5,58.7599983215332,85.33999633789062,4.614999771118164,10.3100004196167
2006-11-16,620.5999755859375,56.2599983215332,85.5,4.65500020980835,10.15999984741211
2006-11-17,621.5,55.810001373291016,85.37000274658203,4.60699987411499,10.050000190734863
2006-11-20,621.2000122070312,58.79999923706055,85.41999816894531,4.59499979019165,9.970000267028809
2006-11-21,628.2000122070312,60.16999816894531,85.23999786376953,4.578000068664551,9.899999618530273
2006-11-22,628.7000122070312,59.2400016784668,84.6500015258789,4.567999839782715,10.140000343322754
2006-11-23,,,84.4800033569336,,
2006-11-24,628.7000122070312,,83.70999908447266,4.547999858856201,10.729999542236328
2006-11-27,,60.31999969482422,83.51000213623047,4.538000106811523,12.300000190734863
2006-11-28,637.2000122070312,60.9900016784668,83.20999908447266,4.508999824523926,11.619999885559082
2006-11-29,635.5,62.459999084472656,83.44000244140625,4.520999908447266,10.829999923706055
2006-11-30,646.9000244140625,63.130001068115234,82.91999816894531,4.458000183105469,10.90999984741211
2006-12-01,644.7000122070312,63.43000030517578,82.4800033569336,4.425000190734863,11.65999984741211
2006-12-04,645.2000122070312,62.439998626708984,82.48999786376953,4.433000087738037,11.229999542236328
2006-12-05,642.2999877929688,62.43000030517578,82.44999694824219,4.441999912261963,11.270000457763672
2006-12-06,630.5,62.189998626708984,82.7699966430664,4.480999946594238,11.329999923706055
2006-12-07,631.9000244140625,62.4900016784668,82.80000305175781,4.482999801635742,12.670000076293945
2006-12-08,626.0999755859375,62.029998779296875,83.33000183105469,4.552000045776367,12.069999694824219
2006-12-11,630.0,61.220001220703125,83.12000274658203,4.519999980926514,10.710000038146973
2006-12-12,627.0,61.02000045776367,82.97000122070312,4.491000175476074,10.649999618530273
2006-12-13,627.9000244140625,61.369998931884766,82.97000122070312,4.577000141143799,10.180000305175781
2006-12-14,626.5999755859375,62.5099983215332,83.6500015258789,4.59499979019165,9.970000267028809
2006-12-15,615.0,63.43000030517578,84.05999755859375,4.5970001220703125,10.050000190734863
2006-12-18,614.0,62.209999084472656,83.9800033569336,4.586999893188477,10.600000381469727
2006-12-19,621.5999755859375,63.150001525878906,83.45999908447266,4.598999977111816,10.300000190734863
2006-12-20,620.5999755859375,63.720001220703125,83.5199966430664,4.59499979019165,10.260000228881836
2006-12-21,618.2000122070312,62.65999984741211,83.56999969482422,4.548999786376953,10.529999732971191
2006-12-22,619.0999755859375,62.40999984741211,83.94000244140625,4.624000072479248,11.359999656677246
2006-12-26,623.7000122070312,61.099998474121094,84.06999969482422,4.603000164031982,11.260000228881836
2006-12-27,627.2000122070312,60.34000015258789,83.94000244140625,4.6539998054504395,10.640000343322754
2006-12-28,634.0999755859375,60.529998779296875,83.81999969482422,4.690000057220459,10.989999771118164
2006-12-29,635.2000122070312,61.04999923706055,83.72000122070312,4.710000038146973,11.5600004196167
2007-01-02,635.2000122070312,61.04999923706055,83.19999694824219,,
2007-01-03,627.0999755859375,58.31999969482422,83.91999816894531,4.664000034332275,12.039999961853027
2007-01-04,623.9000244140625,55.59000015258789,84.31999969482422,4.618000030517578,11.510000228881836
2007-01-05,604.9000244140625,56.310001373291016,84.62999725341797,4.645999908447266,12.140000343322754
2007-01-08,607.5,56.09000015258789,84.5999984741211,4.659999847412109,12.0
2007-01-09,613.0999755859375,55.63999938964844,84.73999786376953,4.656000137329102,11.90999984741211
2007-01-10,611.5999755859375,54.02000045776367,85.08000183105469,4.682000160217285,11.470000267028809
2007-01-11,612.4000244140625,51.880001068115234,85.30999755859375,4.736999988555908,10.869999885559082
2007-01-12,625.5,52.9900016784668,85.02999877929688,4.770999908447266,10.149999618530273
2007-01-16,624.5999755859375,51.209999084472656,85.05000305175781,4.750999927520752,10.739999771118164
2007-01-17,632.0999755859375,52.2400016784668,84.9800033569336,4.7870001792907715,10.59000015258789
2007-01-18,627.0999755859375,50.47999954223633,84.91000366210938,4.750999927520752,10.850000381469727
2007-01-19,635.5,51.9900016784668,84.86000061035156,4.7729997634887695,10.399999618530273
2007-01-22,633.2999877929688,51.130001068115234,85.0199966430664,4.758999824523926,10.770000457763672
2007-01-23,645.2000122070312,55.040000915527344,84.66999816894531,4.803999900817871,10.34000015258789
2007-01-24,647.5999755859375,55.369998931884766,84.94000244140625,4.809999942779541,9.890000343322754
2007-01-25,647.7999877929688,54.22999954223633,85.11000061035156,4.867000102996826,11.220000267028809
2007-01-26,644.5,55.41999816894531,85.27999877929688,4.879000186920166,11.130000114440918
2007-01-29,643.0999755859375,54.0099983215332,85.0999984741211,4.892000198364258,11.449999809265137
2007-01-30,644.2000122070312,56.970001220703125,85.02999877929688,4.875,10.960000038146973
2007-01-31,652.0,58.13999938964844,84.61000061035156,4.826000213623047,10.420000076293945
2007-02-01,657.4000244140625,57.29999923706055,84.62999725341797,4.836999893188477,10.3100004196167
2007-02-02,646.2000122070312,59.02000045776367,84.95999908447266,4.827000141143799,10.079999923706055
2007-02-05,650.9000244140625,58.7400016784668,85.08000183105469,4.808000087738037,10.550000190734863
2007-02-06,653.5999755859375,58.880001068115234,84.77999877929688,4.764999866485596,10.649999618530273
2007-02-07,652.2999877929688,57.709999084472656,84.75,4.744999885559082,10.319999694824219
2007-02-08,658.0,59.709999084472656,84.69999694824219,4.730000019073486,10.4399995803833
2007-02-09,667.5,59.88999938964844,84.87000274658203,4.783999919891357,11.100000381469727
2007-02-12,662.5999755859375,57.810001373291016,85.1500015258789,4.803999900817871,11.609999656677246
2007-02-13,663.9000244140625,59.060001373291016,84.7300033569336,4.814000129699707,10.34000015258789
2007-02-14,667.4000244140625,58.0,84.19999694824219,4.730000019073486,10.229999542236328
2007-02-15,667.2999877929688,57.9900016784668,84.01000213623047,4.705999851226807,10.220000267028809
2007-02-16,668.7999877929688,59.38999938964844,84.08999633789062,4.690000057220459,10.020000457763672
2007-02-20,657.0999755859375,58.06999969482422,84.19000244140625,4.679999828338623,10.239999771118164
2007-02-21,680.2000122070312,60.06999969482422,84.20999908447266,4.691999912261963,10.199999809265137
2007-02-22,679.4000244140625,60.95000076293945,84.31999969482422,4.730000019073486,10.180000305175781
2007-02-23,683.0999755859375,61.13999938964844,84.06999969482422,4.677999973297119,10.579999923706055
2007-02-26,686.5,61.38999938964844,83.93000030517578,4.63100004196167,11.149999618530273
2007-02-27,683.9000244140625,61.459999084472656,83.4800033569336,4.513000011444092,18.309999465942383
2007-02-28,669.4000244140625,61.790000915527344,83.56999969482422,4.550000190734863,15.420000076293945
2007-03-01,662.2999877929688,62.0,83.68000030517578,4.556000232696533,15.819999694824219
2007-03-02,641.5,61.63999938964844,83.73999786376953,4.514999866485596,18.610000610351562
2007-03-05,636.7000122070312,60.06999969482422,84.1500015258789,4.51800012588501,19.6299991607666
2007-03-06,643.7999877929688,60.689998626708984,84.06999969482422,4.5279998779296875,15.960000038146973
2007-03-07,650.5999755859375,61.81999969482422,83.77999877929688,4.497000217437744,15.239999771118164
2007-03-08,653.4000244140625,61.63999938964844,84.0999984741211,4.508999824523926,14.289999961853027
2007-03-09,650.0,60.04999923706055,84.23999786376953,4.589000225067139,14.09000015258789
2007-03-12,648.4000244140625,58.90999984741211,83.86000061035156,4.552999973297119,13.989999771118164
2007-03-13,647.5999755859375,57.93000030517578,83.7300033569336,4.494999885559082,18.1299991607666
2007-03-14,640.9000244140625,58.15999984741211,83.61000061035156,4.521999835968018,17.270000457763672
2007-03-15,645.7000122070312,57.54999923706055,83.68000030517578,4.535999774932861,16.43000030517578
2007-03-16,652.5999755859375,57.11000061035156,83.2300033569336,4.545000076293945,16.790000915527344
2007-03-19,653.0999755859375,56.59000015258789,83.38999938964844,4.571000099182129,14.59000015258789
2007-03-20,657.9000244140625,56.72999954223633,83.11000061035156,4.546999931335449,13.270000457763672
2007-03-21,659.0,59.61000061035156,82.7699966430664,4.51800012588501,12.1899995803833
2007-03-22,663.4000244140625,61.689998626708984,83.08999633789062,4.589000225067139,12.930000305175781
2007-03-23,656.7000122070312,62.279998779296875,83.27999877929688,4.61299991607666,12.949999809265137
2007-03-26,663.4000244140625,62.90999984741211,83.08000183105469,4.586999893188477,13.15999984741211
2007-03-27,662.0999755859375,62.93000030517578,83.01000213623047,4.611999988555908,13.479999542236328
2007-03-28,666.5,64.08000183105469,83.02999877929688,4.619999885559082,14.979999542236328
2007-03-29,661.5,66.02999877929688,83.08999633789062,4.631999969482422,15.140000343322754
2007-03-30,663.0,65.87000274658203,82.93000030517578,4.6479997634887695,14.640000343322754
2007-04-02,665.7000122070312,65.94000244140625,82.87000274658203,4.642000198364258,14.529999732971191
2007-04-03,664.0,64.63999938964844,83.1500015258789,4.664000034332275,13.460000038146973
2007-04-04,672.0999755859375,64.37999725341797,82.95999908447266,4.6519999504089355,13.239999771118164
2007-04-05,674.2000122070312,64.27999877929688,82.68000030517578,4.673999786376953,13.229999542236328
2007-04-09,671.9000244140625,61.5099983215332,83.0999984741211,4.744999885559082,13.140000343322754
2007-04-10,676.5,61.88999938964844,82.69999694824219,4.723999977111816,12.680000305175781
2007-04-11,676.7999877929688,62.0099983215332,82.66999816894531,4.738999843597412,13.489999771118164
2007-04-12,675.0999755859375,63.849998474121094,82.37000274658203,4.736999988555908,12.710000038146973
2007-04-13,685.4000244140625,63.630001068115234,82.12999725341797,4.761000156402588,12.199999809265137
2007-04-16,690.0999755859375,63.61000061035156,82.06999969482422,4.735000133514404,11.979999542236328
2007-04-17,688.2000122070312,63.099998474121094,81.83000183105469,4.688000202178955,12.140000343322754
2007-04-18,689.0999755859375,63.130001068115234,81.73999786376953,4.6539998054504395,12.420000076293945
2007-04-19,684.2999877929688,61.83000183105469,81.63999938964844,4.670000076293945,12.539999961853027
2007-04-20,692.0,63.380001068115234,81.63999938964844,4.671999931335449,12.069999694824219
2007-04-23,690.5999755859375,65.88999938964844,81.73999786376953,4.650000095367432,13.039999961853027
2007-04-24,684.2000122070312,64.58000183105469,81.55000305175781,4.622000217437744,13.119999885559082
2007-04-25,684.0999755859375,65.83999633789062,81.43000030517578,4.645999908447266,13.210000038146973
2007-04-26,674.9000244140625,65.05999755859375,81.75,4.684000015258789,12.789999961853027
2007-04-27,678.7000122070312,66.45999908447266,81.52999877929688,4.697999954223633,12.449999809265137
2007-04-30,680.5,65.70999908447266,81.44999694824219,4.630000114440918,14.220000267028809
2007-05-01,674.4000244140625,64.4000015258789,81.5999984741211,4.642000198364258,13.510000228881836
2007-05-02,672.2999877929688,63.68000030517578,81.73999786376953,4.645999908447266,13.079999923706055
2007-05-03,681.7999877929688,63.189998626708984,81.94999694824219,4.673999786376953,13.09000015258789
2007-05-04,687.2000122070312,61.93000030517578,81.73999786376953,4.639999866485596,12.90999984741211
2007-05-07,688.0,61.470001220703125,81.68000030517578,4.636000156402588,13.149999618530273
2007-05-08,685.0999755859375,62.2599983215332,81.94000244140625,4.633999824523926,13.210000038146973
2007-05-09,680.2999877929688,61.54999923706055,82.0199966430664,4.668000221252441,12.880000114440918
2007-05-10,665.0999755859375,61.810001373291016,82.29000091552734,4.6479997634887695,13.600000381469727
2007-05-11,670.5999755859375,62.369998931884766,82.12000274658203,4.670000076293945,12.949999809265137
2007-05-14,668.5,62.459999084472656,82.06999969482422,4.690000057220459,13.960000038146973
2007-05-15,673.0,63.16999816894531,81.75,4.711999893188477,14.010000228881836
2007-05-16,660.2000122070312,62.54999923706055,82.16000366210938,4.708000183105469,13.5
2007-05-17,656.2000122070312,64.86000061035156,82.31999969482422,4.75600004196167,13.510000228881836
2007-05-18,661.0,64.94000244140625,82.19999694824219,4.803999900817871,12.760000228881836
2007-05-21,662.9000244140625,66.2699966430664,82.36000061035156,4.788000106811523,13.300000190734863
2007-05-22,659.0999755859375,64.97000122070312,82.38999938964844,4.830999851226807,13.0600004196167
2007-05-23,661.9000244140625,65.7699966430664,82.30999755859375,4.859000205993652,13.239999771118164
2007-05-24,653.0,64.18000030517578,82.41000366210938,4.85699987411499,14.079999923706055
2007-05-25,655.0999755859375,65.19999694824219,82.33000183105469,4.861000061035156,13.34000015258789
2007-05-29,657.0999755859375,63.150001525878906,82.30999755859375,4.881999969482422,13.529999732971191
2007-05-30,653.0999755859375,63.4900016784668,82.43000030517578,4.877999782562256,12.829999923706055
2007-05-31,661.0,64.01000213623047,82.30000305175781,4.889999866485596,13.050000190734863
2007-06-01,671.2000122070312,65.08000183105469,82.31999969482422,4.955999851226807,12.779999732971191
2007-06-04,670.7000122070312,66.20999908447266,82.05999755859375,4.928999900817871,13.289999961853027
2007-06-05,669.5999755859375,65.61000061035156,81.88999938964844,4.97599983215332,13.630000114440918
2007-06-06,669.2999877929688,65.95999908447266,81.9000015258789,4.96999979019165,14.869999885559082
2007-06-07,660.0999755859375,66.93000030517578,82.29000091552734,5.098999977111816,17.059999465942383
2007-06-08,645.5,64.76000213623047,82.69000244140625,5.118000030517578,14.84000015258789
2007-06-11,654.2999877929688,65.97000122070312,82.70999908447266,5.13700008392334,14.710000038146973
2007-06-12,648.5,65.3499984741211,82.88999938964844,5.248000144958496,16.670000076293945
2007-06-13,648.2000122070312,66.26000213623047,83.04000091552734,5.199999809265137,14.729999542236328
2007-06-14,651.5999755859375,67.6500015258789,83.12999725341797,5.2170000076293945,13.640000343322754
2007-06-15,654.5,68.0,82.8499984741211,5.171000003814697,13.9399995803833
2007-06-18,655.7999877929688,69.08999633789062,82.70999908447266,5.142000198364258,13.420000076293945
2007-06-19,660.7000122070312,69.0999984741211,82.54000091552734,5.085999965667725,12.850000381469727
2007-06-20,656.0999755859375,68.19000244140625,82.5199966430664,5.123000144958496,14.670000076293945
2007-06-21,650.5999755859375,68.6500015258789,82.7300033569336,5.163000106811523,14.210000038146973
2007-06-22,653.5,69.13999938964844,82.33999633789062,5.138000011444092,15.75
2007-06-25,651.2999877929688,69.18000030517578,82.31999969482422,5.078000068664551,16.649999618530273
2007-06-26,642.0999755859375,67.7699966430664,82.29000091552734,5.10099983215332,18.889999389648438
2007-06-27,641.7000122070312,68.97000122070312,82.31999969482422,5.070000171661377,15.529999732971191
2007-06-28,647.5,69.56999969482422,82.33000183105469,5.118000030517578,15.539999961853027
2007-06-29,648.0999755859375,70.68000030517578,81.91999816894531,5.0329999923706055,16.229999542236328
2007-07-02,656.5,71.08999633789062,81.38999938964844,4.998000144958496,15.399999618530273
2007-07-03,652.9000244140625,71.41000366210938,81.43000030517578,5.050000190734863,14.920000076293945
2007-07-05,648.4000244140625,71.80999755859375,81.54000091552734,5.144000053405762,15.479999542236328
2007-07-06,652.7000122070312,72.80999755859375,81.45999908447266,5.195000171661377,14.720000267028809
2007-07-09,660.5,72.19000244140625,81.43000030517578,5.158999919891357,15.15999984741211
2007-07-10,662.5,72.80999755859375,80.86000061035156,5.038000106811523,17.56999969482422
2007-07-11,660.2999877929688,72.55999755859375,80.7300033569336,5.079999923706055,16.639999389648438
2007-07-12,666.7000122070312,72.5,80.63999938964844,5.116000175476074,15.539999961853027
2007-07-13,665.7999877929688,73.93000030517578,80.58000183105469,5.10699987411499,15.149999618530273
2007-07-16,665.0,74.1500015258789,80.5199966430664,5.040999889373779,15.59000015258789
2007-07-17,664.7000122070312,74.0199966430664,80.54000091552734,5.078000068664551,15.630000114440918
2007-07-18,672.5999755859375,75.05000305175781,80.41999816894531,5.010000228881836,16.0
2007-07-19,677.2000122070312,75.91999816894531,80.41999816894531,5.0279998779296875,15.229999542236328
2007-07-20,683.9000244140625,75.56999969482422,80.29000091552734,4.955999851226807,16.950000762939453
2007-07-23,680.7999877929688,74.88999938964844,80.3499984741211,4.964000225067139,16.809999465942383
2007-07-24,684.2000122070312,73.55999755859375,80.08000183105469,4.943999767303467,18.549999237060547
2007-07-25,673.2999877929688,75.87999725341797,80.6500015258789,4.9039998054504395,18.100000381469727
2007-07-26,662.5,74.94999694824219,80.44999694824219,4.7769999504089355,20.739999771118164
2007-07-27,660.0,77.0199966430664,80.94999694824219,4.788000106811523,24.170000076293945
2007-07-30,664.0999755859375,76.83000183105469,80.8499984741211,4.803999900817871,20.8700008392334
2007-07-31,666.9000244140625,78.20999908447266,80.7699966430664,4.770999908447266,23.520000457763672
2007-08-01,663.5999755859375,76.52999877929688,80.87000274658203,4.758999824523926,23.670000076293945
2007-08-02,664.5999755859375,76.86000061035156,80.70999908447266,4.752999782562256,21.219999313354492
2007-08-03,672.5,75.4800033569336,80.18000030517578,4.699999809265137,25.15999984741211
2007-08-06,671.5,72.05999755859375,80.25,4.730999946594238,22.940000534057617
2007-08-07,670.5999755859375,72.41999816894531,80.4800033569336,4.743000030517578,21.559999465942383
2007-08-08,674.5,72.1500015258789,80.33999633789062,4.860000133514404,21.450000762939453
2007-08-09,661.4000244140625,71.58999633789062,80.73999786376953,4.789999961853027,26.479999542236328
2007-08-10,670.2999877929688,71.47000122070312,80.68000030517578,4.776000022888184,28.299999237060547
2007-08-13,669.7000122070312,71.62000274658203,81.05000305175781,4.7779998779296875,26.56999969482422
2007-08-14,668.5999755859375,72.37999725341797,81.48999786376953,4.73199987411499,27.68000030517578
2007-08-15,668.9000244140625,73.33000183105469,81.81999969482422,4.705999851226807,30.670000076293945
2007-08-16,648.2999877929688,71.0,81.7300033569336,4.599999904632568,30.829999923706055
2007-08-17,656.9000244140625,71.9800033569336,81.43000030517578,4.672999858856201,29.989999771118164
2007-08-20,656.7000122070312,71.12000274658203,81.4000015258789,4.633999824523926,26.329999923706055
2007-08-21,656.7000122070312,69.47000122070312,81.48999786376953,4.590000152587891,25.25
2007-08-22,659.0999755859375,69.26000213623047,81.25,4.619999885559082,22.889999389648438
2007-08-23,658.9000244140625,69.83000183105469,81.13999938964844,4.618000030517578,22.6200008392334
2007-08-24,668.0,71.08999633789062,80.66999816894531,4.632999897003174,20.719999313354492
2007-08-27,666.7999877929688,71.97000122070312,80.73999786376953,4.5960001945495605,22.719999313354492
2007-08-28,664.4000244140625,71.7300033569336,80.76000213623047,4.53000020980835,26.299999237060547
2007-08-29,666.2999877929688,73.51000213623047,80.69999694824219,4.552999973297119,23.809999465942383
2007-08-30,665.0,73.36000061035156,80.79000091552734,4.501999855041504,25.059999465942383
2007-08-31,673.0,74.04000091552734,80.79000091552734,4.5370001792907715,23.3799991607666
2007-09-04,682.5,75.08000183105469,80.87999725341797,4.558000087738037,22.780000686645508
2007-09-05,681.7000122070312,75.7300033569336,80.62000274658203,4.4730000495910645,24.579999923706055
2007-09-06,695.5999755859375,76.30000305175781,80.47000122070312,4.5,23.989999771118164
2007-09-07,700.7999877929688,76.69999694824219,79.95999908447266,4.368000030517578,26.229999542236328
2007-09-10,703.2999877929688,77.48999786376953,79.81999969482422,4.323999881744385,27.3799991607666
2007-09-11,712.2000122070312,78.2300033569336,79.69999694824219,4.363999843597412,25.270000457763672
2007-09-12,711.9000244140625,79.91000366210938,79.36000061035156,4.4079999923706055,24.959999084472656
2007-09-13,709.5,80.08999633789062,79.51000213623047,4.48199987411499,24.760000228881836
2007-09-14,709.5999755859375,79.0999984741211,79.62000274658203,4.461999893188477,24.920000076293945
2007-09-17,715.7999877929688,80.56999969482422,79.72000122070312,4.46999979019165,26.479999542236328
2007-09-18,715.7999877929688,81.51000213623047,79.20999908447266,4.480000019073486,20.350000381469727
2007-09-19,722.0,81.93000030517578,79.30000305175781,4.52400016784668,20.030000686645508
2007-09-20,732.4000244140625,83.31999969482422,78.58000183105469,4.671999931335449,20.450000762939453
2007-09-21,731.4000244140625,81.62000274658203,78.5999984741211,4.631999969482422,19.0
2007-09-24,732.0999755859375,80.94999694824219,78.52999877929688,4.624000072479248,19.3700008392334
2007-09-25,731.5999755859375,79.52999877929688,78.30999755859375,4.613999843597412,18.600000381469727
2007-09-26,728.2999877929688,80.30000305175781,78.48999786376953,4.619999885559082,17.6299991607666
2007-09-27,732.7000122070312,82.87999725341797,78.33999633789062,4.572999954223633,17.0
2007-09-28,742.7999877929688,81.66000366210938,77.72000122070312,4.578999996185303,18.0
2007-10-01,747.2000122070312,80.23999786376953,77.9000015258789,4.557000160217285,17.84000015258789
2007-10-02,729.7999877929688,80.05000305175781,78.30000305175781,4.5289998054504395,18.489999771118164
2007-10-03,729.2999877929688,79.94000244140625,78.56999969482422,4.543000221252441,18.799999237060547
2007-10-04,737.7999877929688,81.44000244140625,78.4800033569336,4.5229997634887695,18.440000534057617
2007-10-05,741.2999877929688,81.22000122070312,78.30999755859375,4.639999866485596,16.90999984741211
2007-10-08,732.7999877929688,79.0199966430664,78.66999816894531,4.638000011444092,17.459999084472656
2007-10-09,737.4000244140625,80.26000213623047,78.52999877929688,4.651000022888184,16.1200008392334
2007-10-10,740.4000244140625,81.30000305175781,78.37999725341797,4.646999835968018,16.670000076293945
2007-10-11,751.2999877929688,83.08000183105469,78.08000183105469,4.658999919891357,18.8799991607666
2007-10-12,748.7000122070312,83.69000244140625,78.22000122070312,4.686999797821045,17.729999542236328
2007-10-15,757.0999755859375,86.12999725341797,78.08999633789062,4.672999858856201,19.25
2007-10-16,757.0,87.61000061035156,78.25,4.65500020980835,20.020000457763672
2007-10-17,757.5,87.4000015258789,78.12000274658203,4.546000003814697,18.540000915527344
2007-10-18,764.0999755859375,89.47000122070312,77.58999633789062,4.502999782562256,18.5
2007-10-19,764.0,88.5999984741211,77.41000366210938,4.401000022888184,22.959999084472656
2007-10-22,755.7999877929688,87.55999755859375,78.05999755859375,4.39300012588501,21.639999389648438
2007-10-23,759.0,85.2699966430664,77.58999633789062,4.40500020980835,20.40999984741211
2007-10-24,761.5999755859375,87.0999984741211,77.55000305175781,4.330999851226807,20.799999237060547
2007-10-25,767.2999877929688,90.45999908447266,77.27999877929688,4.3520002365112305,21.170000076293945
2007-10-26,783.9000244140625,91.86000061035156,77.02999877929688,4.388999938964844,19.559999465942383
2007-10-29,789.0999755859375,93.52999877929688,76.83999633789062,4.382999897003174,19.8700008392334
2007-10-30,784.2999877929688,90.37999725341797,76.7699966430664,4.382999897003174,21.06999969482422
2007-10-31,792.0,94.52999877929688,76.4800033569336,4.474999904632568,18.530000686645508
2007-11-01,790.7000122070312,93.48999786376953,76.58999633789062,4.361000061035156,23.209999084472656
2007-11-02,805.7000122070312,95.93000030517578,76.33999633789062,4.290999889373779,23.010000228881836
2007-11-05,808.0999755859375,93.9800033569336,76.43000030517578,4.317999839782715,24.309999465942383
2007-11-06,820.7999877929688,96.69999694824219,76.04000091552734,4.35699987411499,21.389999389648438
2007-11-07,831.0,96.37000274658203,75.41000366210938,4.334000110626221,26.489999771118164
2007-11-08,835.2000122070312,95.45999908447266,75.45999908447266,4.2729997634887695,26.15999984741211
2007-11-09,832.5,96.31999969482422,75.4000015258789,4.224999904632568,28.5
2007-11-12,805.7999877929688,94.62000274658203,75.9000015258789,4.210999965667725,31.09000015258789
2007-11-13,797.2000122070312,91.16999816894531,75.87999725341797,4.25600004196167,24.100000381469727
2007-11-14,813.0,94.08999633789062,75.80999755859375,4.269000053405762,25.940000534057617
2007-11-15,785.9000244140625,93.43000030517578,76.06999969482422,4.158999919891357,28.059999465942383
2007-11-16,785.7000122070312,95.0999984741211,75.83000183105469,4.150000095367432,25.489999771118164
2007-11-19,776.7999877929688,94.63999938964844,75.77999877929688,4.078999996185303,26.010000228881836
2007-11-20,790.2999877929688,98.02999877929688,75.20999908447266,4.053999900817871,24.8799991607666
2007-11-21,797.5999755859375,97.29000091552734,75.06999969482422,4.02400016784668,26.84000015258789
2007-11-23,824.0,98.18000030517578,75.05000305175781,4.01200008392334,25.610000610351562
2007-11-26,826.0,97.69999694824219,74.86000061035156,3.8469998836517334,28.90999984741211
2007-11-27,813.7000122070312,94.41999816894531,75.0999984741211,3.944000005722046,26.280000686645508
2007-11-28,800.0999755859375,90.62000274658203,75.08000183105469,4.025000095367432,24.110000610351562
2007-11-29,795.2999877929688,91.01000213623047,75.58999633789062,3.940000057220459,23.969999313354492
2007-11-30,782.2000122070312,88.70999908447266,76.1500015258789,3.9719998836517334,22.8700008392334
2007-12-03,788.2999877929688,89.30999755859375,75.93000030517578,3.8949999809265137,23.610000610351562
2007-12-04,801.2999877929688,88.31999969482422,75.69000244140625,3.8889999389648438,23.790000915527344
2007-12-05,797.5,87.48999786376953,76.41000366210938,3.9110000133514404,22.530000686645508
2007-12-06,801.2000122070312,90.2300033569336,76.37999725341797,3.997999906539917,20.959999084472656
2007-12-07,794.4000244140625,88.27999877929688,76.29000091552734,4.119999885559082,20.850000381469727
2007-12-10,807.7000122070312,87.86000061035156,76.05999755859375,4.14900016784668,20.739999771118164
2007-12-11,811.4000244140625,90.0199966430664,76.22000122070312,3.990000009536743,23.59000015258789
2007-12-12,813.5,94.38999938964844,76.13999938964844,4.076000213623047,22.469999313354492
2007-12-13,799.0,92.25,76.55999755859375,4.170000076293945,22.559999465942383
2007-12-14,793.2999877929688,91.2699966430664,77.44000244140625,4.23199987411499,23.270000457763672
2007-12-17,794.7999877929688,90.62999725341797,77.4000015258789,4.192999839782715,24.520000457763672
2007-12-18,803.0,90.48999786376953,77.41000366210938,4.119999885559082,22.639999389648438
2007-12-19,801.0999755859375,91.23999786376953,77.58999633789062,4.070000171661377,21.68000030517578
2007-12-20,799.2000122070312,91.05999755859375,77.79000091552734,4.026000022888184,20.579999923706055
2007-12-21,811.5999755859375,93.30999755859375,77.72000122070312,4.168000221252441,18.469999313354492
2007-12-24,812.7999877929688,94.12999725341797,77.56999969482422,4.211999893188477,18.600000381469727
2007-12-26,826.0,95.97000122070312,77.1500015258789,4.281000137329102,18.65999984741211
2007-12-27,828.5999755859375,96.62000274658203,76.61000061035156,4.198999881744385,20.260000228881836
2007-12-28,839.5999755859375,96.0,76.22000122070312,4.0960001945495605,20.739999771118164
2007-12-31,834.9000244140625,95.9800033569336,76.69999694824219,4.034999847412109,22.5
2008-01-02,857.0,99.62000274658203,75.97000122070312,3.9010000228881836,23.170000076293945
2008-01-03,866.4000244140625,99.18000030517578,75.88999938964844,3.9010000228881836,22.489999771118164
2008-01-04,863.0999755859375,97.91000366210938,75.79000091552734,3.8540000915527344,23.940000534057617
2008-01-07,859.5999755859375,95.08999633789062,76.16999816894531,3.8389999866485596,23.790000915527344
2008-01-08,878.0,96.33000183105469,76.11000061035156,3.8399999141693115,25.43000030517578
2008-01-09,879.5,95.66999816894531,76.41999816894531,3.7909998893737793,24.1200008392334
2008-01-10,891.7000122070312,93.70999908447266,75.93000030517578,3.88700008392334,23.450000762939453
2008-01-11,896.0999755859375,92.69000244140625,75.9800033569336,3.809999942779541,23.68000030517578
2008-01-14,901.5999755859375,94.19999694824219,75.61000061035156,3.7929999828338623,22.899999618530273
2008-01-15,901.0,91.9000015258789,75.56999969482422,3.7009999752044678,23.34000015258789
2008-01-16,880.5999755859375,90.83999633789062,76.26000213623047,3.7119998931884766,24.3799991607666
2008-01-17,879.5,90.12999725341797,76.16999816894531,3.640000104904175,28.459999084472656
2008-01-18,880.7999877929688,90.56999969482422,76.37999725341797,3.6480000019073486,27.18000030517578
2008-01-22,889.5999755859375,89.8499984741211,76.3499984741211,3.4839999675750732,31.010000228881836
2008-01-23,882.5,86.98999786376953,76.4000015258789,3.4260001182556152,29.020000457763672
2008-01-24,905.5,89.41000366210938,75.69000244140625,3.640000104904175,27.780000686645508
2008-01-25,910.5,90.70999908447266,75.97000122070312,3.5840001106262207,29.079999923706055
2008-01-28,927.0999755859375,90.98999786376953,75.58000183105469,3.5859999656677246,27.780000686645508
2008-01-29,925.0999755859375,91.63999938964844,75.54000091552734,3.6579999923706055,27.31999969482422
2008-01-30,920.5999755859375,92.33000183105469,75.02999877929688,3.7330000400543213,27.6200008392334
2008-01-31,922.7000122070312,91.75,75.18000030517578,3.6389999389648438,26.200000762939453
2008-02-01,908.7000122070312,88.95999908447266,75.44999694824219,3.5999999046325684,24.020000457763672
2008-02-04,904.9000244140625,90.0199966430664,75.37000274658203,3.6429998874664307,25.989999771118164
2008-02-05,885.9000244140625,88.41000366210938,76.12000274658203,3.5869998931884766,28.239999771118164
2008-02-06,900.7000122070312,87.13999938964844,76.13999938964844,3.614000082015991,28.969999313354492
2008-02-07,906.0999755859375,88.11000061035156,76.94000244140625,3.7360000610351562,27.65999984741211
2008-02-08,918.4000244140625,91.7699966430664,76.66999816894531,3.6540000438690186,28.010000228881836
2008-02-11,922.9000244140625,93.58999633789062,76.58000183105469,3.618000030517578,27.600000381469727
2008-02-12,907.4000244140625,92.77999877929688,76.31999969482422,3.678999900817871,26.329999923706055
2008-02-13,906.5,93.2699966430664,76.4000015258789,3.694000005722046,24.8799991607666
2008-02-14,907.4000244140625,95.45999908447266,76.1500015258789,3.818000078201294,25.540000915527344
2008-02-15,902.7999877929688,95.5,76.0999984741211,3.7799999713897705,25.020000457763672
2008-02-19,926.5999755859375,100.01000213623047,76.0,3.875,25.59000015258789
2008-02-20,934.5999755859375,100.73999786376953,76.12000274658203,3.9170000553131104,24.399999618530273
2008-02-21,946.0999755859375,98.2300033569336,75.5999984741211,3.7839999198913574,25.1200008392334
2008-02-22,944.7000122070312,98.80999755859375,75.5199966430664,3.7899999618530273,24.059999465942383
2008-02-25,937.5999755859375,99.2300033569336,75.52999877929688,3.9019999504089355,23.030000686645508
2008-02-26,946.0999755859375,100.87999725341797,74.76000213623047,3.859999895095825,21.899999618530273
2008-02-27,958.2000122070312,99.63999938964844,74.20999908447266,3.8499999046325684,22.690000534057617
2008-02-28,964.5,102.58999633789062,73.72000122070312,3.7149999141693115,23.530000686645508
2008-02-29,972.0999755859375,101.83999633789062,73.70999908447266,3.5339999198913574,26.540000915527344
2008-03-03,981.5,102.44999694824219,73.69999694824219,3.5339999198913574,26.280000686645508
2008-03-04,963.9000244140625,99.5199966430664,73.66000366210938,3.5789999961853027,25.520000457763672
2008-03-05,986.2000122070312,104.5199966430664,73.4800033569336,3.693000078201294,24.600000381469727
2008-03-06,975.0,105.47000122070312,73.0,3.621999979019165,27.549999237060547
2008-03-07,972.2000122070312,105.1500015258789,73.02999877929688,3.5409998893737793,27.489999771118164
2008-03-10,969.9000244140625,107.9000015258789,72.98999786376953,3.437999963760376,29.3799991607666
2008-03-11,974.2000122070312,108.75,73.27999877929688,3.5959999561309814,26.360000610351562
2008-03-12,978.7999877929688,109.91999816894531,72.4000015258789,3.4830000400543213,27.219999313354492
2008-03-13,992.2999877929688,110.33000183105469,72.06999969482422,3.5339999198913574,27.290000915527344
2008-03-14,998.2000122070312,110.20999908447266,71.66000366210938,3.4210000038146973,31.15999984741211
2008-03-17,1001.4000244140625,105.68000030517578,71.45999908447266,3.313999891281128,32.2400016784668
2008-03-18,1003.2000122070312,109.41999816894531,71.56999969482422,3.4509999752044678,25.790000915527344
2008-03-19,944.7000122070312,104.4800033569336,72.13999938964844,3.361999988555908,29.84000015258789
2008-03-20,919.5999755859375,101.83999633789062,72.75,3.328000068664551,26.6200008392334
2008-03-24,918.2999877929688,100.86000061035156,72.94999694824219,3.5220000743865967,25.729999542236328
2008-03-25,934.5999755859375,101.22000122070312,72.27999877929688,3.492000102996826,25.719999313354492
2008-03-26,949.0,105.9000015258789,71.51000213623047,3.49399995803833,26.079999923706055
2008-03-27,948.7999877929688,107.58000183105469,71.66000366210938,3.5339999198913574,25.8799991607666
2008-03-28,930.5999755859375,105.62000274658203,71.68000030517578,3.4660000801086426,25.709999084472656
2008-03-31,916.2000122070312,101.58000183105469,71.80000305175781,3.431999921798706,25.610000610351562
2008-04-01,882.9000244140625,100.9800033569336,72.55999755859375,3.5450000762939453,22.68000030517578
2008-04-02,895.2000122070312,104.83000183105469,72.26000213623047,3.5829999446868896,23.43000030517578
2008-04-03,905.0,103.83000183105469,72.22000122070312,3.5910000801086426,23.209999084472656
2008-04-04,909.0,106.2300033569336,72.0199966430664,3.4809999465942383,22.450000762939453
2008-04-07,922.7000122070312,109.08999633789062,72.19999694824219,3.555999994277954,22.420000076293945
2008-04-08,914.0,108.5,72.2300033569336,3.558000087738037,22.360000610351562
2008-04-09,933.5999755859375,110.87000274658203,71.83000183105469,3.4660000801086426,22.809999465942383
2008-04-10,928.2999877929688,110.11000061035156,72.12000274658203,3.5320000648498535,21.979999542236328
2008-04-11,923.5999755859375,110.13999938964844,71.80999755859375,3.4709999561309814,23.459999084472656
2008-04-14,925.4000244140625,111.76000213623047,71.87999725341797,3.503000020980835,23.81999969482422
2008-04-15,928.7000122070312,113.79000091552734,72.0199966430664,3.569999933242798,22.780000686645508
2008-04-16,945.0999755859375,114.93000030517578,71.41000366210938,3.696000099182129,20.530000686645508
2008-04-17,939.7999877929688,114.86000061035156,71.68000030517578,3.7290000915527344,20.3700008392334
2008-04-18,912.2000122070312,116.69000244140625,72.01000213623047,3.743000030517578,20.1299991607666
2008-04-21,914.7000122070312,117.4800033569336,71.6500015258789,3.7119998931884766,20.5
2008-04-22,922.2999877929688,119.37000274658203,71.33000183105469,3.7200000286102295,20.8700008392334
2008-04-23,906.2000122070312,118.30000305175781,71.81999969482422,3.7300000190734863,20.260000228881836
2008-04-24,886.7999877929688,116.05999755859375,72.54000091552734,3.8269999027252197,20.059999465942383
2008-04-25,887.2000122070312,118.5199966430664,72.79000091552734,3.865999937057495,19.59000015258789
2008-04-28,892.9000244140625,118.75,72.79000091552734,3.8350000381469727,19.639999389648438
2008-04-29,874.2000122070312,115.62999725341797,72.88999938964844,3.825000047683716,20.239999771118164
2008-04-30,862.7999877929688,113.45999908447266,72.51000213623047,3.759000062942505,20.790000915527344
2008-05-01,848.9000244140625,112.5199966430664,73.27999877929688,3.749000072479248,18.8799991607666
2008-05-02,856.0999755859375,116.31999969482422,73.5,3.8450000286102295,18.18000030517578
2008-05-05,872.2999877929688,119.97000122070312,73.19000244140625,3.8450000286102295,18.899999618530273
2008-05-06,876.0,121.83999633789062,73.0,3.8929998874664307,18.209999084472656
2008-05-07,869.5999755859375,123.52999877929688,73.51000213623047,3.867000102996826,19.729999542236328
2008-05-08,880.5999755859375,123.69000244140625,73.4800033569336,3.805000066757202,19.399999618530273
2008-05-09,884.5,125.95999908447266,73.05000305175781,3.7669999599456787,19.40999984741211
2008-05-12,883.7000122070312,124.2300033569336,72.94999694824219,3.7750000953674316,17.790000915527344
2008-05-13,868.5,125.80000305175781,73.2699966430664,3.9089999198913574,17.979999542236328
2008-05-14,865.4000244140625,124.22000122070312,73.4000015258789,3.937999963760376,17.65999984741211
2008-05-15,879.0,124.12000274658203,73.3499984741211,3.8429999351501465,16.299999237060547
2008-05-16,899.0,126.29000091552734,72.83999633789062,3.8499999046325684,16.469999313354492
2008-05-19,905.0,127.05000305175781,73.04000091552734,3.8389999866485596,17.010000228881836
2008-05-20,919.5,129.07000732421875,72.4000015258789,3.7760000228881836,17.579999923706055
2008-05-21,928.0,133.1699981689453,71.94000244140625,3.822000026702881,18.59000015258789
2008-05-22,917.9000244140625,130.80999755859375,72.27999877929688,3.9210000038146973,18.049999237060547
2008-05-23,925.5999755859375,132.19000244140625,71.88999938964844,3.8310000896453857,19.549999237060547
2008-05-27,907.7000122070312,128.85000610351562,72.33999633789062,3.9210000038146973,19.639999389648438
2008-05-28,900.5,131.02999877929688,72.55000305175781,4.008999824523926,19.06999969482422
2008-05-29,877.2000122070312,126.62000274658203,73.0199966430664,4.078999996185303,18.139999389648438
2008-05-30,887.2999877929688,127.3499984741211,72.87999725341797,4.046000003814697,17.829999923706055
2008-06-02,892.9000244140625,127.76000213623047,72.93000030517578,3.9709999561309814,19.829999923706055
2008-06-03,881.5999755859375,124.30999755859375,73.23999786376953,3.8980000019073486,20.239999771118164
2008-06-04,879.9000244140625,122.30000305175781,73.41999816894531,3.940000057220459,20.799999237060547
2008-06-05,871.7999877929688,127.79000091552734,73.04000091552734,4.025000095367432,18.6299991607666
2008-06-06,895.4000244140625,138.5399932861328,72.38999938964844,3.937999963760376,23.559999465942383
2008-06-09,894.7000122070312,134.35000610351562,72.8499984741211,3.992000102996826,23.1200008392334
2008-06-10,867.9000244140625,131.30999755859375,73.69999694824219,4.098999977111816,23.18000030517578
2008-06-11,879.7000122070312,136.3800048828125,73.20999908447266,4.072999954223633,24.1200008392334
2008-06-12,869.2000122070312,136.74000549316406,73.86000061035156,4.204999923706055,23.329999923706055
2008-06-13,870.2999877929688,134.86000061035156,74.1500015258789,4.261000156402588,21.219999313354492
2008-06-16,883.5999755859375,134.61000061035156,73.61000061035156,4.244999885559082,20.950000762939453
2008-06-17,884.2999877929688,134.00999450683594,73.51000213623047,4.224999904632568,21.1299991607666
2008-06-18,890.9000244140625,136.67999267578125,73.44000244140625,4.1539998054504395,22.239999771118164
2008-06-19,901.7000122070312,131.92999267578125,73.4800033569336,4.198999881744385,21.579999923706055
2008-06-20,901.2999877929688,134.6199951171875,73.02999877929688,4.13700008392334,22.8700008392334
2008-06-23,884.7999877929688,136.74000549316406,73.43000030517578,4.168000221252441,22.639999389648438
2008-06-24,889.2000122070312,137.0,73.23999786376953,4.105000019073486,22.420000076293945
2008-06-25,880.0,134.5500030517578,72.93000030517578,4.114999771118164,21.139999389648438
2008-06-26,913.0999755859375,139.63999938964844,72.48999786376953,4.0329999923706055,23.93000030517578
2008-06-27,929.2999877929688,140.2100067138672,72.36000061035156,3.990000009536743,23.440000534057617
2008-06-30,926.2000122070312,140.0,72.45999908447266,3.9790000915527344,23.950000762939453
2008-07-01,942.5,140.97000122070312,72.37000274658203,3.992000102996826,23.649999618530273
2008-07-02,944.7999877929688,143.57000732421875,72.02999877929688,3.9590001106262207,25.920000076293945
2008-07-03,931.9000244140625,145.2899932861328,72.73999786376953,3.9730000495910645,24.780000686645508
2008-07-07,927.2999877929688,141.3699951171875,72.66999816894531,3.930000066757202,25.780000686645508
2008-07-08,921.9000244140625,136.0399932861328,73.01000213623047,3.880000114440918,23.149999618530273
2008-07-09,927.2999877929688,136.0500030517578,72.58000183105469,3.8340001106262207,25.229999542236328
2008-07-10,940.9000244140625,141.64999389648438,72.48999786376953,3.811000108718872,25.59000015258789
2008-07-11,959.5,145.0800018310547,72.0999984741211,3.940000057220459,27.489999771118164
2008-07-14,972.7000122070312,145.17999267578125,71.91999816894531,3.880000114440918,28.479999542236328
2008-07-15,977.7000122070312,138.74000549316406,71.87000274658203,3.8440001010894775,28.540000915527344
2008-07-16,961.7999877929688,134.60000610351562,72.05999755859375,3.934000015258789,25.100000381469727
2008-07-17,970.0,129.2899932861328,72.23999786376953,4.038000106811523,25.010000228881836
2008-07-18,957.2999877929688,128.8800048828125,72.19000244140625,4.080999851226807,24.049999237060547
2008-07-21,963.0999755859375,131.0399932861328,71.98999786376953,4.066999912261963,23.049999237060547
2008-07-22,948.0,127.94999694824219,72.44999694824219,4.0970001220703125,21.18000030517578
2008-07-23,922.4000244140625,124.44000244140625,72.80999755859375,4.1479997634887695,21.309999465942383
2008-07-24,922.0,125.48999786376953,72.93000030517578,4.015999794006348,23.440000534057617
2008-07-25,926.5999755859375,123.26000213623047,72.86000061035156,4.111000061035156,22.90999984741211
2008-07-28,927.5999755859375,124.7300033569336,72.6500015258789,4.01800012588501,24.229999542236328
2008-07-29,916.4000244140625,122.19000244140625,73.30999755859375,4.044000148773193,22.030000686645508
2008-07-30,902.9000244140625,126.7699966430664,73.31999969482422,4.047999858856201,21.209999084472656
2008-07-31,913.9000244140625,124.08000183105469,73.2300033569336,3.9790000915527344,22.940000534057617
2008-08-01,909.0,125.0999984741211,73.41999816894531,3.947999954223633,22.56999969482422
2008-08-04,900.0999755859375,121.41000366210938,73.45999908447266,3.9719998836517334,23.489999771118164
2008-08-05,878.5999755859375,119.16999816894531,73.87999725341797,4.006999969482422,21.139999389648438
2008-08-06,875.5999755859375,118.58000183105469,74.23999786376953,4.047999858856201,20.229999542236328
2008-08-07,870.7000122070312,120.0199966430664,74.55000305175781,3.934999942779541,21.149999618530273
2008-08-08,857.7999877929688,115.19999694824219,75.8499984741211,3.950000047683716,20.65999984741211
2008-08-11,821.5,114.44999694824219,76.12999725341797,4.001999855041504,20.1200008392334
2008-08-12,808.2000122070312,113.01000213623047,76.1500015258789,3.9179999828338623,21.170000076293945
2008-08-13,825.0,116.0,76.20999908447266,3.947000026702881,21.549999237060547
2008-08-14,808.2000122070312,115.01000213623047,76.66999816894531,3.8919999599456787,20.34000015258789
2008-08-15,786.0,113.7699966430664,77.18000030517578,3.8519999980926514,19.579999923706055
2008-08-18,799.7000122070312,112.87000274658203,77.12000274658203,3.815999984741211,20.979999542236328
2008-08-19,811.0999755859375,114.52999877929688,76.83999633789062,3.8420000076293945,21.280000686645508
2008-08-20,810.2999877929688,114.9800033569336,76.95999908447266,3.7990000247955322,20.420000076293945
2008-08-21,833.0,121.18000030517578,76.19999694824219,3.8380000591278076,19.81999969482422
2008-08-22,827.4000244140625,114.58999633789062,76.80999755859375,3.867000102996826,18.809999465942383
2008-08-25,819.7999877929688,115.11000061035156,76.79000091552734,3.7909998893737793,20.969999313354492
2008-08-26,822.2000122070312,116.2699966430664,77.25,3.7839999198913574,20.489999771118164
2008-08-27,828.0999755859375,118.1500015258789,77.05000305175781,3.7720000743865967,19.760000228881836
2008-08-28,830.9000244140625,115.58999633789062,77.1500015258789,3.7950000762939453,19.43000030517578
2008-08-29,829.2999877929688,115.45999908447266,77.37999725341797,3.812999963760376,20.649999618530273
2008-09-02,805.0,109.70999908447266,78.05999755859375,3.746000051498413,21.989999771118164
2008-09-03,802.7000122070312,109.3499984741211,78.08999633789062,3.697000026702881,21.43000030517578
2008-09-04,797.9000244140625,107.88999938964844,78.61000061035156,3.6429998874664307,24.030000686645508
2008-09-05,797.5999755859375,106.2300033569336,78.93000030517578,3.6600000858306885,23.059999465942383
2008-09-08,797.5,106.33999633789062,79.58999633789062,3.6649999618530273,22.639999389648438
2008-09-09,787.0999755859375,103.26000213623047,79.25,3.5959999561309814,25.469999313354492
2008-09-10,757.9000244140625,102.58000183105469,79.8499984741211,3.6410000324249268,24.520000457763672
2008-09-11,741.2999877929688,100.87000274658203,80.1500015258789,3.621999979019165,24.389999389648438
2008-09-12,760.2999877929688,101.18000030517578,78.97000122070312,3.7300000190734863,25.65999984741211
2008-09-15,783.0999755859375,95.70999908447266,78.91000366210938,3.4830000400543213,31.700000762939453
2008-09-16,776.5,91.1500015258789,79.06999969482422,3.490999937057495,30.299999237060547
2008-09-17,846.5999755859375,97.16000366210938,78.0999984741211,3.4100000858306885,36.220001220703125
2008-09-18,892.7000122070312,97.87999725341797,78.0199966430664,3.437000036239624,33.099998474121094
2008-09-19,860.5999755859375,104.55000305175781,77.68000030517578,3.7690000534057617,32.06999969482422
2008-09-22,903.9000244140625,120.91999816894531,76.1500015258789,3.8259999752044678,33.849998474121094
2008-09-23,885.5,106.61000061035156,76.47000122070312,3.8410000801086426,35.720001220703125
2008-09-24,889.0,105.7300033569336,76.79000091552734,3.7709999084472656,35.189998626708984
2008-09-25,877.7000122070312,108.0199966430664,76.98999786376953,3.861999988555908,32.81999969482422
2008-09-26,882.9000244140625,106.88999938964844,76.94999694824219,3.8269999027252197,34.7400016784668
2008-09-29,888.2000122070312,96.37000274658203,77.47000122070312,3.631999969482422,46.720001220703125
2008-09-30,874.2000122070312,100.63999938964844,79.44999694824219,3.8269999027252197,39.38999938964844
2008-10-01,880.7000122070312,98.52999877929688,79.45999908447266,3.7679998874664307,39.810001373291016
2008-10-02,839.0,93.97000122070312,80.44000244140625,3.6459999084472656,45.2599983215332
2008-10-03,828.9000244140625,93.87999725341797,80.30999755859375,3.6440000534057617,45.13999938964844
2008-10-06,862.7000122070312,87.80999755859375,81.68000030517578,3.4260001182556152,52.04999923706055
2008-10-07,878.4000244140625,90.05999755859375,80.97000122070312,3.50600004196167,53.68000030517578
2008-10-08,903.0999755859375,88.94999694824219,80.91000366210938,3.7149999141693115,57.529998779296875
2008-10-09,883.0999755859375,86.58999633789062,81.16000366210938,3.8340001106262207,63.91999816894531
2008-10-10,855.4000244140625,77.69999694824219,83.0,3.8610000610351562,69.94999694824219
2008-10-13,838.9000244140625,81.19000244140625,81.87999725341797,3.8610000610351562,54.9900016784668
2008-10-14,836.2999877929688,78.62999725341797,81.36000061035156,4.0229997634887695,55.130001068115234
2008-10-15,835.5,74.54000091552734,82.05000305175781,4.011000156402588,69.25
2008-10-16,801.5,69.8499984741211,82.45999908447266,3.936000108718872,67.61000061035156
2008-10-17,785.0999755859375,71.8499984741211,82.41000366210938,3.937999963760376,70.33000183105469
2008-10-20,787.5999755859375,74.25,83.0999984741211,3.885999917984009,52.970001220703125
2008-10-21,766.0999755859375,70.88999938964844,83.98999786376953,3.703000068664551,53.11000061035156
2008-10-22,733.2999877929688,66.75,85.37000274658203,3.618000030517578,69.6500015258789
2008-10-23,713.2999877929688,67.83999633789062,85.36000061035156,3.5339999198913574,67.80000305175781
2008-10-24,729.0999755859375,64.1500015258789,86.44000244140625,3.697000026702881,79.12999725341797
2008-10-27,741.7000122070312,63.220001220703125,86.93000030517578,3.7290000915527344,80.05999755859375
2008-10-28,739.2999877929688,62.72999954223633,87.02999877929688,3.819999933242798,66.95999908447266
2008-10-29,752.7999877929688,67.5,85.06999969482422,3.874000072479248,69.95999908447266
2008-10-30,737.2000122070312,65.95999908447266,84.55999755859375,3.938999891281128,62.900001525878906
2008-10-31,716.7999877929688,67.80999755859375,85.62999725341797,3.9700000286102295,59.88999938964844
2008-11-03,725.4000244140625,63.90999984741211,86.3499984741211,3.9040000438690186,53.68000030517578
2008-11-04,756.0,70.52999877929688,84.77999877929688,3.765000104904175,47.72999954223633
2008-11-05,741.2999877929688,65.30000305175781,84.61000061035156,3.694000005722046,54.560001373291016
2008-11-06,731.2000122070312,60.77000045776367,85.88999938964844,3.7070000171661377,63.68000030517578
2008-11-07,733.2000122070312,61.040000915527344,85.91000366210938,3.7799999713897705,56.099998474121094
2008-11-10,745.5999755859375,62.40999984741211,85.91000366210938,3.759999990463257,59.97999954223633
2008-11-11,732.0,59.33000183105469,87.06999969482422,3.755000114440918,61.439998626708984
2008-11-12,717.7000122070312,56.15999984741211,87.47000122070312,3.6649999618530273,66.45999908447266
2008-11-13,704.9000244140625,58.2400016784668,86.94000244140625,3.818000078201294,59.83000183105469
2008-11-14,742.4000244140625,57.040000915527344,86.36000061035156,3.75,66.30999755859375
2008-11-17,741.9000244140625,54.95000076293945,86.80999755859375,3.684000015258789,69.1500015258789
2008-11-18,732.5999755859375,54.38999938964844,87.37000274658203,3.5350000858306885,67.63999938964844
2008-11-19,735.9000244140625,53.619998931884766,87.30999755859375,3.3910000324249268,74.26000213623047
2008-11-20,748.5999755859375,49.619998931884766,87.97000122070312,3.1440000534057617,80.86000061035156
2008-11-21,791.7000122070312,49.93000030517578,88.19000244140625,3.1670000553131104,72.66999816894531
2008-11-24,819.4000244140625,54.5,86.08000183105469,3.3399999141693115,64.69999694824219
2008-11-25,818.4000244140625,50.77000045776367,85.0,3.0920000076293945,60.900001525878906
2008-11-26,808.5,54.439998626708984,85.66999816894531,3.000999927520752,54.91999816894531
2008-11-28,816.2000122070312,54.43000030517578,86.5199966430664,2.9570000171661377,55.279998779296875
2008-12-01,774.5999755859375,49.279998779296875,86.72000122070312,2.7190001010894775,68.51000213623047
2008-12-02,781.2999877929688,46.959999084472656,86.69999694824219,2.693000078201294,62.97999954223633
2008-12-03,768.7999877929688,46.790000915527344,87.02999877929688,2.6760001182556152,60.720001220703125
2008-12-04,763.7999877929688,43.66999816894531,86.44000244140625,2.569999933242798,63.63999938964844
2008-12-05,750.5,40.810001373291016,87.12000274658203,2.6570000648498535,59.93000030517578
2008-12-08,767.4000244140625,43.709999084472656,85.55999755859375,2.7339999675750732,58.4900016784668
2008-12-09,772.4000244140625,42.06999969482422,85.83999633789062,2.6689999103546143,58.90999984741211
2008-12-10,807.0999755859375,43.52000045776367,85.4800033569336,2.684000015258789,55.72999954223633
2008-12-11,824.9000244140625,47.97999954223633,83.83000183105469,2.6480000019073486,55.779998779296875
2008-12-12,818.9000244140625,46.279998779296875,83.63999938964844,2.5889999866485596,54.279998779296875
2008-12-15,835.4000244140625,44.5099983215332,82.2699966430664,2.5329999923706055,56.7599983215332
2008-12-16,841.7000122070312,43.599998474121094,80.68000030517578,2.36299991607666,52.369998931884766
2008-12-17,867.5,40.060001373291016,78.91000366210938,2.190000057220459,49.84000015258789
2008-12-18,859.5999755859375,36.220001220703125,79.47000122070312,2.0739998817443848,47.34000015258789
2008-12-19,836.4000244140625,33.869998931884766,81.30000305175781,2.13100004196167,44.93000030517578
2008-12-22,846.2000122070312,39.90999984741211,81.08999633789062,2.1410000324249268,44.560001373291016
2008-12-23,837.2000122070312,38.97999954223633,81.23999786376953,2.1630001068115234,45.02000045776367
2008-12-24,847.0999755859375,35.349998474121094,81.20999908447266,2.178999900817871,44.209999084472656
2008-12-26,870.4000244140625,37.709999084472656,80.88999938964844,2.13700008392334,43.380001068115234
2008-12-29,874.5999755859375,40.02000045776367,80.68000030517578,2.0959999561309814,43.900001525878906
2008-12-30,869.2999877929688,39.029998779296875,80.9000015258789,2.0869998931884766,41.630001068115234
2008-12-31,883.5999755859375,44.599998474121094,81.30999755859375,2.24399995803833,40.0
2009-01-02,878.7999877929688,46.34000015258789,81.83999633789062,2.4159998893737793,39.189998626708984
2009-01-05,857.2000122070312,48.810001373291016,82.63999938964844,2.48799991607666,39.08000183105469
2009-01-06,865.4000244140625,48.58000183105469,82.8499984741211,2.505000114440918,38.560001373291016
2009-01-07,841.0999755859375,42.630001068115234,82.27999877929688,2.49399995803833,43.38999938964844
2009-01-08,853.9000244140625,41.70000076293945,81.54000091552734,2.444999933242798,42.560001373291016
2009-01-09,854.2999877929688,40.83000183105469,82.66000366210938,2.4070000648498535,42.81999969482422
2009-01-12,820.2999877929688,37.59000015258789,83.0199966430664,2.309000015258789,45.84000015258789
2009-01-13,820.0999755859375,37.779998779296875,84.2699966430664,2.296999931335449,43.27000045776367
2009-01-14,808.2000122070312,37.279998779296875,84.41999816894531,2.2130000591278076,49.13999938964844
2009-01-15,806.7000122070312,35.400001525878906,84.44000244140625,2.2009999752044678,51.0
2009-01-16,839.2999877929688,36.5099983215332,84.20999908447266,2.303999900817871,46.11000061035156
2009-01-20,854.5999755859375,38.7400016784668,86.22000122070312,2.3450000286102295,56.650001525878906
2009-01-21,849.5999755859375,43.54999923706055,85.81999969482422,2.5260000228881836,46.41999816894531
2009-01-22,858.2000122070312,43.66999816894531,85.5199966430664,2.5940001010894775,47.290000915527344
2009-01-23,895.2999877929688,46.470001220703125,85.61000061035156,2.621999979019165,47.27000045776367
2009-01-26,908.5,45.72999954223633,84.7300033569336,2.6429998874664307,45.689998626708984
2009-01-27,899.2000122070312,41.58000183105469,84.43000030517578,2.5190000534057617,42.25
2009-01-28,888.0999755859375,42.15999984741211,84.66999816894531,2.6559998989105225,39.65999984741211
2009-01-29,905.0999755859375,41.439998626708984,85.27999877929688,2.815000057220459,42.630001068115234
2009-01-30,927.2999877929688,41.68000030517578,86.0,2.8440001010894775,44.84000015258789
2009-02-02,906.7000122070312,40.08000183105469,86.06999969482422,2.7190001010894775,45.52000045776367
2009-02-03,892.0,40.779998779296875,85.05000305175781,2.8420000076293945,43.060001373291016
2009-02-04,901.5999755859375,40.31999969482422,85.69999694824219,2.9140000343322754,43.849998474121094
2009-02-05,913.5999755859375,41.16999816894531,86.05999755859375,2.9000000953674316,43.72999954223633
2009-02-06,913.9000244140625,40.16999816894531,85.3499984741211,2.9790000915527344,43.369998931884766
2009-02-09,892.4000244140625,39.560001373291016,84.79000091552734,3.0269999504089355,43.63999938964844
2009-02-10,913.7000122070312,37.54999923706055,85.80999755859375,2.8469998836517334,46.66999816894531
2009-02-11,943.7999877929688,35.939998626708984,85.77999877929688,2.76200008392334,44.529998779296875
2009-02-12,948.5,33.97999954223633,86.55000305175781,2.7269999980926514,41.25
2009-02-13,941.5,37.5099983215332,86.04000091552734,2.881999969482422,42.93000030517578
2009-02-17,967.0,34.93000030517578,87.58000183105469,2.6619999408721924,48.65999984741211
2009-02-18,977.7000122070312,34.619998931884766,88.01000213623047,2.7279999256134033,48.459999084472656
2009-02-19,976.0999755859375,39.47999954223633,87.44000244140625,2.8570001125335693,47.08000183105469
2009-02-20,1001.7999877929688,38.939998626708984,86.48999786376953,2.7720000743865967,49.29999923706055
2009-02-23,994.5999755859375,38.439998626708984,87.23999786376953,2.7769999504089355,52.619998931884766
2009-02-24,969.0999755859375,39.959999084472656,86.88999938964844,2.7990000247955322,45.4900016784668
2009-02-25,965.7000122070312,42.5,87.91000366210938,2.944999933242798,44.66999816894531
2009-02-26,941.7999877929688,45.220001220703125,87.7300033569336,2.9779999256134033,44.65999984741211
2009-02-27,941.5,44.7599983215332,88.01000213623047,3.0409998893737793,46.349998474121094
2009-03-02,939.0,40.150001525878906,88.94000244140625,2.9189999103546143,52.650001525878906
2009-03-03,912.9000244140625,41.650001525878906,88.91000366210938,2.937999963760376,50.93000030517578
2009-03-04,906.0,45.380001068115234,88.58000183105469,3.010999917984009,47.560001373291016
2009-03-05,927.0,43.61000061035156,89.11000061035156,2.819000005722046,50.16999816894531
2009-03-06,942.0999755859375,45.52000045776367,88.51000213623047,2.828000068664551,49.33000183105469
2009-03-09,917.7000122070312,47.06999969482422,89.01000213623047,2.885999917984009,49.68000030517578
2009-03-10,895.5999755859375,45.709999084472656,88.93000030517578,2.9820001125335693,44.369998931884766
2009-03-11,910.4000244140625,42.33000183105469,87.87000274658203,2.9159998893737793,43.61000061035156
2009-03-12,923.7000122070312,47.029998779296875,87.66000366210938,2.8919999599456787,41.18000030517578
2009-03-13,929.7999877929688,46.25,87.43000030517578,2.884999990463257,42.36000061035156
2009-03-16,921.5999755859375,47.349998474121094,86.94999694824219,2.9509999752044678,43.7400016784668
2009-03-17,916.4000244140625,49.15999984741211,86.93000030517578,3.003000020980835,40.79999923706055
2009-03-18,888.7000122070312,48.13999938964844,84.5999984741211,2.5329999923706055,40.060001373291016
2009-03-19,958.2999877929688,51.61000061035156,83.12999725341797,2.5969998836517334,43.68000030517578
2009-03-20,955.7999877929688,51.060001373291016,83.83999633789062,2.625,45.88999938964844
2009-03-23,952.0999755859375,53.79999923706055,83.43000030517578,2.6600000858306885,43.22999954223633
2009-03-24,923.2999877929688,53.97999954223633,83.86000061035156,2.6540000438690186,42.93000030517578
2009-03-25,935.4000244140625,52.77000045776367,83.80999755859375,2.7720000743865967,42.25
2009-03-26,939.5999755859375,54.34000015258789,84.16999816894531,2.7330000400543213,40.36000061035156
2009-03-27,923.0,52.380001068115234,85.11000061035156,2.760999917984009,41.040000915527344
2009-03-30,915.5,48.40999984741211,85.87000274658203,2.7139999866485596,45.540000915527344
2009-03-31,922.5999755859375,49.65999984741211,85.43000030517578,2.684999942779541,44.13999938964844
2009-04-01,926.0999755859375,48.38999938964844,85.5,2.6579999923706055,42.279998779296875
2009-04-02,907.4000244140625,52.63999938964844,84.44999694824219,2.752000093460083,42.040000915527344
2009-04-03,895.5999755859375,52.5099983215332,84.16999816894531,2.9070000648498535,39.70000076293945
2009-04-06,871.5,51.04999923706055,84.56999969482422,2.938999891281128,40.93000030517578
2009-04-07,882.2000122070312,49.150001525878906,85.29000091552734,2.9089999198913574,40.38999938964844
2009-04-08,884.7999877929688,49.380001068115234,85.36000061035156,2.8469998836517334,38.849998474121094
2009-04-09,882.2000122070312,52.2400016784668,85.79000091552734,2.9260001182556152,36.529998779296875
2009-04-13,894.7000122070312,50.04999923706055,84.63999938964844,2.8450000286102295,37.810001373291016
2009-04-14,890.9000244140625,49.40999984741211,84.63999938964844,2.7860000133514404,37.66999816894531
2009-04-15,892.7999877929688,49.25,85.08000183105469,2.759000062942505,36.16999816894531
2009-04-16,879.2999877929688,49.97999954223633,85.2300033569336,2.8299999237060547,35.790000915527344
2009-04-17,867.4000244140625,50.33000183105469,85.9800033569336,2.930000066757202,33.939998626708984
2009-04-20,887.0,45.880001068115234,86.63999938964844,2.8429999351501465,39.18000030517578
2009-04-21,882.0999755859375,46.5099983215332,86.58000183105469,2.9019999504089355,37.13999938964844
2009-04-22,891.7999877929688,48.849998474121094,86.19000244140625,2.9639999866485596,38.099998474121094
2009-04-23,905.9000244140625,49.619998931884766,85.5199966430664,2.927000045776367,37.150001525878906
2009-04-24,913.5999755859375,51.54999923706055,84.70999908447266,2.996000051498413,36.81999969482422
2009-04-27,907.4000244140625,50.13999938964844,85.69999694824219,2.9210000038146973,38.31999969482422
2009-04-28,892.7999877929688,49.91999816894531,85.16000366210938,3.002000093460083,37.95000076293945
2009-04-29,899.7999877929688,50.970001220703125,84.47000122070312,3.0959999561309814,36.08000183105469
2009-04-30,890.7000122070312,51.119998931884766,84.61000061035156,3.124000072479248,36.5
2009-05-01,887.5999755859375,53.20000076293945,84.55000305175781,3.1740000247955322,35.29999923706055
2009-05-04,901.5999755859375,54.470001220703125,83.97000122070312,3.1570000648498535,34.529998779296875
2009-05-05,903.7000122070312,53.84000015258789,84.16000366210938,3.1570000648498535,33.36000061035156
2009-05-06,910.5,56.34000015258789,83.80000305175781,3.1519999504089355,32.45000076293945
2009-05-07,915.0,56.709999084472656,83.94000244140625,3.2950000762939453,33.439998626708984
2009-05-08,914.4000244140625,58.630001068115234,82.52999877929688,3.2929999828338623,32.04999923706055
2009-05-11,913.0,58.5,82.68000030517578,3.180000066757202,32.869998931884766
2009-05-12,923.5,58.849998474121094,82.30999755859375,3.174999952316284,31.799999237060547
2009-05-13,925.5,58.02000045776367,82.5,3.1050000190734863,33.650001525878906
2009-05-14,928.0,58.619998931884766,82.27999877929688,3.1070001125335693,31.3700008392334
2009-05-15,930.9000244140625,56.34000015258789,83.0199966430664,3.122999906539917,33.119998931884766
2009-05-18,921.2999877929688,59.029998779296875,82.66999816894531,3.2109999656677246,30.239999771118164
2009-05-19,926.2999877929688,59.650001525878906,81.9800033569336,3.243000030517578,28.799999237060547
2009-05-20,937.0,62.040000915527344,80.98999786376953,3.2019999027252197,29.030000686645508
2009-05-21,950.7999877929688,61.04999923706055,80.55999755859375,3.3529999256134033,31.350000381469727
2009-05-22,958.5,61.66999816894531,79.95999908447266,3.447999954223633,32.630001068115234
2009-05-26,953.0999755859375,62.45000076293945,80.12999725341797,3.493000030517578,30.6200008392334
2009-05-27,953.2000122070312,63.45000076293945,80.33000183105469,3.694999933242798,32.36000061035156
2009-05-28,961.5,65.08000183105469,80.43000030517578,3.671999931335449,31.670000076293945
2009-05-29,978.7999877929688,66.30999755859375,80.43000030517578,3.4649999141693115,28.920000076293945
2009-06-01,978.5999755859375,68.58000183105469,79.16999816894531,3.7149999141693115,30.040000915527344
2009-06-02,983.2000122070312,68.55000305175781,78.4000015258789,3.6440000534057617,29.6299991607666
2009-06-03,964.5,66.12000274658203,79.5,3.5510001182556152,31.020000457763672
2009-06-04,981.2000122070312,68.80999755859375,79.41000366210938,3.7160000801086426,30.18000030517578
2009-06-05,961.7000122070312,68.44000244140625,80.66999816894531,3.861999988555908,29.6200008392334
2009-06-08,951.7000122070312,68.08999633789062,80.91000366210938,3.8889999389648438,29.770000457763672
2009-06-09,954.0,70.01000213623047,79.79000091552734,3.8580000400543213,28.270000457763672
2009-06-10,954.0,71.33000183105469,80.33000183105469,3.936000108718872,28.459999084472656
2009-06-11,961.2999877929688,72.68000030517578,79.41000366210938,3.861999988555908,28.110000610351562
2009-06-12,940.0999755859375,72.04000091552734,80.13999938964844,3.7880001068115234,28.149999618530273
2009-06-15,926.9000244140625,70.62000274658203,81.13999938964844,3.7130000591278076,30.809999465942383
2009-06-16,931.5999755859375,70.47000122070312,80.70999908447266,3.6740000247955322,32.68000030517578
2009-06-17,935.4000244140625,71.02999877929688,80.16999816894531,3.6470000743865967,31.540000915527344
2009-06-18,934.0,71.37000274658203,80.61000061035156,3.8340001106262207,30.030000686645508
2009-06-19,935.5999755859375,69.55000305175781,80.26000213623047,3.7890000343322754,27.989999771118164
2009-06-22,920.5999755859375,66.93000030517578,80.77999877929688,3.693000078201294,31.170000076293945
2009-06-23,923.9000244140625,69.23999786376953,79.83999633789062,3.640000104904175,30.579999923706055
2009-06-24,934.0999755859375,68.66999816894531,80.55999755859375,3.684999942779541,29.049999237060547
2009-06-25,939.0999755859375,70.2300033569336,80.4000015258789,3.5460000038146973,26.360000610351562
2009-06-26,940.7000122070312,69.16000366210938,79.87999725341797,3.50600004196167,25.93000030517578
2009-06-29,940.4000244140625,71.48999786376953,79.83999633789062,3.492000102996826,25.350000381469727
2009-06-30,927.0999755859375,69.88999938964844,80.12999725341797,3.5230000019073486,26.350000381469727
2009-07-01,941.0,69.30999755859375,79.62999725341797,3.5439999103546143,26.219999313354492
2009-07-02,930.7000122070312,66.7300033569336,80.1500015258789,3.494999885559082,27.950000762939453
2009-07-06,924.0,64.05000305175781,80.44999694824219,3.50600004196167,29.0
2009-07-07,928.7999877929688,62.93000030517578,80.62000274658203,3.4600000381469727,30.850000381469727
2009-07-08,909.0,60.13999938964844,80.7699966430664,3.2890000343322754,31.299999237060547
2009-07-09,915.9000244140625,60.40999984741211,79.86000061035156,3.4130001068115234,29.780000686645508
2009-07-10,912.2000122070312,59.88999938964844,80.2300033569336,3.2950000762939453,29.020000457763672
2009-07-13,922.2000122070312,59.689998626708984,80.12999725341797,3.3459999561309814,26.309999465942383
2009-07-14,922.5,59.52000045776367,80.18000030517578,3.447000026702881,25.020000457763672
2009-07-15,939.0999755859375,61.540000915527344,79.31999969482422,3.5959999561309814,25.889999389648438
2009-07-16,935.0999755859375,62.02000045776367,79.22000122070312,3.556999921798706,25.420000076293945
2009-07-17,937.2000122070312,63.560001373291016,79.3499984741211,3.6510000228881836,24.34000015258789
2009-07-20,948.5,63.97999954223633,78.91000366210938,3.5850000381469727,24.399999618530273
2009-07-21,946.5999755859375,64.72000122070312,78.93000030517578,3.4769999980926514,23.8700008392334
2009-07-22,953.0,65.4000015258789,78.70999908447266,3.553999900817871,23.469999313354492
2009-07-23,954.5,67.16000366210938,78.80000305175781,3.7090001106262207,23.43000030517578
2009-07-24,952.7999877929688,68.05000305175781,78.75,3.6700000762939453,23.09000015258789
2009-07-27,953.2999877929688,68.37999725341797,78.62999725341797,3.7130000591278076,24.280000686645508
2009-07-28,939.0,67.2300033569336,78.8499984741211,3.687999963760376,25.010000228881836
2009-07-29,927.2000122070312,63.349998474121094,79.62999725341797,3.6640000343322754,25.610000610351562
2009-07-30,934.9000244140625,66.94000244140625,79.29000091552734,3.6410000324249268,25.399999618530273
2009-07-31,953.7000122070312,69.44999694824219,78.3499984741211,3.500999927520752,25.920000076293945
2009-08-03,956.5999755859375,71.58000183105469,77.63999938964844,3.6389999389648438,25.559999465942383
2009-08-04,967.5,71.41999816894531,77.7699966430664,3.678999900817871,24.889999389648438
2009-08-05,964.2000122070312,71.97000122070312,77.5199966430664,3.7639999389648438,24.899999618530273
2009-08-06,960.7000122070312,71.94000244140625,78.06999969482422,3.746000051498413,25.670000076293945
2009-08-07,957.2999877929688,70.93000030517578,78.97000122070312,3.8540000915527344,24.760000228881836
2009-08-10,945.0,70.5999984741211,79.26000213623047,3.7709999084472656,24.989999771118164
2009-08-11,945.7999877929688,69.44999694824219,79.18000030517578,3.693000078201294,25.989999771118164
2009-08-12,950.7000122070312,70.16000366210938,78.79000091552734,3.7009999752044678,25.450000762939453
2009-08-13,954.7000122070312,70.5199966430664,78.48999786376953,3.5910000801086426,24.709999084472656
2009-08-14,947.0,67.51000213623047,78.88999938964844,3.558000087738037,24.270000457763672
2009-08-17,934.2999877929688,66.75,79.29000091552734,3.490999937057495,27.889999389648438
2009-08-18,937.7000122070312,69.19000244140625,78.94000244140625,3.5260000228881836,26.18000030517578
2009-08-19,943.2999877929688,72.41999816894531,78.47000122070312,3.4630000591278076,26.260000228881836
2009-08-20,940.2999877929688,72.54000091552734,78.37999725341797,3.434999942779541,25.09000015258789
2009-08-21,953.2000122070312,73.88999938964844,78.04000091552734,3.555999994277954,25.010000228881836
2009-08-24,942.2999877929688,74.37000274658203,78.2699966430664,3.49399995803833,25.139999389648438
2009-08-25,944.5,72.05000305175781,78.23999786376953,3.450000047683716,24.920000076293945
2009-08-26,944.2999877929688,71.43000030517578,78.66000366210938,3.437999963760376,24.950000762939453
2009-08-27,945.5,72.48999786376953,78.01000213623047,3.4619998931884766,24.68000030517578
2009-08-28,957.0,72.73999786376953,78.37000274658203,3.4509999752044678,24.760000228881836
2009-08-31,951.7000122070312,69.95999908447266,78.16999816894531,3.4010000228881836,26.010000228881836
2009-09-01,954.7000122070312,68.05000305175781,78.76000213623047,3.375,29.149999618530273
2009-09-02,976.5999755859375,68.05000305175781,78.37999725341797,3.2950000762939453,28.899999618530273
2009-09-03,995.7999877929688,67.95999908447266,78.45999908447266,3.328000068664551,27.100000381469727
2009-09-04,994.9000244140625,68.0199966430664,78.13999938964844,3.441999912261963,25.260000228881836
2009-09-08,997.9000244140625,71.0999984741211,77.31999969482422,3.4690001010894775,25.6200008392334
2009-09-09,995.2999877929688,71.30999755859375,77.08999633789062,3.4790000915527344,24.31999969482422
2009-09-10,995.4000244140625,71.94000244140625,76.81999969482422,3.3420000076293945,23.549999237060547
2009-09-11,1004.9000244140625,69.29000091552734,76.61000061035156,3.3429999351501465,24.149999618530273
2009-09-14,999.9000244140625,68.86000061035156,76.69999694824219,3.4059998989105225,23.860000610351562
2009-09-15,1005.0,70.93000030517578,76.54000091552734,3.4519999027252197,23.420000076293945
2009-09-16,1018.9000244140625,72.51000213623047,76.23999786376953,3.4709999561309814,23.690000534057617
2009-09-17,1012.2999877929688,72.47000122070312,76.19000244140625,3.3980000019073486,23.649999618530273
2009-09-18,1009.2000122070312,72.04000091552734,76.43000030517578,3.4739999771118164,23.920000076293945
2009-09-21,1003.7000122070312,69.70999908447266,76.77999877929688,3.486999988555908,24.059999465942383
2009-09-22,1014.2000122070312,71.55000305175781,76.12000274658203,3.4560000896453857,23.079999923706055
2009-09-23,1013.0,68.97000122070312,76.05000305175781,3.4179999828338623,23.489999771118164
2009-09-24,997.5,65.88999938964844,76.9000015258789,3.38100004196167,24.950000762939453
2009-09-25,990.2000122070312,66.0199966430664,76.80999755859375,3.3289999961853027,25.610000610351562
2009-09-28,992.5,66.83999633789062,77.05000305175781,3.302000045776367,24.8799991607666
2009-09-29,993.0999755859375,66.70999908447266,77.12000274658203,3.2920000553131104,25.190000534057617
2009-09-30,1008.0,70.61000061035156,76.6500015258789,3.306999921798706,25.610000610351562
2009-10-01,999.5,70.81999969482422,77.19000244140625,3.194000005722046,28.270000457763672
2009-10-02,1003.2000122070312,69.94999694824219,77.0,3.2209999561309814,28.68000030517578
2009-10-05,1016.7000122070312,70.41000366210938,76.63999938964844,3.2239999771118164,26.84000015258789
2009-10-06,1038.5999755859375,70.87999725341797,76.33999633789062,3.247999906539917,25.700000762939453
2009-10-07,1043.300048828125,69.56999969482422,76.48999786376953,3.174999952316284,24.68000030517578
2009-10-08,1055.4000244140625,71.69000244140625,75.97000122070312,3.255000114440918,24.18000030517578
2009-10-09,1047.800048828125,71.7699966430664,76.43000030517578,3.384000062942505,23.1200008392334
2009-10-12,1056.699951171875,73.2699966430664,76.12999725341797,3.380000114440918,23.010000228881836
2009-10-13,1064.199951171875,74.1500015258789,75.9800033569336,3.312000036239624,22.989999771118164
2009-10-14,1063.9000244140625,75.18000030517578,75.55000305175781,3.4230000972747803,22.860000610351562
2009-10-15,1049.800048828125,77.58000183105469,75.4800033569336,3.4700000286102295,21.719999313354492
2009-10-16,1050.699951171875,78.52999877929688,75.5999984741211,3.4170000553131104,21.43000030517578
2009-10-19,1057.300048828125,79.61000061035156,75.51000213623047,3.3949999809265137,21.489999771118164
2009-10-20,1057.800048828125,79.08999633789062,75.56999969482422,3.3369998931884766,20.899999618530273
2009-10-21,1063.699951171875,81.37000274658203,74.97000122070312,3.4110000133514404,22.219999313354492
2009-10-22,1057.800048828125,81.19000244140625,75.08999633789062,3.4210000038146973,20.690000534057617
2009-10-23,1055.5999755859375,80.5,75.47000122070312,3.4749999046325684,22.270000457763672
2009-10-26,1042.0999755859375,78.68000030517578,76.05999755859375,3.553999900817871,24.309999465942383
2009-10-27,1034.699951171875,79.55000305175781,76.13999938964844,3.4619998931884766,24.829999923706055
2009-10-28,1029.9000244140625,77.45999908447266,76.43000030517578,3.4110000133514404,27.90999984741211
2009-10-29,1046.4000244140625,79.87000274658203,75.91999816894531,3.500999927520752,24.760000228881836
2009-10-30,1039.699951171875,77.0,76.30000305175781,3.3919999599456787,30.690000534057617
2009-11-02,1053.4000244140625,78.12999725341797,76.29000091552734,3.421999931335449,29.780000686645508
2009-11-03,1084.300048828125,79.5999984741211,76.38999938964844,3.4730000495910645,28.809999465942383
2009-11-04,1086.699951171875,80.4000015258789,75.63999938964844,3.5460000038146973,27.719999313354492
2009-11-05,1088.699951171875,79.62000274658203,75.73999786376953,3.5329999923706055,25.43000030517578
2009-11-06,1095.0999755859375,77.43000030517578,75.81999969482422,3.503000020980835,24.190000534057617
2009-11-09,1100.800048828125,79.43000030517578,75.02999877929688,3.4860000610351562,23.149999618530273
2009-11-10,1101.9000244140625,79.05000305175781,75.0199966430664,3.4820001125335693,22.84000015258789
2009-11-11,1114.0,79.27999877929688,75.16000366210938,3.4739999771118164,23.040000915527344
2009-11-12,1106.0,76.94000244140625,75.5999984741211,3.446000099182129,24.239999771118164
2009-11-13,1116.0999755859375,76.3499984741211,75.33000183105469,3.428999900817871,23.360000610351562
2009-11-16,1138.5999755859375,78.9000015258789,74.91000366210938,3.3310000896453857,22.889999389648438
2009-11-17,1138.800048828125,79.13999938964844,75.37000274658203,3.319000005722046,22.40999984741211
2009-11-18,1140.699951171875,79.58000183105469,75.18000030517578,3.365999937057495,21.6299991607666
2009-11-19,1141.4000244140625,77.45999908447266,75.29000091552734,3.3489999771118164,22.6299991607666
2009-11-20,1146.4000244140625,76.72000122070312,75.66000366210938,3.3559999465942383,22.190000534057617
2009-11-23,1164.300048828125,77.55999755859375,75.08999633789062,3.364000082015991,21.15999984741211
2009-11-24,1165.5,76.0199966430664,75.06999969482422,3.316999912261963,20.469999313354492
2009-11-25,1186.9000244140625,77.95999908447266,74.2699966430664,3.2790000438690186,20.479999542236328
2009-11-27,1174.199951171875,76.05000305175781,75.0,3.2309999465942383,24.739999771118164
2009-11-30,1181.0999755859375,77.27999877929688,74.87999725341797,3.2009999752044678,24.510000228881836
2009-12-01,1199.0999755859375,78.37000274658203,74.36000061035156,3.2750000953674316,21.920000076293945
2009-12-02,1212.0,76.5999984741211,74.66999816894531,3.322999954223633,21.1200008392334
2009-12-03,1217.4000244140625,76.45999908447266,74.62999725341797,3.380000114440918,22.459999084472656
2009-12-04,1168.800048828125,75.47000122070312,75.91000366210938,3.4830000400543213,21.25
2009-12-07,1163.4000244140625,73.93000030517578,75.7699966430664,3.447999954223633,22.100000381469727
2009-12-08,1142.800048828125,72.62000274658203,76.30999755859375,3.3919999599456787,23.690000534057617
2009-12-09,1120.4000244140625,70.66999816894531,76.04000091552734,3.4230000972747803,22.65999984741211
2009-12-10,1125.699951171875,70.54000091552734,76.04000091552734,3.4820001125335693,22.31999969482422
2009-12-11,1119.4000244140625,69.87000274658203,76.56999969482422,3.5399999618530273,21.59000015258789
2009-12-14,1123.300048828125,69.51000213623047,76.3499984741211,3.5460000038146973,21.149999618530273
2009-12-15,1122.4000244140625,70.69000244140625,76.95999908447266,3.6029999256134033,21.489999771118164
2009-12-16,1135.5,72.66000366210938,77.0,3.5959999561309814,20.540000915527344
2009-12-17,1106.800048828125,72.6500015258789,77.69000244140625,3.486999988555908,22.510000228881836
2009-12-18,1110.800048828125,73.36000061035156,77.81999969482422,3.5460000038146973,21.68000030517578
2009-12-21,1095.4000244140625,72.47000122070312,78.04000091552734,3.681999921798706,20.489999771118164
2009-12-22,1086.0,74.4000015258789,78.25,3.74399995803833,19.540000915527344
2009-12-23,1093.300048828125,76.66999816894531,77.9000015258789,3.747999906539917,19.709999084472656
2009-12-24,1104.0999755859375,78.05000305175781,77.83999633789062,3.806999921798706,19.469999313354492
2009-12-28,1107.199951171875,78.7699966430664,77.62999725341797,3.8420000076293945,19.93000030517578
2009-12-29,1097.0,78.87000274658203,77.83000183105469,3.809000015258789,20.010000228881836
2009-12-30,1091.5,79.27999877929688,77.91000366210938,3.7839999198913574,19.959999084472656
2009-12-31,1095.199951171875,79.36000061035156,77.86000061035156,3.8429999351501465,21.68000030517578
2010-01-04,1117.699951171875,81.51000213623047,77.52999877929688,3.8410000801086426,20.040000915527344
2010-01-05,1118.0999755859375,81.7699966430664,77.62000274658203,3.755000114440918,19.350000381469727
2010-01-06,1135.9000244140625,83.18000030517578,77.48999786376953,3.808000087738037,19.15999984741211
2010-01-07,1133.0999755859375,82.66000366210938,77.91000366210938,3.822000026702881,19.059999465942383
2010-01-08,1138.199951171875,82.75,77.47000122070312,3.808000087738037,18.1299991607666
2010-01-11,1150.699951171875,82.5199966430664,77.0,3.818000078201294,17.549999237060547
2010-01-12,1128.9000244140625,80.79000091552734,76.94999694824219,3.7190001010894775,18.25
2010-01-13,1136.4000244140625,79.6500015258789,76.8499984741211,3.7829999923706055,17.850000381469727
2010-01-14,1142.5999755859375,79.38999938964844,76.7300033569336,3.7339999675750732,17.6299991607666
2010-01-15,1130.0999755859375,78.0,77.31999969482422,3.6760001182556152,17.90999984741211
2010-01-19,1139.699951171875,79.0199966430664,77.5,3.7070000171661377,17.579999923706055
2010-01-20,1112.300048828125,77.62000274658203,78.33999633789062,3.6589999198913574,18.68000030517578
2010-01-21,1102.699951171875,76.08000183105469,78.31999969482422,3.6110000610351562,22.270000457763672
2010-01-22,1089.199951171875,74.54000091552734,78.27999877929688,3.5980000495910645,27.309999465942383
2010-01-25,1095.199951171875,75.26000213623047,78.19000244140625,3.630000114440918,25.40999984741211
2010-01-26,1097.9000244140625,74.70999908447266,78.43000030517578,3.630000114440918,24.549999237060547
2010-01-27,1084.4000244140625,73.66999816894531,78.68000030517578,3.6440000534057617,23.139999389648438
2010-01-28,1083.5999755859375,73.63999938964844,78.9000015258789,3.6579999923706055,23.729999542236328
2010-01-29,1083.0,72.88999938964844,79.45999908447266,3.6089999675750732,24.6200008392334
2010-02-01,1104.300048828125,74.43000030517578,79.23999786376953,3.6540000438690186,22.59000015258789
2010-02-02,1117.4000244140625,77.2300033569336,79.01000213623047,3.634999990463257,21.479999542236328
2010-02-03,1111.4000244140625,76.9800033569336,79.37000274658203,3.703000068664551,21.600000381469727
2010-02-04,1062.4000244140625,73.13999938964844,79.91999816894531,3.609999895095825,26.079999923706055
2010-02-05,1052.199951171875,71.19000244140625,80.44000244140625,3.5460000038146973,26.110000610351562
2010-02-08,1065.699951171875,71.88999938964844,80.30000305175781,3.5920000076293945,26.510000228881836
2010-02-09,1076.699951171875,73.75,79.86000061035156,3.632999897003174,26.0
2010-02-10,1075.800048828125,74.5199966430664,80.02999877929688,3.694000005722046,25.399999618530273
2010-02-11,1094.199951171875,75.27999877929688,79.98999786376953,3.7330000400543213,23.959999084472656
2010-02-12,1089.5,74.12999725341797,80.31999969482422,3.693000078201294,22.729999542236328
2010-02-16,1119.300048828125,77.01000213623047,79.69999694824219,3.6640000343322754,22.25
2010-02-17,1119.5,77.33000183105469,80.37999725341797,3.742000102996826,21.719999313354492
2010-02-18,1118.0,79.05999755859375,80.4000015258789,3.802999973297119,20.6299991607666
2010-02-19,1121.300048828125,79.80999755859375,80.63999938964844,3.7820000648498535,20.020000457763672
2010-02-22,1112.5999755859375,80.16000366210938,80.51000213623047,3.7990000247955322,19.940000534057617
2010-02-23,1102.699951171875,78.86000061035156,80.8499984741211,3.690999984741211,21.3700008392334
2010-02-24,1096.5,80.0,80.8499984741211,3.694999933242798,20.270000457763672
2010-02-25,1107.800048828125,78.16999816894531,80.79000091552734,3.6419999599456787,20.100000381469727
2010-02-26,1118.300048828125,79.66000366210938,80.36000061035156,3.5950000286102295,19.5
2010-03-01,1117.800048828125,78.69999694824219,80.66000366210938,3.6059999465942383,19.260000228881836
2010-03-02,1136.9000244140625,79.68000030517578,80.5199966430664,3.614000082015991,19.059999465942383
2010-03-03,1142.699951171875,80.87000274658203,79.9800033569336,3.625,18.829999923706055
2010-03-04,1132.5999755859375,80.20999908447266,80.55999755859375,3.6059999465942383,18.719999313354492
2010-03-05,1134.800048828125,81.5,80.43000030517578,3.681999921798706,17.420000076293945
2010-03-08,1123.5999755859375,81.87000274658203,80.43000030517578,3.7079999446868896,17.790000915527344
2010-03-09,1122.0,81.48999786376953,80.58999633789062,3.7009999752044678,17.920000076293945
2010-03-10,1107.800048828125,82.08999633789062,80.44999694824219,3.7200000286102295,18.56999969482422
2010-03-11,1108.0,82.11000061035156,80.31999969482422,3.7200000286102295,18.059999465942383
2010-03-12,1101.5,81.23999786376953,79.83000183105469,3.7100000381469727,17.579999923706055
2010-03-15,1105.0999755859375,79.80000305175781,80.25,3.7039999961853027,18.0
2010-03-16,1122.199951171875,81.69999694824219,79.75,3.6530001163482666,17.690000534057617
2010-03-17,1124.0,82.93000030517578,79.63999938964844,3.6419999599456787,16.90999984741211
2010-03-18,1127.4000244140625,82.19999694824219,80.22000122070312,3.671999931335449,16.6200008392334
2010-03-19,1107.4000244140625,80.68000030517578,80.72000122070312,3.687000036239624,16.969999313354492
2010-03-22,1099.300048828125,81.25,80.6500015258789,3.6630001068115234,16.8700008392334
2010-03-23,1103.5,81.91000366210938,80.9000015258789,3.680000066757202,16.350000381469727
2010-03-24,1088.5999755859375,80.61000061035156,81.83999633789062,3.8289999961853027,17.549999237060547
2010-03-25,1092.699951171875,80.52999877929688,82.12000274658203,3.9010000228881836,18.399999618530273
2010-03-26,1104.199951171875,80.0,81.68000030517578,3.8550000190734863,17.770000457763672
2010-03-29,1110.300048828125,82.16999816894531,81.36000061035156,3.864000082015991,17.59000015258789
2010-03-30,1104.5,82.37000274658203,81.47000122070312,3.868000030517578,17.1299991607666
2010-03-31,1113.300048828125,83.76000213623047,81.06999969482422,3.8329999446868896,17.59000015258789
2010-04-01,1125.0999755859375,84.87000274658203,80.77999877929688,3.8589999675750732,17.469999313354492
2010-04-05,1132.9000244140625,86.62000274658203,81.08999633789062,3.99399995803833,17.020000457763672
2010-04-06,1135.0999755859375,86.83999633789062,81.38999938964844,3.9679999351501465,16.229999542236328
2010-04-07,1152.300048828125,85.87999725341797,81.44000244140625,3.86299991607666,16.6200008392334
2010-04-08,1152.199951171875,85.38999938964844,81.52999877929688,3.8959999084472656,16.479999542236328
2010-04-09,1161.0999755859375,84.91999816894531,81.08999633789062,3.888000011444092,16.139999389648438
2010-04-12,1161.5999755859375,84.33999633789062,80.55999755859375,3.8459999561309814,15.579999923706055
2010-04-13,1152.800048828125,84.05000305175781,80.51000213623047,3.811000108718872,16.200000762939453
2010-04-14,1159.0,85.83999633789062,80.19000244140625,3.8550000190734863,15.59000015258789
2010-04-15,1159.699951171875,85.51000213623047,80.4800033569336,3.8480000495910645,15.890000343322754
2010-04-16,1136.300048828125,83.23999786376953,80.81999969482422,3.7699999809265137,18.360000610351562
2010-04-19,1135.199951171875,81.44999694824219,81.0,3.806999921798706,17.34000015258789
2010-04-20,1138.5999755859375,83.44999694824219,81.05000305175781,3.805000066757202,15.729999542236328
2010-04-21,1148.199951171875,83.68000030517578,81.16000366210938,3.73799991607666,16.31999969482422
2010-04-22,1142.300048828125,83.69999694824219,81.56999969482422,3.7720000743865967,16.469999313354492
2010-04-23,1153.0999755859375,85.12000274658203,81.3499984741211,3.816999912261963,16.6200008392334
2010-04-26,1153.5,84.19999694824219,81.4800033569336,3.815000057220459,17.469999313354492
2010-04-27,1161.699951171875,82.44000244140625,82.1500015258789,3.690000057220459,22.809999465942383
2010-04-28,1171.300048828125,83.22000122070312,82.37999725341797,3.7730000019073486,21.079999923706055
2010-04-29,1168.4000244140625,85.16999816894531,82.0,3.7279999256134033,18.440000534057617
2010-04-30,1180.0999755859375,86.1500015258789,81.87000274658203,3.6630001068115234,22.049999237060547
2010-05-03,1182.699951171875,86.19000244140625,82.2699966430664,3.7049999237060547,20.190000534057617
2010-05-04,1168.5999755859375,82.73999786376953,83.30000305175781,3.61299991607666,23.84000015258789
2010-05-05,1174.5999755859375,79.97000122070312,84.08000183105469,3.549999952316284,24.90999984741211
2010-05-06,1196.9000244140625,77.11000061035156,84.88999938964844,3.3980000019073486,32.79999923706055
2010-05-07,1210.0,75.11000061035156,84.44999694824219,3.428999900817871,40.95000076293945
2010-05-10,1200.4000244140625,76.80000305175781,84.16000366210938,3.5390000343322754,28.84000015258789
2010-05-11,1219.9000244140625,76.37000274658203,84.47000122070312,3.5350000858306885,28.31999969482422
2010-05-12,1242.699951171875,75.6500015258789,84.83000183105469,3.566999912261963,25.520000457763672
2010-05-13,1228.800048828125,74.4000015258789,85.20999908447266,3.563999891281128,26.68000030517578
2010-05-14,1227.4000244140625,71.61000061035156,86.0999984741211,3.441999912261963,31.239999771118164
2010-05-17,1227.699951171875,70.08000183105469,86.20999908447266,3.4719998836517334,30.84000015258789
2010-05-18,1214.300048828125,69.41000366210938,87.16000366210938,3.375999927520752,33.54999923706055
2010-05-19,1192.5999755859375,69.87000274658203,86.38999938964844,3.3589999675750732,35.31999969482422
2010-05-20,1187.800048828125,68.01000213623047,85.56999969482422,3.2639999389648438,45.790000915527344
2010-05-21,1175.699951171875,70.04000091552734,85.37000274658203,3.200000047683716,40.099998474121094
2010-05-24,1193.800048828125,70.20999908447266,86.20999908447266,3.2269999980926514,38.31999969482422
2010-05-25,1197.800048828125,68.75,86.77999877929688,3.1579999923706055,34.61000061035156
2010-05-26,1213.300048828125,71.51000213623047,87.12000274658203,3.2179999351501465,35.02000045776367
2010-05-27,1211.9000244140625,74.55000305175781,86.18000030517578,3.3380000591278076,29.68000030517578
2010-05-28,1212.199951171875,73.97000122070312,86.4800033569336,3.3010001182556152,32.06999969482422
2010-06-01,1224.800048828125,72.58000183105469,86.63999938964844,3.2960000038146973,35.540000915527344
2010-06-02,1220.5999755859375,72.86000061035156,86.79000091552734,3.3340001106262207,30.170000076293945
2010-06-03,1208.300048828125,74.61000061035156,87.13999938964844,3.378999948501587,29.459999084472656
2010-06-04,1216.199951171875,71.51000213623047,88.2300033569336,3.194999933242798,35.47999954223633
2010-06-07,1239.300048828125,71.44000244140625,88.4000015258789,3.184000015258789,36.56999969482422
2010-06-08,1244.0,71.98999786376953,88.38999938964844,3.1679999828338623,33.70000076293945
2010-06-09,1228.5,74.37999725341797,87.9000015258789,3.187000036239624,33.72999954223633
2010-06-10,1220.800048828125,75.4800033569336,87.16999816894531,3.319000005722046,30.56999969482422
2010-06-11,1228.9000244140625,73.77999877929688,87.51000213623047,3.2160000801086426,28.790000915527344
2010-06-14,1223.300048828125,75.12000274658203,86.51000213623047,3.2750000953674316,28.579999923706055
2010-06-15,1233.199951171875,76.94000244140625,85.9800033569336,3.309999942779541,25.8700008392334
2010-06-16,1229.300048828125,77.66999816894531,86.08000183105469,3.2820000648498535,25.920000076293945
2010-06-17,1247.5,76.79000091552734,85.69000244140625,3.190000057220459,25.049999237060547
2010-06-18,1257.199951171875,77.18000030517578,85.69999694824219,3.2230000495910645,23.950000762939453
2010-06-21,1239.699951171875,77.81999969482422,85.93000030517578,3.243000030517578,24.8799991607666
2010-06-22,1239.9000244140625,77.20999908447266,86.11000061035156,3.1659998893737793,27.049999237060547
2010-06-23,1234.0999755859375,76.3499984741211,85.73999786376953,3.115000009536743,26.90999984741211
2010-06-24,1245.5,76.51000213623047,85.7300033569336,3.122999906539917,29.739999771118164
2010-06-25,1255.800048828125,78.86000061035156,85.30999755859375,3.11299991607666,28.530000686645508
2010-06-28,1238.199951171875,78.25,85.6500015258789,3.0320000648498535,29.0
2010-06-29,1242.0,75.94000244140625,86.02999877929688,2.9670000076293945,34.130001068115234
2010-06-30,1245.5,75.62999725341797,86.0199966430664,2.9509999752044678,34.540000915527344
2010-07-01,1206.300048828125,72.94999694824219,84.72000122070312,2.927000045776367,32.86000061035156
2010-07-02,1207.4000244140625,72.13999938964844,84.43000030517578,2.9790000915527344,30.1200008392334
2010-07-06,1194.800048828125,71.9800033569336,84.08000183105469,2.931999921798706,29.649999618530273
2010-07-07,1198.5999755859375,74.06999969482422,83.81999969482422,2.9800000190734863,26.84000015258789
2010-07-08,1195.800048828125,75.44000244140625,83.81999969482422,3.0199999809265137,25.709999084472656
2010-07-09,1209.5999755859375,76.08999633789062,83.94999694824219,3.055999994277954,24.979999542236328
2010-07-12,1198.5,74.94999694824219,84.19999694824219,3.0460000038146973,24.43000030517578
2010-07-13,1213.300048828125,77.1500015258789,83.63999938964844,3.114000082015991,24.559999465942383
2010-07-14,1206.800048828125,77.04000091552734,83.43000030517578,3.049999952316284,24.889999389648438
2010-07-15,1208.0999755859375,76.62000274658203,82.55999755859375,2.9779999256134033,25.139999389648438
2010-07-16,1188.0,76.01000213623047,82.48999786376953,2.938999891281128,26.25
2010-07-19,1181.699951171875,76.54000091552734,82.51000213623047,2.9639999866485596,25.969999313354492
2010-07-20,1191.5,77.44000244140625,82.75,2.931999921798706,23.93000030517578
2010-07-21,1191.5999755859375,76.55999755859375,83.38999938964844,2.8919999599456787,25.639999389648438
2010-07-22,1195.5,79.30000305175781,82.5999984741211,2.931999921798706,24.6299991607666
2010-07-23,1187.699951171875,78.9800033569336,82.45999908447266,2.99399995803833,23.469999313354492
2010-07-26,1183.0,78.9800033569336,82.08999633789062,2.99399995803833,22.729999542236328
2010-07-27,1158.0,77.5,82.18000030517578,3.046999931335449,23.190000534057617
2010-07-28,1160.4000244140625,76.98999786376953,82.18000030517578,3.000999927520752,24.25
2010-07-29,1168.4000244140625,78.36000061035156,81.63999938964844,2.999000072479248,24.1299991607666
2010-07-30,1181.699951171875,78.94999694824219,81.54000091552734,2.9070000648498535,23.5
2010-08-02,1183.4000244140625,81.33999633789062,80.94000244140625,2.9630000591278076,22.010000228881836
2010-08-03,1185.199951171875,82.55000305175781,80.5999984741211,2.9140000343322754,22.6299991607666
2010-08-04,1193.699951171875,82.47000122070312,80.88999938964844,2.9519999027252197,22.209999084472656
2010-08-05,1197.199951171875,82.01000213623047,80.81999969482422,2.9149999618530273,22.100000381469727
2010-08-06,1203.4000244140625,80.69999694824219,80.41000366210938,2.8239998817443848,21.739999771118164
2010-08-09,1200.699951171875,81.4800033569336,80.70999908447266,2.822000026702881,22.139999389648438
2010-08-10,1196.199951171875,80.25,80.80000305175781,2.7809998989105225,22.3700008392334
2010-08-11,1197.5,78.0199966430664,82.29000091552734,2.684999942779541,25.389999389648438
2010-08-12,1214.800048828125,75.73999786376953,82.63999938964844,2.734999895095825,25.729999542236328
2010-08-13,1214.9000244140625,75.38999938964844,82.94999694824219,2.687999963760376,26.239999771118164
2010-08-16,1224.5,75.23999786376953,82.52999877929688,2.575000047683716,26.100000381469727
2010-08-17,1226.5999755859375,75.7699966430664,82.2300033569336,2.6449999809265137,24.329999923706055
2010-08-18,1229.699951171875,75.41999816894531,82.22000122070312,2.6410000324249268,24.59000015258789
2010-08-19,1233.800048828125,74.43000030517578,82.44999694824219,2.5789999961853027,26.440000534057617
2010-08-20,1227.199951171875,73.45999908447266,83.05999755859375,2.611999988555908,25.489999771118164
2010-08-23,1226.9000244140625,73.0999984741211,83.12000274658203,2.6070001125335693,25.65999984741211
2010-08-24,1231.800048828125,71.62999725341797,83.1500015258789,2.499000072479248,27.459999084472656
2010-08-25,1239.5,72.5199966430664,83.26000213623047,2.5380001068115234,26.700000762939453
2010-08-26,1235.4000244140625,73.36000061035156,82.93000030517578,2.499000072479248,27.3700008392334
2010-08-27,1236.0,75.16999816894531,82.91999816894531,2.6519999504089355,24.450000762939453
2010-08-30,1237.0999755859375,74.69999694824219,83.16000366210938,2.5450000762939453,27.209999084472656
2010-08-31,1248.300048828125,71.91999816894531,83.19999694824219,2.4769999980926514,26.049999237060547
2010-09-01,1246.300048828125,73.91000366210938,82.5199966430664,2.5820000171661377,23.889999389648438
2010-09-02,1251.5,75.0199966430664,82.45999908447266,2.628000020980835,23.190000534057617
2010-09-03,1249.199951171875,74.5999984741211,83.0999984741211,2.7060000896453857,21.309999465942383
2010-09-07,1257.300048828125,74.08999633789062,82.81999969482422,2.6089999675750732,23.799999237060547
2010-09-08,1255.5999755859375,74.66999816894531,82.58999633789062,2.6540000438690186,23.25
2010-09-09,1248.9000244140625,74.25,82.66999816894531,2.760999917984009,22.809999465942383
2010-09-10,1244.5,76.44999694824219,82.69999694824219,2.7950000762939453,21.989999771118164
2010-09-13,1245.0999755859375,77.19000244140625,81.91000366210938,2.740999937057495,21.209999084472656
2010-09-14,1269.699951171875,76.80000305175781,81.08000183105469,2.6659998893737793,21.559999465942383
2010-09-15,1266.699951171875,76.0199966430664,81.48999786376953,2.7230000495910645,22.100000381469727
2010-09-16,1271.9000244140625,74.56999969482422,81.23999786376953,2.759000062942505,21.719999313354492
2010-09-17,1275.5999755859375,73.66000366210938,81.4000015258789,2.746000051498413,22.010000228881836
2010-09-20,1279.0,74.86000061035156,81.33999633789062,2.7060000896453857,21.5
2010-09-21,1272.4000244140625,73.5199966430664,80.44000244140625,2.5940001010894775,22.350000381469727
2010-09-22,1290.199951171875,74.70999908447266,79.83000183105469,2.5480000972747803,22.510000228881836
2010-09-23,1294.300048828125,75.18000030517578,80.01000213623047,2.555000066757202,23.8700008392334
2010-09-24,1296.0,76.48999786376953,79.38999938964844,2.611999988555908,21.709999084472656
2010-09-27,1296.699951171875,76.5199966430664,79.33999633789062,2.5169999599456787,22.540000915527344
2010-09-28,1306.5999755859375,76.18000030517578,79.01000213623047,2.4560000896453857,22.600000381469727
2010-09-29,1308.5,77.86000061035156,78.69000244140625,2.50600004196167,23.25
2010-09-30,1307.800048828125,79.97000122070312,78.72000122070312,2.5169999599456787,23.700000762939453
2010-10-01,1316.0999755859375,81.58000183105469,78.08999633789062,2.5260000228881836,22.5
2010-10-04,1315.4000244140625,81.47000122070312,78.44999694824219,2.4790000915527344,23.530000686645508
2010-10-05,1338.9000244140625,82.81999969482422,77.75,2.4739999771118164,21.760000228881836
2010-10-06,1346.4000244140625,83.2300033569336,77.38999938964844,2.3989999294281006,21.489999771118164
2010-10-07,1333.9000244140625,81.66999816894531,77.38999938964844,2.3959999084472656,21.559999465942383
2010-10-08,1344.199951171875,82.66000366210938,77.31999969482422,2.38100004196167,20.709999084472656
2010-10-11,1353.300048828125,82.20999908447266,77.44000244140625,,18.959999084472656
2010-10-12,1345.699951171875,81.66999816894531,77.36000061035156,2.421999931335449,18.93000030517578
2010-10-13,1369.5,83.01000213623047,77.06999969482422,2.430999994277954,19.06999969482422
2010-10-14,1376.699951171875,82.69000244140625,76.6500015258789,2.494999885559082,19.8799991607666
2010-10-15,1371.0999755859375,81.25,77.04000091552734,2.5759999752044678,19.030000686645508
2010-10-18,1371.199951171875,83.08000183105469,76.93000030517578,2.490999937057495,19.09000015258789
2010-10-19,1335.0999755859375,79.48999786376953,78.18000030517578,2.4749999046325684,20.6299991607666
2010-10-20,1343.300048828125,81.7699966430664,77.16999816894531,2.4700000286102295,19.790000915527344
2010-10-21,1324.699951171875,80.55999755859375,77.41999816894531,2.5309998989105225,19.270000457763672
2010-10-22,1324.4000244140625,81.69000244140625,77.47000122070312,2.562999963760376,18.780000686645508
2010-10-25,1338.300048828125,82.5199966430664,77.0999984741211,2.553999900817871,19.850000381469727
2010-10-26,1338.0,82.55000305175781,77.70999908447266,2.635999917984009,20.219999313354492
2010-10-27,1322.199951171875,81.94000244140625,78.1500015258789,2.7119998931884766,20.709999084472656
2010-10-28,1342.0999755859375,82.18000030517578,77.30999755859375,2.6610000133514404,20.8799991607666
2010-10-29,1357.0999755859375,81.43000030517578,77.2699966430664,2.611999988555908,21.200000762939453
2010-11-01,1350.199951171875,82.94999694824219,77.30000305175781,2.628000020980835,21.829999923706055
2010-11-02,1356.4000244140625,83.9000015258789,76.72000122070312,2.5940001010894775,21.56999969482422
2010-11-03,1337.0999755859375,84.69000244140625,76.4800033569336,2.61899995803833,19.559999465942383
2010-11-04,1382.699951171875,86.48999786376953,75.87999725341797,2.4839999675750732,18.520000457763672
2010-11-05,1397.300048828125,86.8499984741211,76.55000305175781,2.5360000133514404,18.260000228881836
2010-11-08,1402.800048828125,87.05999755859375,77.02999877929688,2.562999963760376,18.290000915527344
2010-11-09,1409.800048828125,86.72000122070312,77.44000244140625,2.6589999198913574,19.079999923706055
2010-11-10,1399.0999755859375,87.80999755859375,77.62999725341797,2.6480000019073486,18.469999313354492
2010-11-11,1403.0999755859375,87.80999755859375,78.22000122070312,2.6480000019073486,18.639999389648438
2010-11-12,1365.4000244140625,84.87999725341797,78.08000183105469,2.75600004196167,20.610000610351562
2010-11-15,1368.4000244140625,84.86000061035156,78.5199966430664,2.9110000133514404,20.200000762939453
2010-11-16,1338.300048828125,82.33999633789062,79.20999908447266,2.8469998836517334,22.579999923706055
2010-11-17,1336.800048828125,80.44000244140625,79.08000183105469,2.864000082015991,21.760000228881836
2010-11-18,1352.9000244140625,81.8499984741211,78.62000274658203,2.9019999504089355,18.75
2010-11-19,1352.199951171875,81.51000213623047,78.5,2.875,18.040000915527344
2010-11-22,1357.699951171875,81.73999786376953,78.68000030517578,2.812999963760376,18.3700008392334
2010-11-23,1377.5,81.25,79.68000030517578,2.76200008392334,20.6299991607666
2010-11-24,1372.9000244140625,83.86000061035156,79.87000274658203,2.9140000343322754,19.559999465942383
2010-11-26,1362.300048828125,83.76000213623047,80.36000061035156,2.864000082015991,22.219999313354492
2010-11-29,1366.0,85.7300033569336,80.83999633789062,2.822000026702881,21.530000686645508
2010-11-30,1385.0,84.11000061035156,81.19999694824219,2.796999931335449,23.540000915527344
2010-12-01,1387.300048828125,86.75,80.70999908447266,2.9639999866485596,21.360000610351562
2010-12-02,1388.5,88.0,80.30000305175781,3.0,19.389999389648438
2010-12-03,1405.4000244140625,89.19000244140625,79.37999725341797,3.0169999599456787,18.010000228881836
2010-12-06,1415.300048828125,89.37999725341797,79.56999969482422,2.940999984741211,18.020000457763672
2010-12-07,1408.300048828125,88.69000244140625,79.86000061035156,3.1649999618530273,17.989999771118164
2010-12-08,1382.5,88.27999877929688,80.0,3.2360000610351562,17.739999771118164
2010-12-09,1392.0999755859375,88.37000274658203,80.06999969482422,3.2230000495910645,17.25
2010-12-10,1384.300048828125,87.79000091552734,80.06999969482422,3.2960000038146973,17.610000610351562
2010-12-13,1397.300048828125,88.61000061035156,79.27999877929688,3.2829999923706055,17.549999237060547
2010-12-14,1403.5999755859375,88.27999877929688,79.37000274658203,3.4549999237060547,17.610000610351562
2010-12-15,1385.5,88.62000274658203,80.26000213623047,3.5199999809265137,17.940000534057617
2010-12-16,1370.4000244140625,87.69999694824219,80.18000030517578,3.4769999980926514,17.389999389648438
2010-12-17,1378.5999755859375,88.0199966430664,80.37000274658203,3.3299999237060547,16.110000610351562
2010-12-20,1385.5,88.80999755859375,80.62999725341797,3.3489999771118164,16.40999984741211
2010-12-21,1388.199951171875,89.81999969482422,80.72000122070312,3.3259999752044678,16.489999771118164
2010-12-22,1386.800048828125,90.4800033569336,80.7300033569336,3.3459999561309814,15.449999809265137
2010-12-23,1380.0,91.51000213623047,80.5,3.3929998874664307,16.469999313354492
2010-12-27,1382.4000244140625,91.0,80.37000274658203,3.3510000705718994,17.670000076293945
2010-12-28,1405.199951171875,91.48999786376953,80.36000061035156,3.4809999465942383,17.520000457763672
2010-12-29,1413.0999755859375,91.12000274658203,79.80000305175781,3.3410000801086426,17.280000686645508
2010-12-30,1405.5999755859375,89.83999633789062,79.5199966430664,3.36899995803833,17.520000457763672
2010-12-31,1421.0999755859375,91.37999725341797,79.02999877929688,3.305000066757202,17.75
2011-01-03,1422.5999755859375,91.55000305175781,79.12999725341797,3.3420000076293945,17.610000610351562
2011-01-04,1378.5,89.37999725341797,79.44000244140625,3.3459999561309814,17.3799991607666
2011-01-05,1373.4000244140625,90.30000305175781,80.26000213623047,3.4830000400543213,17.020000457763672
2011-01-06,1371.4000244140625,88.37999725341797,80.79000091552734,3.4189999103546143,17.399999618530273
2011-01-07,1368.5,88.02999877929688,81.01000213623047,3.328000068664551,17.139999389648438
2011-01-10,1373.699951171875,89.25,80.87999725341797,3.303999900817871,17.540000915527344
2011-01-11,1384.0,91.11000061035156,80.8499984741211,3.3410000801086426,16.889999389648438
2011-01-12,1385.699951171875,91.86000061035156,80.02999877929688,3.3550000190734863,16.239999771118164
2011-01-13,1386.9000244140625,91.4000015258789,79.19000244140625,3.3010001182556152,16.389999389648438
2011-01-14,1360.4000244140625,91.54000091552734,79.16000366210938,3.3329999446868896,15.460000038146973
2011-01-18,1368.0999755859375,91.37999725341797,78.95999908447266,3.364000082015991,15.869999885559082
2011-01-19,1370.199951171875,90.86000061035156,78.63999938964844,3.3369998931884766,17.309999465942383
2011-01-20,1346.5,88.86000061035156,78.81999969482422,3.4590001106262207,17.989999771118164
2011-01-21,1341.0,89.11000061035156,78.20999908447266,3.4159998893737793,18.469999313354492
2011-01-24,1344.5,87.87000274658203,78.05000305175781,3.4079999923706055,17.649999618530273
2011-01-25,1332.300048828125,86.19000244140625,78.0,3.319000005722046,17.59000015258789
2011-01-26,1333.0,87.33000183105469,77.9000015258789,3.427999973297119,16.639999389648438
2011-01-27,1318.4000244140625,85.63999938964844,77.7300033569336,3.384999990463257,16.149999618530273
2011-01-28,1340.699951171875,89.33999633789062,78.12999725341797,3.3289999961853027,20.040000915527344
2011-01-31,1333.800048828125,92.19000244140625,77.73999786376953,3.378000020980835,19.530000686645508
2011-02-01,1339.5999755859375,90.7699966430664,77.06999969482422,3.443000078201294,17.6299991607666
2011-02-02,1331.5,90.86000061035156,77.16000366210938,3.489000082015991,17.299999237060547
2011-02-03,1352.300048828125,90.54000091552734,77.75,3.5409998893737793,16.690000534057617
2011-02-04,1348.300048828125,89.02999877929688,78.04000091552734,3.6519999504089355,15.930000305175781
2011-02-07,1347.5999755859375,87.4800033569336,78.02999877929688,3.6440000534057617,16.280000686645508
2011-02-08,1363.4000244140625,86.94000244140625,78.0,3.7249999046325684,15.8100004196167
2011-02-09,1364.800048828125,86.70999908447266,77.63999938964844,3.6419999599456787,15.869999885559082
2011-02-10,1361.9000244140625,86.7300033569336,78.25,3.7079999446868896,16.09000015258789
2011-02-11,1359.9000244140625,85.58000183105469,78.45999908447266,3.6459999084472656,15.6899995803833
2011-02-14,1364.5999755859375,84.80999755859375,78.61000061035156,3.614000082015991,15.949999809265137
2011-02-15,1373.5999755859375,84.31999969482422,78.56999969482422,3.615999937057495,16.3700008392334
2011-02-16,1374.699951171875,84.98999786376953,78.22000122070312,3.621000051498413,16.719999313354492
2011-02-17,1384.699951171875,86.36000061035156,78.0,3.5739998817443848,16.59000015258789
2011-02-18,1388.199951171875,86.19999694824219,77.66000366210938,3.5889999866485596,16.43000030517578
2011-02-22,1400.5,93.56999969482422,77.7699966430664,3.4609999656677246,20.799999237060547
2011-02-23,1413.4000244140625,98.0999984741211,77.41000366210938,3.486999988555908,22.1299991607666
2011-02-24,1415.300048828125,97.27999877929688,77.05999755859375,3.437999963760376,21.31999969482422
2011-02-25,1408.699951171875,97.87999725341797,77.27999877929688,3.424999952316284,19.219999313354492
2011-02-28,1409.300048828125,96.97000122070312,76.88999938964844,3.4140000343322754,18.350000381469727
2011-03-01,1430.699951171875,99.62999725341797,77.05000305175781,3.4140000343322754,21.010000228881836
2011-03-02,1437.199951171875,102.2300033569336,76.66999816894531,3.4639999866485596,20.700000762939453
2011-03-03,1416.0,101.91000366210938,76.4800033569336,3.572000026702881,18.600000381469727
2011-03-04,1428.199951171875,104.41999816894531,76.4000015258789,3.492000102996826,19.059999465942383
2011-03-07,1434.0999755859375,105.44000244140625,76.5,3.496999979019165,20.65999984741211
2011-03-08,1426.9000244140625,105.0199966430664,76.80000305175781,3.5439999103546143,19.81999969482422
2011-03-09,1429.300048828125,104.37999725341797,76.72000122070312,3.4690001010894775,20.219999313354492
2011-03-10,1412.199951171875,102.69999694824219,77.27999877929688,3.3929998874664307,21.8799991607666
2011-03-11,1421.5,101.16000366210938,76.77999877929688,3.3929998874664307,20.079999923706055
2011-03-14,1424.5999755859375,101.19000244140625,76.3499984741211,3.3469998836517334,21.1299991607666
2011-03-15,1392.5999755859375,97.18000030517578,76.33000183105469,3.322999954223633,24.31999969482422
2011-03-16,1396.0,97.9800033569336,76.68000030517578,3.2119998931884766,29.399999618530273
2011-03-17,1404.0,101.41999816894531,76.04000091552734,3.247999906539917,26.3700008392334
2011-03-18,1415.9000244140625,101.06999969482422,75.72000122070312,3.2769999504089355,24.440000534057617
2011-03-21,1426.199951171875,102.33000183105469,75.4000015258789,3.322999954223633,20.610000610351562
2011-03-22,1427.5,104.0,75.43000030517578,3.3320000171661377,20.209999084472656
2011-03-23,1437.9000244140625,105.75,75.79000091552734,3.3480000495910645,19.170000076293945
2011-03-24,1434.800048828125,105.5999984741211,75.66000366210938,3.4040000438690186,18.0
2011-03-25,1426.0999755859375,105.4000015258789,76.22000122070312,3.444000005722046,17.90999984741211
2011-03-28,1419.800048828125,103.9800033569336,76.12999725341797,3.447999954223633,19.440000534057617
2011-03-29,1416.0,104.79000091552734,76.25,3.490999937057495,18.15999984741211
2011-03-30,1423.800048828125,104.2699966430664,76.12000274658203,3.4549999237060547,17.709999084472656
2011-03-31,1438.9000244140625,106.72000122070312,75.86000061035156,3.4539999961853027,17.739999771118164
2011-04-01,1428.0999755859375,107.94000244140625,75.83000183105469,3.4509999752044678,17.399999618530273
2011-04-04,1432.199951171875,108.47000122070312,75.91000366210938,3.430999994277954,17.5
2011-04-05,1451.800048828125,108.33999633789062,75.87999725341797,3.486999988555908,17.25
2011-04-06,1457.699951171875,108.83000183105469,75.51000213623047,3.5450000762939453,16.899999618530273
2011-04-07,1458.5,110.30000305175781,75.58999633789062,3.555000066757202,17.110000610351562
2011-04-08,1473.4000244140625,112.79000091552734,75.06999969482422,3.569999933242798,17.8700008392334
2011-04-11,1467.4000244140625,109.91999816894531,75.05999755859375,3.569999933242798,16.59000015258789
2011-04-12,1452.9000244140625,106.25,74.8499984741211,3.5,17.09000015258789
2011-04-13,1454.9000244140625,107.11000061035156,74.9800033569336,3.4660000801086426,16.920000076293945
2011-04-14,1471.699951171875,108.11000061035156,74.68000030517578,3.484999895095825,16.270000457763672
2011-04-15,1485.300048828125,109.66000366210938,74.83000183105469,3.4100000858306885,15.319999694824219
2011-04-18,1492.300048828125,107.12000274658203,75.5,3.371000051498413,16.959999084472656
2011-04-19,1494.5,108.1500015258789,75.02999877929688,3.3559999465942383,15.829999923706055
2011-04-20,1498.300048828125,111.44999694824219,74.37000274658203,3.4000000953674316,15.069999694824219
2011-04-21,1503.199951171875,112.29000091552734,74.0,3.4000000953674316,14.6899995803833
2011-04-25,1508.5999755859375,112.27999877929688,73.98999786376953,3.36299991607666,15.770000457763672
2011-04-26,1503.0,112.20999908447266,73.83999633789062,3.319999933242798,15.619999885559082
2011-04-27,1516.699951171875,112.76000213623047,73.5199966430664,3.368000030517578,15.350000381469727
2011-04-28,1530.800048828125,112.86000061035156,73.12000274658203,3.312000036239624,14.619999885559082
2011-04-29,1556.0,113.93000030517578,72.93000030517578,3.2960000038146973,14.75
2011-05-02,1556.699951171875,113.5199966430664,72.94999694824219,3.2860000133514404,15.989999771118164
2011-05-03,1540.0999755859375,111.05000305175781,73.13999938964844,3.255000114440918,16.700000762939453
2011-05-04,1514.9000244140625,109.23999786376953,73.02999877929688,3.2230000495910645,17.079999923706055
2011-05-05,1480.9000244140625,99.80000305175781,74.19000244140625,3.1679999828338623,18.200000762939453
2011-05-06,1491.199951171875,97.18000030517578,74.83999633789062,3.1570000648498535,18.399999618530273
2011-05-09,1502.9000244140625,102.55000305175781,74.73999786376953,3.1419999599456787,17.15999984741211
2011-05-10,1516.5999755859375,103.87999725341797,74.61000061035156,3.194999933242798,15.90999984741211
2011-05-11,1501.0999755859375,98.20999908447266,75.33000183105469,3.1570000648498535,16.950000762939453
2011-05-12,1506.5999755859375,98.97000122070312,75.23999786376953,3.2300000190734863,16.030000686645508
2011-05-13,1493.4000244140625,99.6500015258789,75.76000213623047,3.187000036239624,17.06999969482422
2011-05-16,1490.4000244140625,97.37000274658203,75.47000122070312,3.1489999294281006,18.239999771118164
2011-05-17,1479.800048828125,96.91000366210938,75.4000015258789,3.121000051498413,17.549999237060547
2011-05-18,1495.5999755859375,100.0999984741211,75.47000122070312,3.1710000038146973,16.229999542236328
2011-05-19,1492.199951171875,98.44000244140625,75.12000274658203,3.1710000038146973,15.520000457763672
2011-05-20,1508.800048828125,99.48999786376953,75.43000030517578,3.1519999504089355,17.43000030517578
2011-05-23,1515.300048828125,97.69999694824219,76.0999984741211,3.134000062942505,18.270000457763672
2011-05-24,1523.199951171875,99.58999633789062,75.87999725341797,3.122999906539917,17.81999969482422
2011-05-25,1526.5999755859375,101.31999969482422,75.93000030517578,3.128999948501587,17.06999969482422
2011-05-26,1522.800048828125,100.2300033569336,75.55000305175781,3.061000108718872,16.09000015258789
2011-05-27,1536.300048828125,100.58999633789062,74.94999694824219,3.063999891281128,15.979999542236328
2011-05-31,1535.9000244140625,102.69999694824219,74.63999938964844,3.049999952316284,15.449999809265137
2011-06-01,1542.4000244140625,100.29000091552734,74.68000030517578,2.9660000801086426,18.299999237060547
2011-06-02,1532.0,100.4000015258789,74.33000183105469,3.0299999713897705,18.09000015258789
2011-06-03,1541.699951171875,100.22000122070312,73.77999877929688,2.996999979019165,17.950000762939453
2011-06-06,1546.5,99.01000213623047,73.94999694824219,3.002000093460083,18.489999771118164
2011-06-07,1543.300048828125,99.08999633789062,73.5199966430664,3.010999917984009,18.06999969482422
2011-06-08,1538.0999755859375,100.73999786376953,73.93000030517578,2.9619998931884766,18.790000915527344
2011-06-09,1542.0999755859375,101.93000030517578,74.19000244140625,2.997999906539917,17.770000457763672
2011-06-10,1528.5999755859375,99.29000091552734,74.79000091552734,2.9709999561309814,18.860000610351562
2011-06-13,1515.0,97.30000305175781,74.51000213623047,2.990999937057495,19.610000610351562
2011-06-14,1523.800048828125,99.37000274658203,74.33000183105469,3.0989999771118164,18.260000228881836
2011-06-15,1525.5999755859375,94.80999755859375,75.5999984741211,2.9730000495910645,21.31999969482422
2011-06-16,1529.300048828125,94.94999694824219,75.75,2.9089999198913574,22.729999542236328
2011-06-17,1538.5999755859375,93.01000213623047,74.98999786376953,2.944000005722046,21.850000381469727
2011-06-20,1541.5,93.26000213623047,75.02999877929688,2.9630000591278076,19.989999771118164
2011-06-21,1546.0,93.4000015258789,74.54000091552734,2.984999895095825,18.860000610351562
2011-06-22,1552.9000244140625,95.41000366210938,74.77999877929688,2.993000030517578,18.520000457763672
2011-06-23,1520.0999755859375,91.0199966430664,75.44999694824219,2.9089999198913574,19.290000915527344
2011-06-24,1500.5,91.16000366210938,75.66999816894531,2.871000051498413,21.100000381469727
2011-06-27,1496.0,90.61000061035156,75.38999938964844,2.927000045776367,20.559999465942383
2011-06-28,1499.699951171875,92.88999938964844,75.05999755859375,3.0450000762939453,19.170000076293945
2011-06-29,1509.9000244140625,94.7699966430664,74.69000244140625,3.1080000400543213,17.270000457763672
2011-06-30,1502.300048828125,95.41999816894531,74.30000305175781,3.1579999923706055,16.520000457763672
2011-07-01,1482.300048828125,94.94000244140625,74.3499984741211,3.197000026702881,15.869999885559082
2011-07-05,1512.300048828125,96.88999938964844,74.69000244140625,3.135999917984009,16.059999465942383
2011-07-06,1528.699951171875,96.6500015258789,75.12000274658203,3.0950000286102295,16.34000015258789
2011-07-07,1530.199951171875,98.66999816894531,74.95999908447266,3.1489999294281006,15.949999809265137
2011-07-08,1541.199951171875,96.19999694824219,75.18000030517578,3.0160000324249268,15.949999809265137
2011-07-11,1548.800048828125,95.1500015258789,75.98999786376953,2.9170000553131104,18.389999389648438
2011-07-12,1561.9000244140625,97.43000030517578,75.80999755859375,2.9079999923706055,19.8700008392334
2011-07-13,1585.199951171875,98.05000305175781,75.20999908447266,2.8910000324249268,19.90999984741211
2011-07-14,1589.0,95.69000244140625,75.25,2.944000005722046,20.799999237060547
2011-07-15,1589.800048828125,97.23999786376953,75.12999725341797,2.9079999923706055,19.530000686645508
2011-07-18,1602.0999755859375,95.93000030517578,75.4800033569336,2.9089999198913574,20.950000762939453
2011-07-19,1600.9000244140625,97.5,75.22000122070312,2.8910000324249268,19.209999084472656
2011-07-20,1596.699951171875,98.13999938964844,74.79000091552734,2.933000087738037,19.09000015258789
2011-07-21,1586.800048828125,99.12999725341797,74.0199966430664,3.009999990463257,17.559999465942383
2011-07-22,1601.300048828125,99.87000274658203,74.19999694824219,2.9639999866485596,17.520000457763672
2011-07-25,1612.0,99.19999694824219,74.05999755859375,3.003999948501587,19.350000381469727
2011-07-26,1616.5999755859375,99.58999633789062,73.47000122070312,2.9509999752044678,20.229999542236328
2011-07-27,1615.0,97.4000015258789,74.08999633789062,2.9800000190734863,22.979999542236328
2011-07-28,1613.4000244140625,97.44000244140625,74.22000122070312,2.9509999752044678,23.739999771118164
2011-07-29,1628.300048828125,95.69999694824219,73.9000015258789,2.805000066757202,25.25
2011-08-01,1619.0,94.88999938964844,74.26000213623047,2.740000009536743,23.65999984741211
2011-08-02,1641.9000244140625,93.79000091552734,74.51000213623047,2.624000072479248,24.790000915527344
2011-08-03,1663.4000244140625,91.93000030517578,74.04000091552734,2.5989999771118164,23.3799991607666
2011-08-04,1656.199951171875,86.62999725341797,75.12000274658203,2.4579999446868896,31.65999984741211
2011-08-05,1648.800048828125,86.87999725341797,74.5999984741211,2.558000087738037,32.0
2011-08-08,1710.199951171875,81.30999755859375,74.79000091552734,2.3389999866485596,48.0
2011-08-09,1740.0,79.30000305175781,74.61000061035156,2.181999921798706,35.060001373291016
2011-08-10,1781.300048828125,82.88999938964844,74.63999938964844,2.13700008392334,42.9900016784668
2011-08-11,1748.800048828125,85.72000122070312,74.68000030517578,2.3359999656677246,39.0
2011-08-12,1740.199951171875,85.37999725341797,74.61000061035156,2.236999988555908,36.36000061035156
2011-08-15,1755.5,87.87999725341797,73.83999633789062,2.2850000858306885,31.8700008392334
2011-08-16,1782.4000244140625,86.6500015258789,74.01000213623047,2.2139999866485596,32.849998474121094
2011-08-17,1791.199951171875,87.58000183105469,73.66999816894531,2.1649999618530273,31.579999923706055
2011-08-18,1818.9000244140625,82.37999725341797,74.23999786376953,2.0829999446868896,42.66999816894531
2011-08-19,1848.9000244140625,82.26000213623047,73.98999786376953,2.071000099182129,43.04999923706055
2011-08-22,1888.699951171875,84.12000274658203,74.06999969482422,2.0880000591278076,42.439998626708984
2011-08-23,1858.300048828125,85.44000244140625,73.87000274658203,2.13700008392334,36.27000045776367
2011-08-24,1754.0999755859375,85.16000366210938,74.01000213623047,2.259999990463257,35.900001525878906
2011-08-25,1759.800048828125,85.30000305175781,74.27999877929688,2.2219998836517334,39.7599983215332
2011-08-26,1794.0999755859375,85.37000274658203,73.80999755859375,2.187999963760376,35.59000015258789
2011-08-29,1788.4000244140625,87.2699966430664,73.72000122070312,2.2709999084472656,32.279998779296875
2011-08-30,1826.699951171875,88.9000015258789,73.94000244140625,2.1760001182556152,32.88999938964844
2011-08-31,1828.5,88.80999755859375,74.12999725341797,2.2179999351501465,31.6200008392334
2011-09-01,1826.0,88.93000030517578,74.4800033569336,2.1459999084472656,31.81999969482422
2011-09-02,1873.699951171875,86.44999694824219,74.75,1.996000051498413,33.91999816894531
2011-09-06,1869.9000244140625,86.0199966430664,75.91999816894531,1.9789999723434448,37.0
2011-09-07,1814.199951171875,89.33999633789062,75.45999908447266,2.0360000133514404,33.380001068115234
2011-09-08,1854.4000244140625,89.05000305175781,76.23999786376953,1.9859999418258667,34.31999969482422
2011-09-09,1856.4000244140625,87.23999786376953,77.19000244140625,1.9149999618530273,38.52000045776367
2011-09-12,1809.9000244140625,88.19000244140625,77.56999969482422,1.9299999475479126,38.59000015258789
2011-09-13,1826.800048828125,90.20999908447266,76.91000366210938,1.99399995803833,36.90999984741211
2011-09-14,1823.5,88.91000366210938,76.83000183105469,2.010999917984009,34.599998474121094
2011-09-15,1778.5,89.4000015258789,76.23999786376953,2.0850000381469727,31.969999313354492
2011-09-16,1812.0999755859375,87.95999908447266,76.58000183105469,2.0759999752044678,30.979999542236328
2011-09-19,1776.4000244140625,85.69999694824219,77.38999938964844,1.940000057220459,32.72999954223633
2011-09-20,1806.5999755859375,86.88999938964844,77.02999877929688,1.9470000267028809,32.86000061035156
2011-09-21,1805.5,85.91999816894531,77.33999633789062,1.875,37.31999969482422
2011-09-22,1739.199951171875,80.51000213623047,78.37999725341797,1.715000033378601,41.349998474121094
2011-09-23,1637.5,79.8499984741211,78.30000305175781,1.8079999685287476,41.25
2011-09-26,1592.5,80.23999786376953,78.36000061035156,1.9040000438690186,39.02000045776367
2011-09-27,1650.5999755859375,84.44999694824219,77.51000213623047,2.0160000324249268,37.709999084472656
2011-09-28,1616.300048828125,81.20999908447266,77.8499984741211,2.002000093460083,41.08000183105469
2011-09-29,1615.5,82.13999938964844,77.91999816894531,1.9570000171661377,38.84000015258789
2011-09-30,1620.4000244140625,79.19999694824219,78.55000305175781,1.9240000247955322,42.959999084472656
2011-10-03,1656.0,77.61000061035156,79.44999694824219,1.784999966621399,45.45000076293945
2011-10-04,1614.699951171875,75.66999816894531,79.5999984741211,1.781000018119812,40.81999969482422
2011-10-05,1640.300048828125,79.68000030517578,78.91000366210938,1.9049999713897705,37.810001373291016
2011-10-06,1651.9000244140625,82.58999633789062,78.52999877929688,1.9859999418258667,36.27000045776367
2011-10-07,1634.5,82.9800033569336,78.72000122070312,2.068000078201294,36.20000076293945
2011-10-10,1669.5999755859375,85.41000366210938,77.5999984741211,2.0759999752044678,33.02000045776367
2011-10-11,1659.699951171875,85.80999755859375,77.58000183105469,2.1600000858306885,32.86000061035156
2011-10-12,1681.300048828125,85.56999969482422,76.98999786376953,2.2260000705718994,31.260000228881836
2011-10-13,1667.300048828125,84.2300033569336,76.98999786376953,2.1689999103546143,30.700000762939453
2011-10-14,1681.800048828125,86.80000305175781,76.62000274658203,2.2320001125335693,28.239999771118164
2011-10-17,1675.5,86.37999725341797,77.13999938964844,2.1549999713897705,33.38999938964844
2011-10-18,1651.699951171875,88.33999633789062,77.12999725341797,2.1510000228881836,31.559999465942383
2011-10-19,1646.0,86.11000061035156,77.11000061035156,2.1589999198913574,34.439998626708984
2011-10-20,1611.9000244140625,85.30000305175781,76.97000122070312,2.180000066757202,34.779998779296875
2011-10-21,1635.0999755859375,87.4000015258789,76.30000305175781,2.203000068664551,31.31999969482422
2011-10-24,1651.5,91.2699966430664,76.0199966430664,2.2339999675750732,29.260000228881836
2011-10-25,1699.5999755859375,93.16999816894531,76.25,2.128000020980835,32.220001220703125
2011-10-26,1722.699951171875,90.19999694824219,76.19999694824219,2.203000068664551,29.860000610351562
2011-10-27,1746.699951171875,93.95999908447266,74.87000274658203,2.3949999809265137,25.459999084472656
2011-10-28,1746.199951171875,93.31999969482422,75.08999633789062,2.305999994277954,24.530000686645508
2011-10-31,1724.199951171875,93.19000244140625,76.16999816894531,2.174999952316284,29.959999084472656
2011-11-01,1711.0,92.19000244140625,77.26000213623047,2.000999927520752,34.77000045776367
2011-11-02,1728.699951171875,92.51000213623047,77.01000213623047,2.00600004196167,32.7400016784668
2011-11-03,1764.199951171875,94.06999969482422,76.66999816894531,2.065999984741211,30.5
2011-11-04,1755.300048828125,94.26000213623047,76.91000366210938,2.049999952316284,30.15999984741211
2011-11-07,1790.300048828125,95.5199966430664,76.95999908447266,1.99399995803833,29.850000381469727
2011-11-08,1798.4000244140625,96.80000305175781,76.66999816894531,2.065000057220459,27.479999542236328
2011-11-09,1790.9000244140625,95.73999786376953,77.93000030517578,1.9550000429153442,36.15999984741211
2011-11-10,1758.9000244140625,97.77999877929688,77.63999938964844,2.055999994277954,32.810001373291016
2011-11-11,1787.5,98.98999786376953,76.94000244140625,2.055999994277954,30.040000915527344
2011-11-14,1777.800048828125,98.13999938964844,77.55999755859375,2.0429999828338623,31.1299991607666
2011-11-15,1781.699951171875,99.37000274658203,77.87999725341797,2.056999921798706,31.219999313354492
2011-11-16,1773.800048828125,102.58999633789062,78.16000366210938,2.0239999294281006,33.5099983215332
2011-11-17,1719.800048828125,98.81999969482422,78.29000091552734,1.9579999446868896,34.5099983215332
2011-11-18,1724.699951171875,97.41000366210938,78.0199966430664,2.01200008392334,32.0
2011-11-21,1678.300048828125,96.91999816894531,78.30000305175781,1.9620000123977661,32.90999984741211
2011-11-22,1702.199951171875,98.01000213623047,78.2300033569336,1.9390000104904175,31.969999313354492
2011-11-23,1695.699951171875,96.16999816894531,79.0,1.878999948501587,33.97999954223633
2011-11-25,1685.5,96.7699966430664,79.61000061035156,1.9670000076293945,34.470001220703125
2011-11-28,1710.800048828125,98.20999908447266,79.29000091552734,1.9579999446868896,32.130001068115234
2011-11-29,1713.4000244140625,99.79000091552734,79.0,1.996000051498413,30.639999389648438
2011-11-30,1745.5,100.36000061035156,78.38999938964844,2.068000078201294,27.799999237060547
2011-12-01,1735.300048828125,100.19999694824219,78.31999969482422,2.117000102996826,27.40999984741211
2011-12-02,1747.0,100.95999908447266,78.62999725341797,2.0420000553131104,27.520000457763672
2011-12-05,1730.699951171875,100.98999786376953,78.61000061035156,2.053999900817871,27.84000015258789
2011-12-06,1727.9000244140625,101.27999877929688,78.51000213623047,2.0929999351501465,28.1299991607666
2011-12-07,1740.9000244140625,100.48999786376953,78.4800033569336,2.0169999599456787,28.670000076293945
2011-12-08,1709.800048828125,98.33999633789062,78.80999755859375,1.972000002861023,30.59000015258789
2011-12-09,1712.800048828125,99.41000366210938,78.62999725341797,2.052000045776367,26.3799991607666
2011-12-12,1664.199951171875,97.7699966430664,79.56999969482422,2.009000062942505,25.670000076293945
2011-12-13,1659.9000244140625,100.13999938964844,80.25,1.9620000123977661,25.40999984741211
2011-12-14,1584.300048828125,94.94999694824219,80.52999877929688,1.9010000228881836,26.040000915527344
2011-12-15,1574.5999755859375,93.87000274658203,80.23999786376953,1.9129999876022339,25.110000610351562
2011-12-16,1595.5999755859375,93.52999877929688,80.25,1.8539999723434448,24.290000915527344
2011-12-19,1594.4000244140625,93.87999725341797,80.25,1.812999963760376,24.920000076293945
2011-12-20,1615.5999755859375,97.22000122070312,79.87999725341797,1.9249999523162842,23.219999313354492
2011-12-21,1611.9000244140625,98.66999816894531,80.0199966430664,1.9670000076293945,21.43000030517578
2011-12-22,1608.9000244140625,99.52999877929688,79.91999816894531,1.9509999752044678,21.15999984741211
2011-12-23,1604.699951171875,99.68000030517578,80.01000213623047,2.0299999713897705,20.729999542236328
2011-12-27,1594.199951171875,101.33999633789062,79.79000091552734,2.009000062942505,21.90999984741211
2011-12-28,1562.9000244140625,99.36000061035156,80.48999786376953,1.9079999923706055,23.520000457763672
2011-12-29,1539.9000244140625,99.6500015258789,80.4800033569336,1.8969999551773071,22.649999618530273
2011-12-30,1565.800048828125,98.83000183105469,80.16999816894531,1.871000051498413,23.399999618530273
2012-01-03,1599.699951171875,102.95999908447266,79.61000061035156,1.9600000381469727,22.969999313354492
2012-01-04,1611.9000244140625,103.22000122070312,80.08999633789062,1.9950000047683716,22.219999313354492
2012-01-05,1619.4000244140625,101.80999755859375,80.94000244140625,1.9930000305175781,21.479999542236328
2012-01-06,1616.0999755859375,101.55999755859375,81.23999786376953,1.9609999656677246,20.6299991607666
2012-01-09,1607.5,101.30999755859375,81.05000305175781,1.9600000381469727,21.06999969482422
2012-01-10,1631.0,102.23999786376953,80.80000305175781,1.972000002861023,20.690000534057617
2012-01-11,1639.199951171875,100.87000274658203,81.3499984741211,1.9040000438690186,21.049999237060547
2012-01-12,1647.300048828125,99.0999984741211,80.7699966430664,1.9329999685287476,20.469999313354492
2012-01-13,1630.4000244140625,98.69999694824219,81.43000030517578,1.8530000448226929,20.90999984741211
2012-01-17,1655.199951171875,100.70999908447266,81.18000030517578,1.850000023841858,22.200000762939453
2012-01-18,1659.5,100.58999633789062,80.5999984741211,1.8969999551773071,20.889999389648438
2012-01-19,1654.0999755859375,100.38999938964844,80.20999908447266,1.972000002861023,19.8700008392334
2012-01-20,1663.699951171875,98.45999908447266,80.22000122070312,2.0280001163482666,18.280000686645508
2012-01-23,1678.0,99.58000183105469,79.69000244140625,2.066999912261963,18.670000076293945
2012-01-24,1664.199951171875,98.94999694824219,79.86000061035156,2.063999891281128,18.90999984741211
2012-01-25,1699.800048828125,99.4000015258789,79.56999969482422,2.006999969482422,18.309999465942383
2012-01-26,1726.300048828125,99.69999694824219,79.41000366210938,1.930999994277954,18.56999969482422
2012-01-27,1731.800048828125,99.55999755859375,78.9000015258789,1.8980000019073486,18.530000686645508
2012-01-30,1731.0,98.77999877929688,79.16000366210938,1.8370000123977661,19.399999618530273
2012-01-31,1737.800048828125,98.4800033569336,79.27999877929688,1.7990000247955322,19.440000534057617
2012-02-01,1747.0999755859375,97.61000061035156,78.91999816894531,1.8459999561309814,18.549999237060547
2012-02-02,1756.800048828125,96.36000061035156,78.97000122070312,1.8250000476837158,17.979999542236328
2012-02-03,1737.9000244140625,97.83999633789062,78.94000244140625,1.9490000009536743,17.100000381469727
2012-02-06,1722.800048828125,96.91000366210938,79.08999633789062,1.9010000228881836,17.760000228881836
2012-02-07,1746.4000244140625,98.41000366210938,78.56999969482422,1.965999960899353,17.649999618530273
2012-02-08,1729.300048828125,98.70999908447266,78.63999938964844,1.975000023841858,18.15999984741211
2012-02-09,1739.0,99.83999633789062,78.55999755859375,2.046999931335449,18.6299991607666
2012-02-10,1723.300048828125,98.66999816894531,79.11000061035156,1.968999981880188,20.790000915527344
2012-02-13,1723.0,100.91000366210938,78.94000244140625,1.9900000095367432,19.040000915527344
2012-02-14,1715.9000244140625,100.73999786376953,79.58000183105469,1.9240000247955322,19.540000915527344
2012-02-15,1726.300048828125,101.80000305175781,79.66999816894531,1.930999994277954,21.139999389648438
2012-02-16,1726.800048828125,102.30999755859375,79.33999633789062,1.9930000305175781,19.219999313354492
2012-02-17,1724.5,103.23999786376953,79.33000183105469,2.009999990463257,17.780000686645508
2012-02-21,1757.0999755859375,105.83999633789062,79.04000091552734,2.0450000762939453,18.190000534057617
2012-02-22,1770.0,106.27999877929688,79.20999908447266,2.005000114440918,18.190000534057617
2012-02-23,1784.9000244140625,107.83000183105469,78.80999755859375,1.9839999675750732,16.799999237060547
2012-02-24,1775.0999755859375,109.7699966430664,78.3499984741211,1.9769999980926514,17.309999465942383
2012-02-27,1773.5999755859375,108.55999755859375,78.55999755859375,1.9220000505447388,18.190000534057617
2012-02-28,1787.0,106.55000305175781,78.2699966430664,1.9290000200271606,17.959999084472656
2012-02-29,1709.9000244140625,107.06999969482422,78.7300033569336,1.9769999980926514,18.43000030517578
2012-03-01,1721.0999755859375,108.83999633789062,78.77999877929688,2.0369999408721924,17.260000228881836
2012-03-02,1708.800048828125,106.69999694824219,79.4000015258789,1.9859999418258667,17.290000915527344
2012-03-05,1703.0,106.72000122070312,79.31999969482422,2.005000114440918,18.049999237060547
2012-03-06,1671.4000244140625,104.69999694824219,79.86000061035156,1.944000005722046,20.8700008392334
2012-03-07,1683.300048828125,106.16000366210938,79.70999908447266,1.972000002861023,19.06999969482422
2012-03-08,1698.0999755859375,106.58000183105469,79.16000366210938,2.0139999389648438,17.950000762939453
2012-03-09,1710.9000244140625,107.4000015258789,80.04000091552734,2.0380001068115234,17.110000610351562
2012-03-12,1699.199951171875,106.33999633789062,79.87000274658203,2.0309998989105225,15.640000343322754
2012-03-13,1693.699951171875,106.70999908447266,80.19000244140625,2.1070001125335693,14.800000190734863
2012-03-14,1642.5,105.43000030517578,80.55999755859375,2.2739999294281006,15.3100004196167
2012-03-15,1659.0999755859375,105.11000061035156,80.1500015258789,2.2809998989105225,15.420000076293945
2012-03-16,1655.5,107.05999755859375,79.77999877929688,2.2980000972747803,14.470000267028809
2012-03-19,1666.9000244140625,108.08999633789062,79.44999694824219,2.378999948501587,15.039999961853027
2012-03-20,1646.699951171875,105.61000061035156,79.58999633789062,2.371999979019165,15.579999923706055
2012-03-21,1650.0,107.2699966430664,79.62999725341797,2.2939999103546143,15.130000114440918
2012-03-22,1642.300048828125,105.3499984741211,79.73999786376953,2.2750000953674316,15.569999694824219
2012-03-23,1662.300048828125,106.87000274658203,79.33999633789062,2.236999988555908,14.819999694824219
2012-03-26,1685.5,107.02999877929688,78.93000030517578,2.24399995803833,14.260000228881836
2012-03-27,1684.800048828125,107.33000183105469,79.04000091552734,2.187000036239624,15.59000015258789
2012-03-28,1657.9000244140625,105.41000366210938,79.16000366210938,2.196000099182129,15.470000267028809
2012-03-29,1652.199951171875,102.77999877929688,79.18000030517578,2.1589999198913574,15.479999542236328
2012-03-30,1669.300048828125,103.0199966430664,78.93000030517578,2.2160000801086426,15.5
2012-04-02,1677.5,105.2300033569336,78.81999969482422,2.193000078201294,15.640000343322754
2012-04-03,1670.0,104.01000213623047,79.4800033569336,2.2839999198913574,15.65999984741211
2012-04-04,1612.300048828125,101.47000122070312,79.76000213623047,2.243000030517578,16.440000534057617
2012-04-05,1628.5,103.30999755859375,80.06999969482422,2.174999952316284,16.700000762939453
2012-04-09,1642.5,102.45999908447266,79.7300033569336,2.0369999408721924,18.809999465942383
2012-04-10,1659.5,101.0199966430664,79.88999938964844,1.9880000352859497,20.389999389648438
2012-04-11,1659.0,102.69999694824219,79.77999877929688,2.0280001163482666,20.020000457763672
2012-04-12,1679.5,103.63999938964844,79.27999877929688,2.0490000247955322,17.200000762939453
2012-04-13,1659.0999755859375,102.83000183105469,79.87999725341797,1.9980000257492065,19.549999237060547
2012-04-16,1648.699951171875,102.93000030517578,79.55000305175781,1.9739999771118164,19.549999237060547
2012-04-17,1650.300048828125,104.19999694824219,79.47000122070312,2.009000062942505,18.459999084472656
2012-04-18,1638.800048828125,102.66999816894531,79.52999877929688,1.9819999933242798,18.639999389648438
2012-04-19,1640.5999755859375,102.2699966430664,79.55999755859375,1.9520000219345093,18.360000610351562
2012-04-20,1642.0999755859375,103.05000305175781,79.18000030517578,1.9700000286102295,17.440000534057617
2012-04-23,1631.9000244140625,103.11000061035156,79.41999816894531,1.9329999685287476,18.969999313354492
2012-04-24,1643.0,103.55000305175781,79.22000122070312,1.9609999656677246,18.100000381469727
2012-04-25,1641.4000244140625,104.12000274658203,79.01000213623047,1.9839999675750732,16.81999969482422
2012-04-26,1659.5999755859375,104.55000305175781,78.91000366210938,1.9589999914169312,16.239999771118164
2012-04-27,1664.0,104.93000030517578,78.69999694824219,1.9329999685287476,16.31999969482422
2012-04-30,1663.4000244140625,104.87000274658203,78.79000091552734,1.9149999618530273,17.149999618530273
2012-05-01,1661.699951171875,106.16000366210938,78.86000061035156,1.9559999704360962,16.600000381469727
2012-05-02,1653.4000244140625,105.22000122070312,79.12999725341797,1.9220000505447388,16.8799991607666
2012-05-03,1634.199951171875,102.54000091552734,79.22000122070312,1.9240000247955322,17.559999465942383
2012-05-04,1644.699951171875,98.48999786376953,79.47000122070312,1.8799999952316284,19.15999984741211
2012-05-07,1638.5999755859375,97.94000244140625,79.5999984741211,1.8769999742507935,18.940000534057617
2012-05-08,1604.0,97.01000213623047,79.7300033569336,1.8370000123977661,19.049999237060547
2012-05-09,1593.699951171875,96.80999755859375,80.08000183105469,1.8350000381469727,20.079999923706055
2012-05-10,1595.0999755859375,97.08000183105469,80.11000061035156,1.8839999437332153,18.829999923706055
2012-05-11,1583.5999755859375,96.12999725341797,80.27999877929688,1.840999960899353,19.889999389648438
2012-05-14,1560.5999755859375,94.77999877929688,80.5999984741211,1.7879999876022339,21.8700008392334
2012-05-15,1556.800048828125,93.9800033569336,81.22000122070312,1.7769999504089355,21.969999313354492
2012-05-16,1536.199951171875,92.80999755859375,81.37000274658203,1.7649999856948853,22.270000457763672
2012-05-17,1574.5,92.55999755859375,81.37999725341797,1.7020000219345093,24.489999771118164
2012-05-18,1591.5999755859375,91.4800033569336,81.29000091552734,1.7020000219345093,25.100000381469727
2012-05-21,1588.4000244140625,92.56999969482422,81.08000183105469,1.7350000143051147,22.010000228881836
2012-05-22,1576.300048828125,91.66000366210938,81.66999816894531,1.7929999828338623,22.479999542236328
2012-05-23,1548.0999755859375,89.9000015258789,82.08999633789062,1.7209999561309814,22.329999923706055
2012-05-24,1557.300048828125,90.66000366210938,82.29000091552734,1.7589999437332153,21.540000915527344
2012-05-25,1568.800048828125,90.86000061035156,82.4000015258789,1.7450000047683716,21.760000228881836
2012-05-29,1548.5999755859375,90.76000213623047,82.44000244140625,1.7309999465942383,21.030000686645508
2012-05-30,1563.4000244140625,87.81999969482422,83.01000213623047,1.625,24.139999389648438
2012-05-31,1562.5999755859375,86.52999877929688,83.04000091552734,1.5809999704360962,24.059999465942383
2012-06-01,1620.5,83.2300033569336,82.88999938964844,1.4670000076293945,26.65999984741211
2012-06-04,1612.199951171875,83.9800033569336,82.55000305175781,1.5269999504089355,26.1200008392334
2012-06-05,1615.199951171875,84.29000091552734,82.80000305175781,1.555999994277954,24.68000030517578
2012-06-06,1632.800048828125,85.0199966430664,82.31999969482422,1.6510000228881836,22.15999984741211
2012-06-07,1586.5999755859375,84.81999969482422,82.05000305175781,1.6540000438690186,21.719999313354492
2012-06-08,1590.0999755859375,84.0999984741211,82.51000213623047,1.6369999647140503,21.229999542236328
2012-06-11,1595.5,82.69999694824219,82.51000213623047,1.600000023841858,23.559999465942383
2012-06-12,1612.699951171875,83.31999969482422,82.41000366210938,1.6610000133514404,22.09000015258789
2012-06-13,1618.0999755859375,82.62000274658203,82.05000305175781,1.5989999771118164,24.270000457763672
2012-06-14,1618.4000244140625,83.91000366210938,81.9000015258789,1.6109999418258667,21.68000030517578
2012-06-15,1627.0,84.02999877929688,81.58999633789062,1.5870000123977661,21.110000610351562
2012-06-18,1625.699951171875,83.2699966430664,81.94000244140625,1.5839999914169312,18.31999969482422
2012-06-19,1622.199951171875,84.02999877929688,81.37000274658203,1.6200000047683716,18.3799991607666
2012-06-20,1614.800048828125,81.80000305175781,81.48999786376953,1.6419999599456787,17.239999771118164
2012-06-21,1564.5,78.19999694824219,82.31999969482422,1.6180000305175781,20.079999923706055
2012-06-22,1566.0,79.76000213623047,82.22000122070312,1.6720000505447388,18.110000610351562
2012-06-25,1587.5,79.20999908447266,82.45999908447266,1.6080000400543213,20.3799991607666
2012-06-26,1574.0,79.36000061035156,82.37000274658203,1.628000020980835,19.719999313354492
2012-06-27,1577.5,80.20999908447266,82.55999755859375,1.621000051498413,19.450000762939453
2012-06-28,1549.699951171875,77.69000244140625,82.66999816894531,1.5770000219345093,19.709999084472656
2012-06-29,1603.5,84.95999908447266,81.6500015258789,1.659000039100647,17.079999923706055
2012-07-02,1597.199951171875,83.75,81.87000274658203,1.5800000429153442,16.799999237060547
2012-07-03,1621.300048828125,87.66000366210938,81.77999877929688,1.63100004196167,16.65999984741211
2012-07-05,1608.9000244140625,87.22000122070312,82.80999755859375,1.597000002861023,17.5
2012-07-06,1578.4000244140625,84.44999694824219,83.29000091552734,1.5440000295639038,17.100000381469727
2012-07-09,1588.5999755859375,85.98999786376953,83.16000366210938,1.5130000114440918,17.979999542236328
2012-07-10,1579.300048828125,83.91000366210938,83.36000061035156,1.4980000257492065,18.719999313354492
2012-07-11,1575.199951171875,85.80999755859375,83.56999969482422,1.4980000257492065,17.950000762939453
2012-07-12,1564.9000244140625,86.08000183105469,83.6500015258789,1.4789999723434448,18.329999923706055
2012-07-13,1591.5999755859375,87.0999984741211,83.30000305175781,1.4989999532699585,16.739999771118164
2012-07-16,1591.199951171875,88.43000030517578,83.08999633789062,1.4639999866485596,17.110000610351562
2012-07-17,1589.0999755859375,89.22000122070312,83.02999877929688,1.5010000467300415,16.479999542236328
2012-07-18,1570.4000244140625,89.87000274658203,82.94999694824219,1.4789999723434448,16.15999984741211
2012-07-19,1580.0999755859375,92.66000366210938,82.9000015258789,1.5149999856948853,15.449999809265137
2012-07-20,1582.5,91.44000244140625,83.47000122070312,1.4600000381469727,16.270000457763672
2012-07-23,1577.0999755859375,88.13999938964844,83.70999908447266,1.434999942779541,18.6200008392334
2012-07-24,1576.0,88.5,84.01000213623047,1.4040000438690186,20.469999313354492
2012-07-25,1608.0,88.97000122070312,83.5199966430664,1.406000018119812,19.34000015258789
2012-07-26,1615.0,89.38999938964844,82.80999755859375,1.4279999732971191,17.530000686645508
2012-07-27,1617.9000244140625,90.12999725341797,82.70999908447266,1.5549999475479126,16.700000762939453
2012-07-30,1619.699951171875,89.77999877929688,82.79000091552734,1.503999948501587,18.030000686645508
2012-07-31,1610.5,88.05999755859375,82.63999938964844,1.4919999837875366,18.93000030517578
2012-08-01,1603.699951171875,88.91000366210938,83.05999755859375,1.5390000343322754,18.959999084472656
2012-08-02,1587.4000244140625,87.12999725341797,83.33000183105469,1.4780000448226929,17.56999969482422
2012-08-03,1606.0,91.4000015258789,82.37999725341797,1.5770000219345093,15.640000343322754
2012-08-06,1612.9000244140625,92.19999694824219,82.2699966430664,1.5579999685287476,15.949999809265137
2012-08-07,1609.699951171875,93.66999816894531,82.20999908447266,1.628000020980835,15.989999771118164
2012-08-08,1612.9000244140625,93.3499984741211,82.38999938964844,1.6399999856948853,15.319999694824219
2012-08-09,1617.0999755859375,93.36000061035156,82.63999938964844,1.687999963760376,15.279999732971191
2012-08-10,1619.699951171875,92.87000274658203,82.55000305175781,1.6490000486373901,14.739999771118164
2012-08-13,1609.5999755859375,92.7300033569336,82.44000244140625,1.6540000438690186,13.699999809265137
2012-08-14,1599.4000244140625,93.43000030517578,82.4800033569336,1.7259999513626099,14.850000381469727
2012-08-15,1603.699951171875,94.33000183105469,82.6500015258789,1.8049999475479126,14.630000114440918
2012-08-16,1616.0999755859375,95.5999984741211,82.36000061035156,1.8359999656677246,14.289999961853027
2012-08-17,1616.300048828125,96.01000213623047,82.5999984741211,1.815999984741211,13.449999809265137
2012-08-20,1620.0999755859375,95.97000122070312,82.45999908447266,1.8140000104904175,14.020000457763672
2012-08-21,1639.9000244140625,96.68000030517578,81.91000366210938,1.8049999475479126,15.020000457763672
2012-08-22,1637.4000244140625,97.26000213623047,81.48999786376953,1.718999981880188,15.109999656677246
2012-08-23,1669.5999755859375,96.2699966430664,81.36000061035156,1.6660000085830688,15.960000038146973
2012-08-24,1669.800048828125,96.1500015258789,81.58999633789062,1.6779999732971191,15.180000305175781
2012-08-27,1672.4000244140625,95.47000122070312,81.66000366210938,1.6490000486373901,16.350000381469727
2012-08-28,1666.5,96.33000183105469,81.37000274658203,1.6299999952316284,16.489999771118164
2012-08-29,1659.800048828125,95.48999786376953,81.55000305175781,1.6540000438690186,17.059999465942383
2012-08-30,1653.5,94.62000274658203,81.68000030517578,1.6200000047683716,17.829999923706055
2012-08-31,1684.5999755859375,96.47000122070312,81.25,1.562000036239624,17.469999313354492
2012-09-04,1692.9000244140625,95.30000305175781,81.31999969482422,1.5809999704360962,17.979999542236328
2012-09-05,1690.800048828125,95.36000061035156,81.23999786376953,1.593999981880188,17.739999771118164
2012-09-06,1702.5999755859375,95.52999877929688,81.08000183105469,1.6729999780654907,15.600000381469727
2012-09-07,1737.5,96.41999816894531,80.25,1.6610000133514404,14.380000114440918
2012-09-10,1728.699951171875,96.54000091552734,80.36000061035156,1.6829999685287476,16.280000686645508
2012-09-11,1731.800048828125,97.16999816894531,79.86000061035156,1.6950000524520874,16.40999984741211
2012-09-12,1730.5999755859375,97.01000213623047,79.73999786376953,1.7649999856948853,15.800000190734863
2012-09-13,1769.0999755859375,98.30999755859375,79.26000213623047,1.75600004196167,14.050000190734863
2012-09-14,1769.800048828125,99.0,78.8499984741211,1.8700000047683716,14.510000228881836
2012-09-17,1767.699951171875,96.62000274658203,79.01000213623047,1.8380000591278076,14.59000015258789
2012-09-18,1768.4000244140625,95.29000091552734,79.25,1.812000036239624,14.180000305175781
2012-09-19,1769.0,91.9800033569336,79.05999755859375,1.781999945640564,13.880000114440918
2012-09-20,1767.699951171875,91.87000274658203,79.41000366210938,1.7769999504089355,14.069999694824219
2012-09-21,1775.5,92.88999938964844,79.33000183105469,1.7599999904632568,13.979999542236328
2012-09-24,1762.0999755859375,91.93000030517578,79.5199966430664,1.718000054359436,14.149999618530273
2012-09-25,1763.800048828125,91.37000274658203,79.55000305175781,1.6820000410079956,15.430000305175781
2012-09-26,1750.5999755859375,89.9800033569336,79.88999938964844,1.6180000305175781,16.809999465942383
2012-09-27,1777.5999755859375,91.8499984741211,79.55000305175781,1.6399999856948853,14.84000015258789
2012-09-28,1771.0999755859375,92.19000244140625,79.94000244140625,1.6369999647140503,15.729999542236328
2012-10-01,1780.5,92.4800033569336,79.81999969482422,1.625,16.31999969482422
2012-10-02,1772.699951171875,91.88999938964844,79.73999786376953,1.6150000095367432,15.710000038146973
2012-10-03,1777.300048828125,88.13999938964844,79.97000122070312,1.6230000257492065,15.430000305175781
2012-10-04,1794.0999755859375,91.70999908447266,79.3499984741211,1.6649999618530273,14.550000190734863
2012-10-05,1778.5999755859375,89.87999725341797,79.33999633789062,1.7319999933242798,14.329999923706055
2012-10-08,1773.5,89.33000183105469,79.54000091552734,1.746000051498413,15.109999656677246
2012-10-09,1763.0,92.38999938964844,79.94999694824219,1.7200000286102295,16.3700008392334
2012-10-10,1763.199951171875,91.25,79.91999816894531,1.690999984741211,16.290000915527344
2012-10-11,1768.800048828125,92.06999969482422,79.77999877929688,1.6749999523162842,15.59000015258789
2012-10-12,1758.0,91.86000061035156,79.69000244140625,1.6629999876022339,16.139999389648438
2012-10-15,1736.0,91.8499984741211,79.73999786376953,1.6629999876022339,15.270000457763672
2012-10-16,1744.699951171875,92.08999633789062,79.37000274658203,1.7200000286102295,15.220000267028809
2012-10-17,1751.5,92.12000274658203,79.0199966430664,1.8109999895095825,15.069999694824219
2012-10-18,1743.300048828125,92.0999984741211,79.37000274658203,1.8259999752044678,15.029999732971191
2012-10-19,1722.800048828125,90.05000305175781,79.63999938964844,1.7680000066757202,17.059999465942383
2012-10-22,1725.0999755859375,88.7300033569336,79.6500015258789,1.7979999780654907,16.6200008392334
2012-10-23,1708.300048828125,86.66999816894531,79.9800033569336,1.7640000581741333,18.829999923706055
2012-10-24,1700.5,85.7300033569336,79.97000122070312,1.774999976158142,18.329999923706055
2012-10-25,1712.0,86.05000305175781,80.04000091552734,1.8279999494552612,18.1200008392334
2012-10-26,1710.9000244140625,86.27999877929688,80.06999969482422,1.75,17.809999465942383
2012-10-31,1717.5,86.23999786376953,79.91999816894531,1.6859999895095825,18.600000381469727
2012-11-01,1714.0999755859375,87.08999633789062,80.05000305175781,1.715000033378601,16.690000534057617
2012-11-02,1674.0999755859375,84.86000061035156,80.58999633789062,1.7259999513626099,17.59000015258789
2012-11-05,1682.199951171875,85.6500015258789,80.75,1.684000015258789,18.420000076293945
2012-11-06,1714.0999755859375,88.70999908447266,80.61000061035156,1.7419999837875366,17.579999923706055
2012-11-07,1713.199951171875,84.44000244140625,80.76000213623047,1.6319999694824219,19.079999923706055
2012-11-08,1725.4000244140625,85.08999633789062,80.79000091552734,1.6319999694824219,18.489999771118164
2012-11-09,1730.300048828125,86.06999969482422,81.02999877929688,1.6130000352859497,18.610000610351562
2012-11-12,1730.300048828125,85.56999969482422,81.04000091552734,1.6109999418258667,16.68000030517578
2012-11-13,1724.199951171875,85.37999725341797,81.08000183105469,1.5889999866485596,16.649999618530273
2012-11-14,1729.5,86.31999969482422,81.05999755859375,1.5889999866485596,17.920000076293945
2012-11-15,1713.300048828125,85.44999694824219,81.08000183105469,1.5889999866485596,17.989999771118164
2012-11-16,1714.300048828125,86.66999816894531,81.26000213623047,1.5740000009536743,16.40999984741211
2012-11-19,1734.0,89.27999877929688,80.87000274658203,1.6109999418258667,15.239999771118164
2012-11-20,1723.199951171875,86.75,80.95999908447266,1.656000018119812,15.079999923706055
2012-11-21,1727.9000244140625,87.37999725341797,80.93000030517578,1.687000036239624,15.3100004196167
2012-11-23,1751.300048828125,88.27999877929688,80.19000244140625,1.6929999589920044,15.140000343322754
2012-11-26,1749.5,87.73999786376953,80.25,1.6640000343322754,15.5
2012-11-27,1742.199951171875,87.18000030517578,80.4000015258789,1.6449999809265137,15.920000076293945
2012-11-28,1716.5,86.48999786376953,80.33999633789062,1.6169999837875366,15.510000228881836
2012-11-29,1727.199951171875,88.06999969482422,80.19999694824219,1.6200000047683716,15.0600004196167
2012-11-30,1710.9000244140625,88.91000366210938,80.1500015258789,1.6059999465942383,15.869999885559082
2012-12-03,1719.5999755859375,89.08999633789062,79.87999725341797,1.628000020980835,16.639999389648438
2012-12-04,1694.4000244140625,88.5,79.63999938964844,1.6080000400543213,17.1200008392334
2012-12-05,1692.4000244140625,87.87999725341797,79.7699966430664,1.590999960899353,16.459999084472656
2012-12-06,1700.300048828125,86.26000213623047,80.26000213623047,1.5809999704360962,16.579999923706055
2012-12-07,1704.0,85.93000030517578,80.41999816894531,1.6269999742507935,15.899999618530273
2012-12-10,1713.0,85.55999755859375,80.33000183105469,1.6160000562667847,16.049999237060547
2012-12-11,1708.199951171875,85.79000091552734,80.05999755859375,1.6490000486373901,15.569999694824219
2012-12-12,1716.5999755859375,86.7699966430664,79.88999938964844,1.6970000267028809,15.949999809265137
2012-12-13,1695.5999755859375,85.88999938964844,79.93000030517578,1.7280000448226929,16.559999465942383
2012-12-14,1695.800048828125,86.7300033569336,79.5999984741211,1.7079999446868896,17.0
2012-12-17,1697.0,87.19999694824219,79.56999969482422,1.7630000114440918,16.34000015258789
2012-12-18,1669.5,87.93000030517578,79.36000061035156,1.8270000219345093,15.569999694824219
2012-12-19,1666.5,89.51000213623047,79.25,1.7999999523162842,17.360000610351562
2012-12-20,1644.9000244140625,90.12999725341797,79.26000213623047,1.7999999523162842,17.670000076293945
2012-12-21,1659.0999755859375,88.66000366210938,79.62000274658203,1.753999948501587,17.84000015258789
2012-12-24,1658.5999755859375,88.61000061035156,79.63999938964844,1.7740000486373901,17.84000015258789
2012-12-26,1659.800048828125,90.9800033569336,79.62000274658203,1.7580000162124634,19.479999542236328
2012-12-27,1662.5999755859375,90.87000274658203,79.62000274658203,1.715000033378601,19.469999313354492
2012-12-28,1654.9000244140625,90.80000305175781,79.68000030517578,1.7109999656677246,22.719999313354492
2012-12-31,1674.800048828125,91.81999969482422,79.7699966430664,1.75600004196167,18.020000457763672
2013-01-02,1687.9000244140625,93.12000274658203,79.8499984741211,1.8389999866485596,14.680000305175781
2013-01-03,1673.699951171875,92.91999816894531,80.43000030517578,1.8990000486373901,14.5600004196167
2013-01-04,1648.0999755859375,93.08999633789062,80.5,1.9149999618530273,13.829999923706055
2013-01-07,1645.5,93.19000244140625,80.26000213623047,1.902999997138977,13.789999961853027
2013-01-08,1661.5,93.1500015258789,80.3499984741211,1.871000051498413,13.619999885559082
2013-01-09,1654.800048828125,93.0999984741211,80.55999755859375,1.8519999980926514,13.8100004196167
2013-01-10,1677.300048828125,93.81999969482422,79.73999786376953,1.8940000534057617,13.489999771118164
2013-01-11,1660.0,93.55999755859375,79.55999755859375,1.875,13.359999656677246
2013-01-14,1668.9000244140625,94.13999938964844,79.48999786376953,1.8569999933242798,13.520000457763672
2013-01-15,1683.4000244140625,93.27999877929688,79.77999877929688,1.8309999704360962,13.550000190734863
2013-01-16,1682.699951171875,94.23999786376953,79.80000305175781,1.8240000009536743,13.420000076293945
2013-01-17,1690.4000244140625,95.48999786376953,79.6500015258789,1.875,13.569999694824219
2013-01-18,1686.5999755859375,95.55999755859375,80.05000305175781,1.843000054359436,12.460000038146973
2013-01-22,1692.800048828125,96.23999786376953,79.87000274658203,1.8350000381469727,12.430000305175781
2013-01-23,1686.300048828125,95.2300033569336,79.91999816894531,1.8329999446868896,12.460000038146973
2013-01-24,1669.5,95.94999694824219,79.94999694824219,1.843999981880188,12.6899995803833
2013-01-25,1656.4000244140625,95.87999725341797,79.75,1.9470000267028809,12.890000343322754
2013-01-28,1652.4000244140625,96.44000244140625,79.77999877929688,1.9739999771118164,13.569999694824219
2013-01-29,1660.699951171875,97.56999969482422,79.55999755859375,1.9880000352859497,13.3100004196167
2013-01-30,1679.9000244140625,97.94000244140625,79.27999877929688,2.00600004196167,14.319999694824219
2013-01-31,1660.5999755859375,97.48999786376953,79.20999908447266,1.9850000143051147,14.279999732971191
2013-02-01,1669.4000244140625,97.7699966430664,79.12999725341797,2.009999990463257,12.899999618530273
2013-02-04,1675.300048828125,96.16999816894531,79.55000305175781,1.9730000495910645,14.670000076293945
2013-02-05,1672.4000244140625,96.63999938964844,79.48999786376953,2.0160000324249268,13.720000267028809
2013-02-06,1677.699951171875,96.62000274658203,79.72000122070312,1.968000054359436,13.40999984741211
2013-02-07,1670.4000244140625,95.83000183105469,80.19000244140625,1.9509999752044678,13.5
2013-02-08,1666.0,95.72000122070312,80.25,1.9539999961853027,13.020000457763672
2013-02-11,1648.199951171875,97.02999877929688,80.30999755859375,1.9459999799728394,12.9399995803833
2013-02-12,1648.699951171875,97.51000213623047,80.11000061035156,1.9819999933242798,12.640000343322754
2013-02-13,1644.199951171875,97.01000213623047,80.08999633789062,2.0190000534057617,12.979999542236328
2013-02-14,1634.699951171875,97.30999755859375,80.45999908447266,2.0,12.65999984741211
2013-02-15,1608.800048828125,95.86000061035156,80.58000183105469,2.006999969482422,12.460000038146973
2013-02-19,1603.5999755859375,96.66000366210938,80.47000122070312,2.0260000228881836,12.3100004196167
2013-02-20,1577.5999755859375,94.45999908447266,81.08999633789062,2.0209999084472656,14.680000305175781
2013-02-21,1578.199951171875,92.83999633789062,81.45999908447266,1.9759999513626099,15.220000267028809
2013-02-22,1572.4000244140625,93.12999725341797,81.4800033569336,1.9670000076293945,14.170000076293945
2013-02-25,1586.199951171875,93.11000061035156,81.66999816894531,1.8949999809265137,18.989999771118164
2013-02-26,1615.199951171875,92.62999725341797,81.87000274658203,1.878999948501587,16.8700008392334
2013-02-27,1595.199951171875,92.76000213623047,81.5999984741211,1.902999997138977,14.729999542236328
2013-02-28,1577.699951171875,92.05000305175781,81.9800033569336,1.8880000114440918,15.510000228881836
2013-03-01,1571.9000244140625,90.68000030517578,82.30999755859375,1.8530000448226929,15.359999656677246
2013-03-04,1572.0999755859375,90.12000274658203,82.22000122070312,1.8769999742507935,14.010000228881836
2013-03-05,1574.5999755859375,90.81999969482422,82.08999633789062,1.8940000534057617,13.479999542236328
2013-03-06,1574.5999755859375,90.43000030517578,82.45999908447266,1.937999963760376,13.529999732971191
2013-03-07,1574.800048828125,91.55999755859375,82.08000183105469,1.9910000562667847,13.0600004196167
2013-03-08,1576.5999755859375,91.94999694824219,82.69999694824219,2.055999994277954,12.59000015258789
2013-03-11,1577.800048828125,92.05999755859375,82.56999969482422,2.055999994277954,11.5600004196167
2013-03-12,1591.5,92.54000091552734,82.58000183105469,2.0230000019073486,12.270000457763672
2013-03-13,1588.300048828125,92.5199966430664,82.88999938964844,2.0209999084472656,11.829999923706055
2013-03-14,1590.5999755859375,93.02999877929688,82.61000061035156,2.0329999923706055,11.300000190734863
2013-03-15,1592.5,93.44999694824219,82.26000213623047,1.996000051498413,11.300000190734863
2013-03-18,1604.5999755859375,93.73999786376953,82.69000244140625,1.9559999704360962,13.359999656677246
2013-03-19,1611.300048828125,92.16000366210938,82.98999786376953,1.9079999923706055,14.390000343322754
2013-03-20,1607.5,92.95999908447266,82.77999877929688,1.937000036239624,12.670000076293945
2013-03-21,1613.800048828125,92.44999694824219,82.80000305175781,1.9320000410079956,13.989999771118164
2013-03-22,1606.199951171875,93.70999908447266,82.52999877929688,1.9149999618530273,13.569999694824219
2013-03-25,1604.5999755859375,94.80999755859375,82.87000274658203,1.9149999618530273,13.739999771118164
2013-03-26,1595.800048828125,96.33999633789062,82.87999725341797,1.906000018119812,12.770000457763672
2013-03-27,1606.199951171875,96.58000183105469,83.20999908447266,1.8509999513626099,13.149999618530273
2013-03-28,1594.800048828125,97.2300033569336,82.98999786376953,1.8519999980926514,12.699999809265137
2013-04-01,1600.0,97.06999969482422,82.7300033569336,1.840000033378601,13.579999923706055
2013-04-02,1575.0999755859375,97.19000244140625,82.94000244140625,1.8609999418258667,12.779999732971191
2013-04-03,1552.800048828125,94.44999694824219,82.72000122070312,1.812000036239624,14.210000038146973
2013-04-04,1551.800048828125,93.26000213623047,82.68000030517578,1.7589999437332153,13.890000343322754
2013-04-05,1575.4000244140625,92.69999694824219,82.5,1.694000005722046,13.920000076293945
2013-04-08,1572.0,93.36000061035156,82.75,1.7319999933242798,13.1899995803833
2013-04-09,1586.199951171875,94.19999694824219,82.30999755859375,1.746999979019165,12.84000015258789
2013-04-10,1558.300048828125,94.63999938964844,82.52999877929688,1.8049999475479126,12.359999656677246
2013-04-11,1564.300048828125,93.51000213623047,82.25,1.7910000085830688,12.239999771118164
2013-04-12,1501.0,91.29000091552734,82.30999755859375,1.7209999561309814,12.0600004196167
2013-04-15,1360.5999755859375,88.70999908447266,82.41999816894531,1.7020000219345093,17.270000457763672
2013-04-16,1386.800048828125,88.72000122070312,81.75,1.718999981880188,13.960000038146973
2013-04-17,1382.199951171875,86.68000030517578,82.66000366210938,1.7039999961853027,16.510000228881836
2013-04-18,1392.0,87.7300033569336,82.55000305175781,1.684999942779541,17.559999465942383
2013-04-19,1395.300048828125,88.01000213623047,82.70999908447266,1.7029999494552612,14.970000267028809
2013-04-22,1421.0,88.76000213623047,82.68000030517578,1.6979999542236328,14.390000343322754
2013-04-23,1408.5999755859375,89.18000030517578,83.02999877929688,1.6979999542236328,13.479999542236328
2013-04-24,1423.4000244140625,91.43000030517578,82.93000030517578,1.6979999542236328,13.609999656677246
2013-04-25,1461.800048828125,93.63999938964844,82.73999786376953,1.7109999656677246,13.619999885559082
2013-04-26,1453.5999755859375,93.0,82.4800033569336,1.6629999876022339,13.609999656677246
2013-04-29,1467.4000244140625,94.5,82.1500015258789,1.6679999828338623,13.710000038146973
2013-04-30,1472.199951171875,93.45999908447266,81.7300033569336,1.6749999523162842,13.520000457763672
2013-05-01,1446.300048828125,91.02999877929688,81.63999938964844,1.6390000581741333,14.489999771118164
2013-05-02,1467.699951171875,93.98999786376953,82.20999908447266,1.63100004196167,13.59000015258789
2013-05-03,1464.300048828125,95.61000061035156,82.0999984741211,1.7519999742507935,12.850000381469727
2013-05-06,1468.0999755859375,96.16000366210938,82.31999969482422,1.7710000276565552,12.65999984741211
2013-05-07,1449.0,95.62000274658203,82.30000305175781,1.7829999923706055,12.829999923706055
2013-05-08,1473.9000244140625,96.62000274658203,81.9000015258789,1.7599999904632568,12.65999984741211
2013-05-09,1468.800048828125,96.38999938964844,82.79000091552734,1.812999963760376,13.130000114440918
2013-05-10,1436.800048828125,96.04000091552734,83.13999938964844,1.899999976158142,12.59000015258789
2013-05-13,1434.5,95.16999816894531,83.26000213623047,1.9229999780654907,12.550000190734863
2013-05-14,1424.699951171875,94.20999908447266,83.56999969482422,1.9520000219345093,12.770000457763672
2013-05-15,1396.5,94.30000305175781,83.83000183105469,1.9429999589920044,12.8100004196167
2013-05-16,1387.0999755859375,95.16000366210938,83.7699966430664,1.8650000095367432,13.069999694824219
2013-05-17,1364.9000244140625,96.0199966430664,84.27999877929688,1.9490000009536743,12.449999809265137
2013-05-20,1384.300048828125,96.70999908447266,83.80999755859375,1.965000033378601,13.020000457763672
2013-05-21,1377.800048828125,96.16000366210938,83.86000061035156,1.944000005722046,13.369999885559082
2013-05-22,1367.5999755859375,94.27999877929688,84.25,2.0260000228881836,13.819999694824219
2013-05-23,1392.0,94.25,83.80000305175781,2.0230000019073486,14.069999694824219
2013-05-24,1386.800048828125,94.1500015258789,83.69999694824219,2.010999917984009,13.989999771118164
2013-05-28,1379.0999755859375,95.01000213623047,84.13999938964844,2.134999990463257,14.479999542236328
2013-05-29,1391.300048828125,93.12999725341797,83.63999938964844,2.124000072479248,14.829999923706055
2013-05-30,1411.5,93.61000061035156,83.01000213623047,2.124000072479248,14.529999732971191
2013-05-31,1392.5999755859375,91.97000122070312,83.37999725341797,2.1640000343322754,16.299999237060547
2013-06-03,1411.699951171875,93.44999694824219,82.68000030517578,2.134000062942505,16.280000686645508
2013-06-04,1397.0999755859375,93.30999755859375,82.7699966430664,2.13700008392334,16.270000457763672
2013-06-05,1398.4000244140625,93.73999786376953,82.56999969482422,2.0999999046325684,17.5
2013-06-06,1415.699951171875,94.76000213623047,81.5199966430664,2.075000047683716,16.6299991607666
2013-06-07,1383.0,96.02999877929688,81.69000244140625,2.1610000133514404,15.140000343322754
2013-06-10,1386.199951171875,95.7699966430664,81.6500015258789,2.2149999141693115,15.4399995803833
2013-06-11,1377.0,95.37999725341797,81.05999755859375,2.194999933242798,17.06999969482422
2013-06-12,1391.800048828125,95.87999725341797,80.95999908447266,2.2300000190734863,18.59000015258789
2013-06-13,1377.5999755859375,96.69000244140625,80.62000274658203,2.1740000247955322,16.40999984741211
2013-06-14,1387.300048828125,97.8499984741211,80.66999816894531,2.125999927520752,17.149999618530273
2013-06-17,1382.800048828125,97.7699966430664,80.56999969482422,2.1710000038146973,16.799999237060547
2013-06-18,1366.5999755859375,98.44000244140625,80.62000274658203,2.181999921798706,16.610000610351562
2013-06-19,1373.5999755859375,98.23999786376953,81.43000030517578,2.311000108718872,16.639999389648438
2013-06-20,1285.9000244140625,95.4000015258789,81.83999633789062,2.4189999103546143,20.489999771118164
2013-06-21,1291.5999755859375,93.69000244140625,82.31999969482422,2.5139999389648438,18.899999618530273
2013-06-24,1276.800048828125,95.18000030517578,82.43000030517578,2.5480000972747803,20.110000610351562
2013-06-25,1274.800048828125,95.31999969482422,82.58000183105469,2.5889999866485596,18.469999313354492
2013-06-26,1229.5999755859375,95.5,82.94999694824219,2.5390000343322754,17.209999084472656
2013-06-27,1211.4000244140625,97.05000305175781,82.91000366210938,2.4830000400543213,16.860000610351562
2013-06-28,1223.800048828125,96.55999755859375,83.16999816894531,2.4779999256134033,16.860000610351562
2013-07-01,1255.9000244140625,97.98999786376953,82.9800033569336,2.490000009536743,16.3700008392334
2013-07-02,1243.5999755859375,99.5999984741211,83.54000091552734,2.4690001010894775,16.440000534057617
2013-07-03,1252.0999755859375,101.23999786376953,83.2300033569336,2.500999927520752,16.200000762939453
2013-07-05,1212.9000244140625,103.22000122070312,84.41999816894531,2.7149999141693115,14.890000343322754
2013-07-08,1234.9000244140625,103.13999938964844,84.19999694824219,2.6449999809265137,14.779999732971191
2013-07-09,1245.9000244140625,103.52999877929688,84.58000183105469,2.630000114440918,14.350000381469727
2013-07-10,1247.4000244140625,106.5199966430664,84.04000091552734,2.680000066757202,14.210000038146973
2013-07-11,1280.0999755859375,104.91000366210938,82.75,2.5739998817443848,14.010000228881836
2013-07-12,1277.800048828125,105.94999694824219,82.98999786376953,2.6010000705718994,13.84000015258789
2013-07-15,1283.800048828125,106.31999969482422,83.04000091552734,2.555999994277954,13.789999961853027
2013-07-16,1290.800048828125,106.0,82.43000030517578,2.5320000648498535,14.420000076293945
2013-07-17,1277.9000244140625,106.4800033569336,82.70999908447266,2.490999937057495,13.779999732971191
2013-07-18,1284.5999755859375,108.04000091552734,82.81999969482422,2.5339999198913574,13.770000457763672
2013-07-19,1293.300048828125,108.05000305175781,82.58000183105469,2.490999937057495,12.539999961853027
2013-07-22,1336.4000244140625,106.91000366210938,82.22000122070312,2.48799991607666,12.289999961853027
2013-07-23,1335.0999755859375,107.2300033569336,82.01000213623047,2.5160000324249268,12.65999984741211
2013-07-24,1319.699951171875,105.38999938964844,82.30000305175781,2.5880000591278076,13.180000305175781
2013-07-25,1329.0,105.48999786376953,81.97000122070312,2.6070001125335693,12.970000267028809
2013-07-26,1321.699951171875,104.69999694824219,81.62000274658203,2.561000108718872,12.720000267028809
2013-07-29,1328.4000244140625,104.55000305175781,81.66000366210938,2.5850000381469727,13.390000343322754
2013-07-30,1324.0,103.08000183105469,81.83000183105469,2.6029999256134033,13.390000343322754
2013-07-31,1312.4000244140625,105.02999877929688,81.44999694824219,2.5929999351501465,13.449999809265137
2013-08-01,1311.0,107.88999938964844,82.33999633789062,2.7230000495910645,12.9399995803833
2013-08-02,1310.5999755859375,106.94000244140625,81.91000366210938,2.6019999980926514,11.979999542236328
2013-08-05,1302.5999755859375,106.55999755859375,81.87999725341797,2.640000104904175,11.84000015258789
2013-08-06,1283.199951171875,105.30000305175781,81.5999984741211,2.6419999599456787,12.720000267028809
2013-08-07,1286.0999755859375,104.37000274658203,81.29000091552734,2.5999999046325684,12.979999542236328
2013-08-08,1310.699951171875,103.4000015258789,81.01000213623047,2.5869998931884766,12.729999542236328
2013-08-09,1312.9000244140625,105.97000122070312,81.12999725341797,2.5799999237060547,13.40999984741211
2013-08-12,1334.699951171875,106.11000061035156,81.33000183105469,2.6050000190734863,12.8100004196167
2013-08-13,1321.199951171875,106.83000183105469,81.7300033569336,2.7149999141693115,12.3100004196167
2013-08-14,1334.0,106.8499984741211,81.69999694824219,2.7119998931884766,13.039999961853027
2013-08-15,1361.5999755859375,107.33000183105469,81.12999725341797,2.755000114440918,14.729999542236328
2013-08-16,1371.699951171875,107.45999908447266,81.26000213623047,2.8289999961853027,14.369999885559082
2013-08-19,1366.199951171875,107.0999984741211,81.2300033569336,2.884000062942505,15.100000381469727
2013-08-20,1373.0999755859375,104.97000122070312,80.91000366210938,2.813999891281128,14.90999984741211
2013-08-21,1370.5999755859375,103.8499984741211,81.31999969482422,2.8550000190734863,15.9399995803833
2013-08-22,1371.199951171875,105.02999877929688,81.48999786376953,2.9010000228881836,14.760000228881836
2013-08-23,1395.699951171875,106.41999816894531,81.33999633789062,2.818000078201294,13.979999542236328
2013-08-26,1393.0,105.91999816894531,81.37000274658203,2.805000066757202,14.989999771118164
2013-08-27,1420.5999755859375,109.01000213623047,81.16999816894531,2.7209999561309814,16.770000457763672
2013-08-28,1419.0,110.0999984741211,81.41999816894531,2.7820000648498535,16.489999771118164
2013-08-29,1412.9000244140625,108.80000305175781,81.94999694824219,2.750999927520752,16.809999465942383
2013-08-30,1396.0999755859375,107.6500015258789,82.08999633789062,2.749000072479248,17.010000228881836
2013-09-03,1412.0,108.54000091552734,82.36000061035156,2.8480000495910645,16.610000610351562
2013-09-04,1389.9000244140625,107.2300033569336,82.16999816894531,2.8970000743865967,15.880000114440918
2013-09-05,1373.0999755859375,108.37000274658203,82.62999725341797,2.9790000915527344,15.770000457763672
2013-09-06,1386.699951171875,110.52999877929688,82.1500015258789,2.937999963760376,15.850000381469727
2013-09-09,1386.800048828125,109.5199966430664,81.79000091552734,2.8970000743865967,15.630000114440918
2013-09-10,1364.0999755859375,107.38999938964844,81.81999969482422,2.9590001106262207,14.529999732971191
2013-09-11,1363.9000244140625,107.55999755859375,81.5199966430664,2.9200000762939453,13.819999694824219
2013-09-12,1330.4000244140625,108.5999984741211,81.48999786376953,2.9070000648498535,14.289999961853027
2013-09-13,1308.4000244140625,108.20999908447266,81.44999694824219,2.8980000019073486,14.15999984741211
2013-09-16,1317.9000244140625,106.58999633789062,81.25,2.874000072479248,14.380000114440918
2013-09-17,1309.5,105.41999816894531,81.16999816894531,2.8529999256134033,14.529999732971191
2013-09-18,1307.800048828125,108.06999969482422,80.23999786376953,2.7079999446868896,13.59000015258789
2013-09-19,1369.4000244140625,106.38999938964844,80.36000061035156,2.747999906539917,13.15999984741211
2013-09-20,1332.5,104.68000030517578,80.44000244140625,2.7320001125335693,13.119999885559082
2013-09-23,1326.9000244140625,103.58999633789062,80.44999694824219,2.7139999866485596,14.3100004196167
2013-09-24,1316.0,103.12999725341797,80.55999755859375,2.6530001163482666,14.079999923706055
2013-09-25,1335.9000244140625,102.66000366210938,80.33000183105469,2.614000082015991,14.010000228881836
2013-09-26,1323.5999755859375,103.02999877929688,80.5199966430664,2.6429998874664307,14.0600004196167
2013-09-27,1338.4000244140625,102.87000274658203,80.2699966430664,2.61899995803833,15.460000038146973
2013-09-30,1326.5,102.33000183105469,80.22000122070312,2.615000009536743,16.600000381469727
2013-10-01,1286.0,102.04000091552734,80.0999984741211,2.6459999084472656,15.539999961853027
2013-10-02,1320.5999755859375,104.0999984741211,79.87999725341797,2.625999927520752,16.600000381469727
2013-10-03,1317.4000244140625,103.30999755859375,79.7699966430664,2.6059999465942383,17.670000076293945
2013-10-04,1309.699951171875,103.83999633789062,80.12000274658203,2.6519999504089355,16.739999771118164
2013-10-07,1324.800048828125,103.02999877929688,79.94000244140625,2.634000062942505,19.40999984741211
2013-10-08,1324.199951171875,103.48999786376953,80.05999755859375,2.635999917984009,20.34000015258789
2013-10-09,1306.9000244140625,101.61000061035156,80.37000274658203,2.6500000953674316,19.600000381469727
2013-10-10,1296.5999755859375,103.01000213623047,80.41999816894531,2.684999942779541,16.479999542236328
2013-10-11,1268.0,102.0199966430664,80.36000061035156,2.681999921798706,15.720000267028809
2013-10-14,1276.4000244140625,102.41000366210938,80.26000213623047,2.690999984741211,16.06999969482422
2013-10-15,1273.0,101.20999908447266,80.4800033569336,2.7200000286102295,18.65999984741211
2013-10-16,1282.0,102.29000091552734,80.5,2.6710000038146973,14.710000038146973
2013-10-17,1322.699951171875,100.66999816894531,79.6500015258789,2.5869998931884766,13.479999542236328
2013-10-18,1314.4000244140625,100.80999755859375,79.63999938964844,2.5889999866485596,13.039999961853027
2013-10-21,1315.699951171875,99.22000122070312,79.68000030517578,2.6089999675750732,13.15999984741211
2013-10-22,1342.5,97.80000305175781,79.23999786376953,2.51200008392334,13.329999923706055
2013-10-23,1333.9000244140625,96.86000061035156,79.26000213623047,2.484999895095825,13.420000076293945
2013-10-24,1350.199951171875,97.11000061035156,79.19000244140625,2.5220000743865967,13.199999809265137
2013-10-25,1352.4000244140625,97.8499984741211,79.18000030517578,2.503000020980835,13.09000015258789
2013-10-28,1352.0,98.68000030517578,79.25,2.51200008392334,13.3100004196167
2013-10-29,1345.199951171875,98.19999694824219,79.62999725341797,2.506999969482422,13.40999984741211
2013-10-30,1349.0,96.7699966430664,79.75,2.5269999504089355,13.649999618530273
2013-10-31,1323.5999755859375,96.37999725341797,80.19999694824219,2.5420000553131104,13.75
2013-11-01,1313.0999755859375,94.61000061035156,80.7300033569336,2.619999885559082,13.279999732971191
2013-11-04,1314.5999755859375,94.62000274658203,80.55000305175781,2.6019999980926514,12.930000305175781
2013-11-05,1308.0,93.37000274658203,80.70999908447266,2.6619999408721924,13.270000457763672
2013-11-06,1317.699951171875,94.80000305175781,80.4800033569336,2.640000104904175,12.670000076293945
2013-11-07,1308.4000244140625,94.19999694824219,80.81999969482422,2.61299991607666,13.90999984741211
2013-11-08,1284.5,94.5999984741211,81.20999908447266,2.746000051498413,12.899999618530273
2013-11-11,1281.0,95.13999938964844,81.08999633789062,2.750999927520752,12.529999732971191
2013-11-12,1271.0999755859375,93.04000091552734,81.19000244140625,2.7679998874664307,12.819999694824219
2013-11-13,1268.300048828125,93.87999725341797,80.93000030517578,2.7249999046325684,12.520000457763672
2013-11-14,1286.199951171875,93.76000213623047,80.9800033569336,2.7019999027252197,12.369999885559082
2013-11-15,1287.300048828125,93.83999633789062,80.83999633789062,2.7090001106262207,12.1899995803833
2013-11-18,1272.199951171875,93.02999877929688,80.83000183105469,2.677999973297119,13.100000381469727
2013-11-19,1273.4000244140625,93.33999633789062,80.69999694824219,2.7119998931884766,13.390000343322754
2013-11-20,1257.9000244140625,93.33000183105469,81.11000061035156,2.7920000553131104,13.399999618530273
2013-11-21,1243.5,95.44000244140625,81.05000305175781,2.7839999198913574,12.65999984741211
2013-11-22,1244.0,94.83999633789062,80.70999908447266,2.752000093460083,12.260000228881836
2013-11-25,1241.0999755859375,94.08999633789062,80.91999816894531,2.740999937057495,12.789999961853027
2013-11-26,1241.4000244140625,93.68000030517578,80.61000061035156,2.696000099182129,12.8100004196167
2013-11-27,1237.800048828125,92.30000305175781,80.73999786376953,2.7360000610351562,12.979999542236328
2013-11-29,1250.5999755859375,92.72000122070312,80.68000030517578,2.740999937057495,13.699999809265137
2013-12-02,1222.300048828125,93.81999969482422,80.91000366210938,2.8010001182556152,14.229999542236328
2013-12-03,1221.699951171875,96.04000091552734,80.62000274658203,2.7750000953674316,14.550000190734863
2013-12-04,1248.199951171875,97.19999694824219,80.62999725341797,2.8410000801086426,14.699999809265137
2013-12-05,1233.199951171875,97.37999725341797,80.2699966430664,2.861999988555908,15.079999923706055
2013-12-06,1230.300048828125,97.6500015258789,80.2699966430664,2.882999897003174,13.789999961853027
2013-12-09,1235.300048828125,97.33999633789062,80.12999725341797,2.8570001125335693,13.489999771118164
2013-12-10,1262.4000244140625,98.51000213623047,79.97000122070312,2.796999931335449,13.90999984741211
2013-12-11,1258.5,97.44000244140625,79.88999938964844,2.8440001010894775,15.420000076293945
2013-12-12,1226.0,97.5,80.19999694824219,2.877000093460083,15.539999961853027
2013-12-13,1235.699951171875,96.5999984741211,80.20999908447266,2.868000030517578,15.760000228881836
2013-12-16,1245.5,97.4800033569336,80.06999969482422,2.877000093460083,16.030000686645508
2013-12-17,1231.199951171875,97.22000122070312,80.05999755859375,2.8429999351501465,16.209999084472656
2013-12-18,1236.0999755859375,97.80000305175781,80.11000061035156,2.884999990463257,13.800000190734863
2013-12-19,1195.0,98.7699966430664,80.62999725341797,2.924999952316284,14.149999618530273
2013-12-20,1205.0999755859375,99.31999969482422,80.58000183105469,2.88700008392334,13.789999961853027
2013-12-23,1198.4000244140625,98.91000366210938,80.44999694824219,2.928999900817871,13.039999961853027
2013-12-24,1205.0999755859375,99.22000122070312,80.52999877929688,2.9830000400543213,12.479999542236328
2013-12-26,1214.0999755859375,99.55000305175781,80.4800033569336,2.990000009536743,12.329999923706055
2013-12-27,1216.0999755859375,100.31999969482422,80.38999938964844,3.00600004196167,12.460000038146973
2013-12-30,1203.0999755859375,99.29000091552734,80.0,2.9760000705718994,13.5600004196167
2013-12-31,1201.9000244140625,98.41999816894531,80.04000091552734,3.0260000228881836,13.720000267028809
2014-01-02,1225.0,95.44000244140625,80.62999725341797,2.984999895095825,14.229999542236328
2014-01-03,1238.4000244140625,93.95999908447266,80.79000091552734,2.994999885559082,13.760000228881836
2014-01-06,1237.800048828125,93.43000030517578,80.6500015258789,2.9609999656677246,13.550000190734863
2014-01-07,1229.4000244140625,93.66999816894531,80.83000183105469,2.937000036239624,12.920000076293945
2014-01-08,1225.300048828125,92.33000183105469,81.04000091552734,2.993000030517578,12.869999885559082
2014-01-09,1229.300048828125,91.66000366210938,81.01000213623047,2.9630000591278076,12.890000343322754
2014-01-10,1246.699951171875,92.72000122070312,80.66000366210938,2.859999895095825,12.140000343322754
2014-01-13,1250.9000244140625,91.80000305175781,80.51000213623047,2.8269999027252197,13.279999732971191
2014-01-14,1245.199951171875,92.58999633789062,80.61000061035156,2.86899995803833,12.279999732971191
2014-01-15,1238.0999755859375,94.16999816894531,81.0,2.884000062942505,12.279999732971191
2014-01-16,1240.0,93.95999908447266,80.9000015258789,2.8429999351501465,12.529999732971191
2014-01-17,1251.699951171875,94.37000274658203,81.26000213623047,2.8269999027252197,12.4399995803833
2014-01-21,1242.300048828125,94.98999786376953,81.0999984741211,2.825000047683716,12.869999885559082
2014-01-22,1239.0,96.7300033569336,81.16999816894531,2.859999895095825,12.84000015258789
2014-01-23,1262.5999755859375,97.31999969482422,80.44000244140625,2.7730000019073486,13.770000457763672
2014-01-24,1264.5,96.63999938964844,80.45999908447266,2.734999895095825,18.139999389648438
2014-01-27,1263.5999755859375,95.72000122070312,80.5,2.7660000324249268,17.420000076293945
2014-01-28,1251.0,97.41000366210938,80.56999969482422,2.746000051498413,15.800000190734863
2014-01-29,1262.199951171875,97.36000061035156,80.51000213623047,2.674999952316284,17.350000381469727
2014-01-30,1242.199951171875,98.2300033569336,81.08999633789062,2.693000078201294,17.290000915527344
2014-01-31,1240.0999755859375,97.48999786376953,81.2699966430664,2.6679999828338623,18.40999984741211
2014-02-03,1260.4000244140625,96.43000030517578,81.01000213623047,2.5810000896453857,21.440000534057617
2014-02-04,1251.699951171875,97.19000244140625,81.12000274658203,2.624000072479248,19.110000610351562
2014-02-05,1257.300048828125,97.37999725341797,81.02999877929688,2.6670000553131104,19.950000762939453
2014-02-06,1257.5999755859375,97.83999633789062,80.88999938964844,2.7019999027252197,17.229999542236328
2014-02-07,1263.300048828125,99.87999725341797,80.69000244140625,2.674999952316284,15.289999961853027
2014-02-10,1274.800048828125,100.05999755859375,80.66999816894531,2.677999973297119,15.260000228881836
2014-02-11,1290.0999755859375,99.94000244140625,80.62999725341797,2.7190001010894775,14.510000228881836
2014-02-12,1295.300048828125,100.37000274658203,80.68000030517578,2.763000011444092,14.300000190734863
2014-02-13,1300.4000244140625,100.3499984741211,80.29000091552734,2.7360000610351562,14.140000343322754
2014-02-14,1319.0,100.30000305175781,80.12999725341797,2.746000051498413,13.569999694824219
2014-02-18,1324.699951171875,102.43000030517578,80.01000213623047,2.7109999656677246,13.869999885559082
2014-02-19,1320.5999755859375,103.30999755859375,80.16999816894531,2.7339999675750732,15.5
2014-02-20,1317.0999755859375,102.91999816894531,80.29000091552734,2.753999948501587,14.789999961853027
2014-02-21,1323.9000244140625,102.19999694824219,80.23999786376953,2.7339999675750732,14.680000305175781
2014-02-24,1338.300048828125,102.81999969482422,80.20999908447266,2.75,14.229999542236328
2014-02-25,1343.0,101.83000183105469,80.1500015258789,2.7009999752044678,13.670000076293945
2014-02-26,1328.199951171875,102.58999633789062,80.41000366210938,2.6730000972747803,14.350000381469727
2014-02-27,1331.5999755859375,102.4000015258789,80.29000091552734,2.6419999599456787,14.039999961853027
2014-02-28,1321.4000244140625,102.58999633789062,79.77999877929688,2.6579999923706055,14.0
2014-03-03,1350.0999755859375,104.91999816894531,80.06999969482422,2.6070001125335693,16.0
2014-03-04,1337.800048828125,103.33000183105469,80.16000366210938,2.690999984741211,14.100000381469727
2014-03-05,1340.199951171875,101.44999694824219,80.11000061035156,2.697999954223633,13.890000343322754
2014-03-06,1351.699951171875,101.55999755859375,79.68000030517578,2.736999988555908,14.210000038146973
2014-03-07,1338.0999755859375,102.58000183105469,79.72000122070312,2.7899999618530273,14.109999656677246
2014-03-10,1341.4000244140625,101.12000274658203,79.75,2.7839999198913574,14.199999809265137
2014-03-11,1346.5,100.02999877929688,79.7699966430664,2.7660000324249268,14.800000190734863
2014-03-12,1370.300048828125,97.98999786376953,79.61000061035156,2.7260000705718994,14.470000267028809
2014-03-13,1372.199951171875,98.19999694824219,79.62000274658203,2.6530001163482666,16.219999313354492
2014-03-14,1379.0,98.88999938964844,79.44000244140625,2.6449999809265137,17.81999969482422
2014-03-17,1372.9000244140625,98.08000183105469,79.38999938964844,2.6989998817443848,15.640000343322754
2014-03-18,1359.0,99.69999694824219,79.41000366210938,2.680999994277954,14.520000457763672
2014-03-19,1341.4000244140625,100.37000274658203,79.98999786376953,2.7720000743865967,15.119999885559082
2014-03-20,1330.5,99.43000030517578,80.20999908447266,2.7750000953674316,14.520000457763672
2014-03-21,1336.0,99.45999908447266,80.11000061035156,2.75,15.0
2014-03-24,1311.199951171875,99.5999984741211,79.93000030517578,2.7330000400543213,15.09000015258789
2014-03-25,1311.4000244140625,99.19000244140625,79.94000244140625,2.734999895095825,14.020000457763672
2014-03-26,1303.4000244140625,100.26000213623047,79.9800033569336,2.7009999752044678,14.930000305175781
2014-03-27,1294.699951171875,101.27999877929688,80.11000061035156,2.671999931335449,14.619999885559082
2014-03-28,1293.800048828125,101.66999816894531,80.18000030517578,2.7119998931884766,14.40999984741211
2014-03-31,1283.4000244140625,101.58000183105469,80.0999984741211,2.7230000495910645,13.880000114440918
2014-04-01,1279.5999755859375,99.73999786376953,80.08000183105469,2.759000062942505,13.100000381469727
2014-04-02,1290.5,99.62000274658203,80.22000122070312,2.802999973297119,13.09000015258789
2014-04-03,1284.4000244140625,100.29000091552734,80.47000122070312,2.7899999618530273,13.369999885559082
2014-04-04,1303.199951171875,101.13999938964844,80.41999816894531,2.7260000705718994,13.960000038146973
2014-04-07,1298.0,100.44000244140625,80.22000122070312,2.694999933242798,15.569999694824219
2014-04-08,1308.699951171875,102.55999755859375,79.75,2.680999994277954,14.890000343322754
2014-04-09,1305.5,103.5999984741211,79.4800033569336,2.684000015258789,13.819999694824219
2014-04-10,1320.0999755859375,103.4000015258789,79.37999725341797,2.628000020980835,15.890000343322754
2014-04-11,1318.699951171875,103.73999786376953,79.44999694824219,2.61899995803833,17.030000686645508
2014-04-14,1327.199951171875,104.05000305175781,79.7300033569336,2.6389999389648438,16.110000610351562
2014-04-15,1300.0,103.75,79.80000305175781,2.628000020980835,15.609999656677246
2014-04-16,1303.0999755859375,103.76000213623047,79.81999969482422,2.63700008392334,14.180000305175781
2014-04-17,1293.4000244140625,104.30000305175781,79.83000183105469,2.7209999561309814,13.359999656677246
2014-04-21,1288.0,104.37000274658203,79.94999694824219,2.7209999561309814,13.25
2014-04-22,1280.5999755859375,102.12999725341797,79.91000366210938,2.7260000705718994,13.1899995803833
2014-04-23,1284.199951171875,101.44000244140625,79.86000061035156,2.686000108718872,13.270000457763672
2014-04-24,1290.5,101.94000244140625,79.80000305175781,2.687999963760376,13.319999694824219
2014-04-25,1300.699951171875,100.5999984741211,79.7699966430664,2.6659998893737793,14.0600004196167
2014-04-28,1298.9000244140625,100.83999633789062,79.68000030517578,2.677000045776367,13.970000267028809
2014-04-29,1296.0,101.27999877929688,79.80999755859375,2.694999933242798,13.710000038146973
2014-04-30,1295.5999755859375,99.73999786376953,79.48999786376953,2.6480000019073486,13.40999984741211
2014-05-01,1283.0999755859375,99.41999816894531,79.52999877929688,2.6059999465942383,13.25
2014-05-02,1302.5999755859375,99.76000213623047,79.5199966430664,2.5910000801086426,12.90999984741211
2014-05-05,1309.0,99.4800033569336,79.48999786376953,2.6110000610351562,13.289999961853027
2014-05-06,1308.300048828125,99.5,79.13999938964844,2.5950000286102295,13.800000190734863
2014-05-07,1288.5999755859375,100.7699966430664,79.22000122070312,2.5899999141693115,13.399999618530273
2014-05-08,1287.4000244140625,100.26000213623047,79.43000030517578,2.6019999980926514,13.430000305175781
2014-05-09,1287.300048828125,99.98999786376953,79.9000015258789,2.622999906539917,12.920000076293945
2014-05-12,1295.5999755859375,100.58999633789062,79.9000015258789,2.6559998989105225,12.229999542236328
2014-05-13,1294.5999755859375,101.69999694824219,80.13999938964844,2.618000030517578,12.130000114440918
2014-05-14,1305.699951171875,102.37000274658203,80.06999969482422,2.5429999828338623,12.170000076293945
2014-05-15,1293.5,101.5,80.0,2.502000093460083,13.170000076293945
2014-05-16,1293.300048828125,102.0199966430664,80.04000091552734,2.5179998874664307,12.4399995803833
2014-05-19,1293.699951171875,102.61000061035156,79.98999786376953,2.5360000133514404,12.420000076293945
2014-05-20,1294.5,102.44000244140625,80.04000091552734,2.509000062942505,12.960000038146973
2014-05-21,1288.0,104.06999969482422,80.0999984741211,2.5369999408721924,11.90999984741211
2014-05-22,1294.9000244140625,103.73999786376953,80.25,2.555000066757202,12.029999732971191
2014-05-23,1291.5999755859375,104.3499984741211,80.38999938964844,2.5360000133514404,11.359999656677246
2014-05-27,1265.4000244140625,104.11000061035156,80.3499984741211,2.5179998874664307,11.510000228881836
2014-05-28,1259.300048828125,102.72000122070312,80.56999969482422,2.437999963760376,11.680000305175781
2014-05-29,1256.300048828125,103.58000183105469,80.48999786376953,2.447000026702881,11.569999694824219
2014-05-30,1245.5999755859375,102.70999908447266,80.37000274658203,2.4570000171661377,11.399999618530273
2014-06-02,1243.699951171875,102.47000122070312,80.63999938964844,2.5339999198913574,11.579999923706055
2014-06-03,1244.300048828125,102.66000366210938,80.55000305175781,2.5929999351501465,11.869999885559082
2014-06-04,1244.0,102.63999938964844,80.66999816894531,2.6059999465942383,12.079999923706055
2014-06-05,1253.0,102.4800033569336,80.37000274658203,2.5840001106262207,11.680000305175781
2014-06-06,1252.0999755859375,102.66000366210938,80.41000366210938,2.5969998836517334,10.729999542236328
2014-06-09,1253.5,104.41000366210938,80.6500015258789,2.61299991607666,11.149999618530273
2014-06-10,1259.800048828125,104.3499984741211,80.81999969482422,2.634999990463257,10.989999771118164
2014-06-11,1260.800048828125,104.4000015258789,80.79000091552734,2.640000104904175,11.600000381469727
2014-06-12,1273.5999755859375,106.52999877929688,80.58000183105469,2.5859999656677246,12.5600004196167
2014-06-13,1273.699951171875,106.91000366210938,80.58000183105469,2.6040000915527344,12.180000305175781
2014-06-16,1274.9000244140625,106.9000015258789,80.47000122070312,2.5969998836517334,12.649999618530273
2014-06-17,1271.699951171875,106.36000061035156,80.62999725341797,2.6549999713897705,12.0600004196167
2014-06-18,1272.4000244140625,105.97000122070312,80.58000183105469,2.61299991607666,10.609999656677246
2014-06-19,1313.699951171875,106.43000030517578,80.31999969482422,2.621999979019165,10.619999885559082
2014-06-20,1316.199951171875,107.26000213623047,80.37000274658203,2.624000072479248,10.850000381469727
2014-06-23,1318.0,106.16999816894531,80.26000213623047,2.622999906539917,10.979999542236328
2014-06-24,1320.9000244140625,106.02999877929688,80.33000183105469,2.5859999656677246,12.130000114440918
2014-06-25,1322.199951171875,106.5,80.22000122070312,2.559000015258789,11.59000015258789
2014-06-26,1316.0999755859375,105.83999633789062,80.2300033569336,2.5250000953674316,11.630000114440918
2014-06-27,1319.0,105.73999786376953,80.04000091552734,2.5320000648498535,11.260000228881836
2014-06-30,1321.800048828125,105.37000274658203,79.77999877929688,2.5160000324249268,11.569999694824219
2014-07-01,1326.4000244140625,105.33999633789062,79.81999969482422,2.562999963760376,11.149999618530273
2014-07-02,1330.699951171875,104.4800033569336,79.95999908447266,2.628000020980835,10.819999694824219
2014-07-03,1320.4000244140625,104.05999755859375,80.20999908447266,2.6480000019073486,10.319999694824219
2014-07-07,1316.5,103.52999877929688,80.22000122070312,2.617000102996826,11.329999923706055
2014-07-08,1316.0,103.4000015258789,80.18000030517578,2.565000057220459,11.979999542236328
2014-07-09,1323.800048828125,102.29000091552734,79.98999786376953,2.546999931335449,11.649999618530273
2014-07-10,1338.699951171875,102.93000030517578,80.12999725341797,2.5320000648498535,12.59000015258789
2014-07-11,1337.0,100.83000183105469,80.19000244140625,2.5199999809265137,12.079999923706055
2014-07-14,1306.300048828125,100.91000366210938,80.19000244140625,2.5490000247955322,11.819999694824219
2014-07-15,1296.9000244140625,99.95999908447266,80.38999938964844,2.5490000247955322,11.960000038146973
2014-07-16,1299.5999755859375,101.19999694824219,80.55999755859375,2.5380001068115234,11.0
2014-07-17,1316.699951171875,103.19000244140625,80.5199966430664,2.4749999046325684,14.539999961853027
2014-07-18,1309.199951171875,103.12999725341797,80.5199966430664,2.4839999675750732,12.0600004196167
2014-07-21,1313.699951171875,104.58999633789062,80.55999755859375,2.4739999771118164,12.8100004196167
2014-07-22,1306.0999755859375,104.41999816894531,80.77999877929688,2.4660000801086426,12.239999771118164
2014-07-23,1304.5,103.12000274658203,80.80999755859375,2.4639999866485596,11.520000457763672
2014-07-24,1290.5999755859375,102.06999969482422,80.87000274658203,2.509000062942505,11.84000015258789
2014-07-25,1303.0999755859375,102.08999633789062,81.02999877929688,2.4690001010894775,12.6899995803833
2014-07-28,1303.300048828125,101.66999816894531,81.02999877929688,2.490999937057495,12.5600004196167
2014-07-29,1298.300048828125,100.97000122070312,81.20999908447266,2.4619998931884766,13.279999732971191
2014-07-30,1294.9000244140625,100.2699966430664,81.41999816894531,2.553999900817871,13.329999923706055
2014-07-31,1281.300048828125,98.16999816894531,81.45999908447266,2.555999994277954,16.950000762939453
2014-08-01,1293.5999755859375,97.87999725341797,81.30000305175781,2.505000114440918,17.030000686645508
2014-08-04,1287.699951171875,98.29000091552734,81.33000183105469,2.490999937057495,15.119999885559082
2014-08-05,1284.0,97.37999725341797,81.5199966430664,2.4830000400543213,16.8700008392334
2014-08-06,1306.699951171875,96.91999816894531,81.44000244140625,2.4739999771118164,16.3700008392334
2014-08-07,1310.800048828125,97.33999633789062,81.5199966430664,2.4240000247955322,16.65999984741211
2014-08-08,1308.9000244140625,97.6500015258789,81.38999938964844,2.4149999618530273,15.770000457763672
2014-08-11,1308.5,98.08000183105469,81.47000122070312,2.4200000762939453,14.229999542236328
2014-08-12,1308.800048828125,97.37000274658203,81.5,2.441999912261963,14.130000114440918
2014-08-13,1312.800048828125,97.58999633789062,81.5999984741211,2.4130001068115234,12.899999618530273
2014-08-14,1313.9000244140625,95.58000183105469,81.58999633789062,2.4000000953674316,12.420000076293945
2014-08-15,1304.5,97.3499984741211,81.41999816894531,2.3450000286102295,13.149999618530273
2014-08-18,1297.699951171875,96.41000366210938,81.58000183105469,2.38700008392334,12.319999694824219
2014-08-19,1295.0999755859375,94.4800033569336,81.87999725341797,2.4049999713897705,12.210000038146973
2014-08-20,1293.4000244140625,96.06999969482422,82.25,2.4260001182556152,11.779999732971191
2014-08-21,1273.699951171875,93.95999908447266,82.1500015258789,2.4070000648498535,11.760000228881836
2014-08-22,1278.5999755859375,93.6500015258789,82.33999633789062,2.4030001163482666,11.470000267028809
2014-08-25,1277.300048828125,93.3499984741211,82.55000305175781,2.38700008392334,11.699999809265137
2014-08-26,1283.800048828125,93.86000061035156,82.6500015258789,2.3910000324249268,11.630000114440918
2014-08-27,1281.9000244140625,93.87999725341797,82.43000030517578,2.3610000610351562,11.779999732971191
2014-08-28,1288.699951171875,94.55000305175781,82.4800033569336,2.3340001106262207,12.050000190734863
2014-08-29,1285.800048828125,95.95999908447266,82.75,2.3429999351501465,12.09000015258789
2014-09-02,1263.699951171875,92.87999725341797,82.98999786376953,2.4189999103546143,12.25
2014-09-03,1268.9000244140625,95.54000091552734,82.87000274658203,2.4100000858306885,12.359999656677246
2014-09-04,1265.0999755859375,94.44999694824219,83.81999969482422,2.447999954223633,12.640000343322754
2014-09-05,1265.800048828125,93.29000091552734,83.76000213623047,2.4609999656677246,12.09000015258789
2014-09-08,1252.699951171875,92.66000366210938,84.2300033569336,2.4690001010894775,12.65999984741211
2014-09-09,1246.800048828125,92.75,84.27999877929688,2.5,13.5
2014-09-10,1243.5,91.66999816894531,84.25,2.5339999198913574,12.880000114440918
2014-09-11,1237.4000244140625,92.83000183105469,84.30000305175781,2.5309998989105225,12.800000190734863
2014-09-12,1229.9000244140625,92.2699966430664,84.23999786376953,2.614000082015991,13.3100004196167
2014-09-15,1233.5999755859375,92.91999816894531,84.26000213623047,2.5910000801086426,14.119999885559082
2014-09-16,1235.199951171875,94.87999725341797,84.06999969482422,2.5889999866485596,12.729999542236328
2014-09-17,1234.4000244140625,94.41999816894531,84.69999694824219,2.5999999046325684,12.649999618530273
2014-09-18,1225.699951171875,93.06999969482422,84.31999969482422,2.628999948501587,12.029999732971191
2014-09-19,1215.300048828125,92.41000366210938,84.80000305175781,2.5869998931884766,12.109999656677246
2014-09-22,1216.800048828125,91.5199966430664,84.66999816894531,2.565999984741211,13.6899995803833
2014-09-23,1221.0,91.55999755859375,84.66000366210938,2.5350000858306885,14.930000305175781
2014-09-24,1218.5999755859375,92.80000305175781,85.05000305175781,2.569000005722046,13.270000457763672
2014-09-25,1221.199951171875,92.52999877929688,85.19999694824219,2.510999917984009,15.640000343322754
2014-09-26,1214.0999755859375,93.54000091552734,85.63999938964844,2.5350000858306885,14.850000381469727
2014-09-29,1217.5,94.56999969482422,85.58999633789062,2.490999937057495,15.979999542236328
2014-09-30,1210.5,91.16000366210938,85.94000244140625,2.507999897003174,16.309999465942383
2014-10-01,1214.5999755859375,90.7300033569336,85.97000122070312,2.4030001163482666,16.709999084472656
2014-10-02,1214.199951171875,91.01000213623047,85.5999984741211,2.437999963760376,16.15999984741211
2014-10-03,1192.199951171875,89.73999786376953,86.69000244140625,2.447000026702881,14.550000190734863
2014-10-06,1206.699951171875,90.33999633789062,85.70999908447266,2.424999952316284,15.460000038146973
2014-10-07,1211.699951171875,88.8499984741211,85.66999816894531,2.3499999046325684,17.200000762939453
2014-10-08,1205.300048828125,87.30999755859375,85.30000305175781,2.3299999237060547,15.109999656677246
2014-10-09,1224.5999755859375,85.7699966430664,85.5199966430664,2.3269999027252197,18.760000228881836
2014-10-10,1221.0,85.81999969482422,85.91000366210938,2.306999921798706,21.239999771118164
2014-10-13,1229.300048828125,85.73999786376953,85.43000030517578,2.2860000133514404,24.639999389648438
2014-10-14,1233.5999755859375,81.83999633789062,85.81999969482422,2.2060000896453857,22.790000915527344
2014-10-15,1244.0999755859375,81.77999877929688,85.1500015258789,2.0899999141693115,25.270000457763672
2014-10-16,1240.5,82.69999694824219,85.0,2.1530001163482666,25.200000762939453
2014-10-17,1238.300048828125,82.75,85.19000244140625,2.1989998817443848,21.989999771118164
2014-10-20,1244.0,82.70999908447266,84.94999694824219,2.180999994277954,18.56999969482422
2014-10-21,1251.0,82.80999755859375,85.30999755859375,2.2079999446868896,16.079999923706055
2014-10-22,1244.800048828125,80.5199966430664,85.73999786376953,2.2290000915527344,17.8700008392334
2014-10-23,1228.5,82.08999633789062,85.83999633789062,2.2750000953674316,16.530000686645508
2014-10-24,1231.199951171875,81.01000213623047,85.7300033569336,2.2730000019073486,16.110000610351562
2014-10-27,1229.0999755859375,81.0,85.5,2.256999969482422,16.040000915527344
2014-10-28,1229.199951171875,81.41999816894531,85.41000366210938,2.2839999198913574,14.390000343322754
2014-10-29,1224.300048828125,82.19999694824219,85.94999694824219,2.322999954223633,15.149999618530273
2014-10-30,1198.0999755859375,81.12000274658203,86.1500015258789,2.305000066757202,14.520000457763672
2014-10-31,1171.0999755859375,80.54000091552734,86.87999725341797,2.3350000381469727,14.029999732971191
2014-11-03,1169.4000244140625,78.77999877929688,87.30999755859375,2.3480000495910645,14.729999542236328
2014-11-04,1167.4000244140625,77.19000244140625,86.9800033569336,2.3420000076293945,14.890000343322754
2014-11-05,1145.4000244140625,78.68000030517578,87.44000244140625,2.3499999046325684,14.170000076293945
2014-11-06,1142.300048828125,77.91000366210938,88.01000213623047,2.375,13.670000076293945
2014-11-07,1169.5999755859375,78.6500015258789,87.63999938964844,2.312000036239624,13.119999885559082
2014-11-10,1159.5999755859375,77.4000015258789,87.80999755859375,2.3589999675750732,12.670000076293945
2014-11-11,1162.800048828125,77.94000244140625,87.52999877929688,2.359999895095825,12.920000076293945
2014-11-12,1158.9000244140625,77.18000030517578,87.81999969482422,2.3589999675750732,13.020000457763672
2014-11-13,1161.0999755859375,74.20999908447266,87.66999816894531,2.3469998836517334,13.789999961853027
2014-11-14,1185.0,75.81999969482422,87.52999877929688,2.319999933242798,13.3100004196167
2014-11-17,1183.0,75.63999938964844,87.93000030517578,2.3399999141693115,13.989999771118164
2014-11-18,1196.699951171875,74.61000061035156,87.58000183105469,2.322000026702881,13.859999656677246
2014-11-19,1193.5999755859375,74.58000183105469,87.6500015258789,2.3510000705718994,13.960000038146973
2014-11-20,1190.699951171875,75.58000183105469,87.58999633789062,2.3350000381469727,13.579999923706055
2014-11-21,1197.5,76.51000213623047,88.30999755859375,2.315000057220459,12.899999618530273
2014-11-24,1195.5,75.77999877929688,88.1500015258789,2.309999942779541,12.619999885559082
2014-11-25,1197.0999755859375,74.08999633789062,87.91999816894531,2.259999990463257,12.25
2014-11-26,1196.5999755859375,73.69000244140625,87.61000061035156,2.2339999675750732,12.069999694824219
2014-11-28,1175.199951171875,66.1500015258789,88.36000061035156,2.194000005722046,13.329999923706055
2014-12-01,1218.0,69.0,87.94999694824219,2.2179999351501465,14.15999984741211
2014-12-02,1199.199951171875,66.87999725341797,88.6500015258789,2.2850000858306885,12.850000381469727
2014-12-03,1208.5,67.37999725341797,88.95999908447266,2.2869999408721924,12.5
2014-12-04,1207.5,66.80999755859375,88.69999694824219,2.256999969482422,12.380000114440918
2014-12-05,1190.0999755859375,65.83999633789062,89.33000183105469,2.306999921798706,11.890000343322754
2014-12-08,1194.699951171875,63.04999923706055,89.04000091552734,2.256999969482422,14.210000038146973
2014-12-09,1231.5,63.81999969482422,88.69000244140625,2.2200000286102295,15.350000381469727
2014-12-10,1228.9000244140625,60.939998626708984,88.2699966430664,2.1689999103546143,18.530000686645508
2014-12-11,1225.0999755859375,59.95000076293945,88.66000366210938,2.177999973297119,20.079999923706055
2014-12-12,1222.0,57.810001373291016,88.36000061035156,2.1029999256134033,21.079999923706055
2014-12-15,1207.199951171875,55.90999984741211,88.45999908447266,2.115999937057495,20.420000076293945
2014-12-16,1193.9000244140625,55.93000030517578,88.12999725341797,2.071000099182129,23.56999969482422
2014-12-17,1194.300048828125,56.470001220703125,89.12999725341797,2.1480000019073486,19.440000534057617
2014-12-18,1194.699951171875,54.11000061035156,89.23999786376953,2.2039999961853027,16.809999465942383
2014-12-19,1195.9000244140625,56.52000045776367,89.5999984741211,2.1760001182556152,16.489999771118164
2014-12-22,1179.699951171875,55.2599983215332,89.7699966430664,2.1619999408721924,15.25
2014-12-23,1177.9000244140625,57.119998931884766,90.05999755859375,2.256999969482422,14.800000190734863
2014-12-24,1173.5,55.84000015258789,89.97000122070312,2.2639999389648438,14.369999885559082
2014-12-26,1195.300048828125,54.72999954223633,90.02999877929688,2.25,14.5
2014-12-29,1181.699951171875,53.61000061035156,90.19000244140625,2.2070000171661377,15.0600004196167
2014-12-30,1200.199951171875,54.119998931884766,89.98999786376953,2.190000057220459,15.920000076293945
2014-12-31,1183.9000244140625,53.27000045776367,90.2699966430664,2.1700000762939453,19.200000762939453
2015-01-02,1186.0,52.689998626708984,91.08000183105469,2.122999906539917,17.790000915527344
2015-01-05,1203.9000244140625,50.040000915527344,91.37999725341797,2.0390000343322754,19.920000076293945
2015-01-06,1219.300048828125,47.93000030517578,91.5,1.9630000591278076,21.1200008392334
2015-01-07,1210.5999755859375,48.650001525878906,91.88999938964844,1.9539999961853027,19.309999465942383
2015-01-08,1208.4000244140625,48.790000915527344,92.37000274658203,2.0160000324249268,17.010000228881836
2015-01-09,1216.0,48.36000061035156,91.94000244140625,1.9709999561309814,17.549999237060547
2015-01-12,1232.699951171875,46.06999969482422,91.9800033569336,1.9119999408721924,19.600000381469727
2015-01-13,1234.300048828125,45.88999938964844,92.30999755859375,1.8899999856948853,20.559999465942383
2015-01-14,1234.4000244140625,48.47999954223633,92.16000366210938,1.8370000123977661,21.479999542236328
2015-01-15,1264.699951171875,46.25,92.3499984741211,1.774999976158142,22.389999389648438
2015-01-16,1276.9000244140625,48.689998626708984,92.5199966430664,1.815000057220459,20.950000762939453
2015-01-20,1294.199951171875,46.38999938964844,93.05000305175781,1.8070000410079956,19.889999389648438
2015-01-21,1293.699951171875,47.779998779296875,92.9000015258789,1.8530000448226929,18.850000381469727
2015-01-22,1300.699951171875,46.310001373291016,94.23999786376953,1.8960000276565552,16.399999618530273
2015-01-23,1292.5999755859375,45.59000015258789,95.0,1.8170000314712524,16.65999984741211
2015-01-26,1279.4000244140625,45.150001525878906,94.80000305175781,1.8279999494552612,15.520000457763672
2015-01-27,1291.699951171875,46.22999954223633,94.0199966430664,1.8250000476837158,17.219999313354492
2015-01-28,1285.9000244140625,44.45000076293945,94.47000122070312,1.7239999771118164,20.440000534057617
2015-01-29,1254.5999755859375,44.529998779296875,94.77999877929688,1.7510000467300415,18.760000228881836
2015-01-30,1278.5,48.2400016784668,94.80000305175781,1.6749999523162842,20.969999313354492
2015-02-02,1276.199951171875,49.56999969482422,94.5,1.6729999780654907,19.43000030517578
2015-02-03,1259.699951171875,53.04999923706055,93.5999984741211,1.7799999713897705,17.329999923706055
2015-02-04,1263.800048828125,48.45000076293945,93.98999786376953,1.7970000505447388,18.329999923706055
2015-02-05,1262.0,50.47999954223633,94.69999694824219,1.815000057220459,16.850000381469727
2015-02-06,1233.9000244140625,51.689998626708984,94.69999694824219,1.937999963760376,17.290000915527344
2015-02-09,1240.800048828125,52.86000061035156,94.44999694824219,1.9479999542236328,18.549999237060547
2015-02-10,1231.5999755859375,50.02000045776367,94.76000213623047,1.9910000562667847,17.229999542236328
2015-02-11,1219.0,48.84000015258789,94.98999786376953,1.9880000352859497,16.959999084472656
2015-02-12,1220.0999755859375,51.209999084472656,94.08999633789062,1.9859999418258667,15.34000015258789
2015-02-13,1226.5,52.779998779296875,94.19999694824219,2.0209999084472656,14.6899995803833
2015-02-17,1208.0999755859375,53.529998779296875,94.05999755859375,2.1449999809265137,15.800000190734863
2015-02-18,1199.699951171875,52.13999938964844,94.19999694824219,2.065999984741211,15.449999809265137
2015-02-19,1207.0999755859375,51.15999984741211,94.4000015258789,2.11299991607666,15.289999961853027
2015-02-20,1204.4000244140625,50.34000015258789,94.25,2.132999897003174,14.300000190734863
2015-02-23,1200.300048828125,49.45000076293945,94.56999969482422,2.059000015258789,14.5600004196167
2015-02-24,1196.9000244140625,49.279998779296875,94.48999786376953,1.9880000352859497,13.6899995803833
2015-02-25,1201.0,50.9900016784668,94.20999908447266,1.968999981880188,13.84000015258789
2015-02-26,1209.5999755859375,48.16999816894531,95.29000091552734,2.0160000324249268,13.90999984741211
2015-02-27,1212.5999755859375,49.7599983215332,95.25,2.002000093460083,13.34000015258789
2015-03-02,1207.699951171875,49.59000015258789,95.45999908447266,2.0840001106262207,13.039999961853027
2015-03-03,1204.0,50.52000045776367,95.37999725341797,2.121999979019165,13.859999656677246
2015-03-04,1200.5999755859375,51.529998779296875,95.97000122070312,2.122999906539917,14.229999542236328
2015-03-05,1195.9000244140625,50.7599983215332,96.37999725341797,2.111999988555908,14.039999961853027
2015-03-06,1164.0999755859375,49.61000061035156,97.62000274658203,2.240000009536743,15.199999809265137
2015-03-09,1166.4000244140625,50.0,97.58999633789062,2.194999933242798,15.0600004196167
2015-03-10,1160.0999755859375,48.290000915527344,98.62000274658203,2.125999927520752,16.690000534057617
2015-03-11,1150.699951171875,48.16999816894531,99.80000305175781,2.1089999675750732,16.8700008392334
2015-03-12,1152.0999755859375,47.04999923706055,99.1500015258789,2.0959999561309814,15.420000076293945
2015-03-13,1152.5999755859375,44.84000015258789,100.33000183105469,2.111999988555908,16.0
2015-03-16,1153.300048828125,43.880001068115234,99.5999984741211,2.0980000495910645,15.609999656677246
2015-03-17,1148.300048828125,43.459999084472656,99.58999633789062,2.058000087738037,15.65999984741211
2015-03-18,1151.4000244140625,44.65999984741211,98.55000305175781,1.9509999752044678,13.970000267028809
2015-03-19,1169.0999755859375,43.959999084472656,99.0999984741211,1.9769999980926514,14.069999694824219
2015-03-20,1184.800048828125,45.720001220703125,97.91000366210938,1.9299999475479126,13.020000457763672
2015-03-23,1188.0,47.45000076293945,97.02999877929688,1.9149999618530273,13.40999984741211
2015-03-24,1191.699951171875,47.5099983215332,97.19000244140625,1.878000020980835,13.619999885559082
2015-03-25,1197.300048828125,49.209999084472656,96.9800033569336,1.9199999570846558,15.4399995803833
2015-03-26,1205.0999755859375,51.43000030517578,97.44000244140625,2.006999969482422,15.800000190734863
2015-03-27,1199.800048828125,48.869998931884766,97.29000091552734,1.9479999542236328,15.069999694824219
2015-03-30,1184.800048828125,48.68000030517578,97.9800033569336,1.9630000591278076,14.510000228881836
2015-03-31,1183.0999755859375,47.599998474121094,98.36000061035156,1.934000015258789,15.289999961853027
2015-04-01,1208.0999755859375,50.09000015258789,98.19000244140625,1.8680000305175781,15.109999656677246
2015-04-02,1200.9000244140625,49.13999938964844,97.44000244140625,1.9040000438690186,14.670000076293945
2015-04-06,1218.5999755859375,52.13999938964844,97.11000061035156,1.9040000438690186,14.739999771118164
2015-04-07,1210.5999755859375,53.97999954223633,97.83000183105469,1.8930000066757202,14.779999732971191
2015-04-08,1203.0999755859375,50.41999816894531,98.06999969482422,1.8949999809265137,13.979999542236328
2015-04-09,1193.5999755859375,50.790000915527344,99.16000366210938,1.9579999446868896,13.09000015258789
2015-04-10,1204.5999755859375,51.63999938964844,99.38999938964844,1.9509999752044678,12.579999923706055
2015-04-13,1199.300048828125,51.90999984741211,99.48999786376953,1.9390000104904175,13.9399995803833
2015-04-14,1192.800048828125,53.290000915527344,98.76000213623047,1.9040000438690186,13.670000076293945
2015-04-15,1201.5,56.38999938964844,98.33000183105469,1.899999976158142,12.84000015258789
2015-04-16,1198.0,56.709999084472656,97.41999816894531,1.878000020980835,12.600000381469727
2015-04-17,1202.9000244140625,55.7400016784668,97.5199966430664,1.850000023841858,13.890000343322754
2015-04-20,1193.5,56.380001068115234,97.94000244140625,1.8949999809265137,13.300000190734863
2015-04-21,1202.9000244140625,55.2599983215332,97.9800033569336,1.9160000085830688,13.25
2015-04-22,1186.9000244140625,56.15999984741211,98.0199966430664,1.972000002861023,12.710000038146973
2015-04-23,1194.4000244140625,57.7400016784668,97.27999877929688,1.9470000267028809,12.479999542236328
2015-04-24,1175.199951171875,57.150001525878906,96.91999816894531,1.9170000553131104,12.289999961853027
2015-04-27,1203.300048828125,56.9900016784668,96.7699966430664,1.9240000247955322,13.119999885559082
2015-04-28,1214.0,57.060001373291016,96.08999633789062,1.9730000495910645,12.40999984741211
2015-04-29,1209.800048828125,58.58000183105469,95.12000274658203,2.0350000858306885,13.390000343322754
2015-04-30,1182.4000244140625,59.630001068115234,94.5999984741211,2.0460000038146973,14.550000190734863
2015-05-01,1174.5,59.150001525878906,95.30000305175781,2.117000102996826,12.699999809265137
2015-05-04,1186.800048828125,58.93000030517578,95.4800033569336,2.134999990463257,12.850000381469727
2015-05-05,1193.199951171875,60.400001525878906,95.12999725341797,2.1760001182556152,14.3100004196167
2015-05-06,1190.300048828125,60.93000030517578,94.12999725341797,2.240000009536743,15.149999618530273
2015-05-07,1182.4000244140625,58.939998626708984,94.62000274658203,2.184000015258789,15.130000114440918
2015-05-08,1189.0999755859375,59.38999938964844,94.79000091552734,2.1500000953674316,12.859999656677246
2015-05-11,1183.199951171875,59.25,95.01000213623047,2.2739999294281006,13.850000381469727
2015-05-12,1192.5999755859375,60.75,94.52999877929688,2.259999990463257,13.859999656677246
2015-05-13,1218.4000244140625,60.5,93.62000274658203,2.2820000648498535,13.760000228881836
2015-05-14,1225.4000244140625,59.880001068115234,93.36000061035156,2.239000082015991,12.739999771118164
2015-05-15,1225.5,59.689998626708984,93.13999938964844,2.1410000324249268,12.380000114440918
2015-05-18,1227.800048828125,59.43000030517578,94.19000244140625,2.2279999256134033,12.729999542236328
2015-05-19,1206.9000244140625,57.2599983215332,95.2699966430664,2.26200008392334,12.850000381469727
2015-05-20,1208.9000244140625,58.97999954223633,95.44999694824219,2.250999927520752,12.880000114440918
2015-05-21,1204.4000244140625,60.720001220703125,95.26000213623047,2.184999942779541,12.109999656677246
2015-05-22,1204.300048828125,59.720001220703125,96.01000213623047,2.2149999141693115,12.130000114440918
2015-05-26,1187.199951171875,58.029998779296875,97.30000305175781,2.13700008392334,14.0600004196167
2015-05-27,1185.9000244140625,57.5099983215332,97.37000274658203,2.134999990463257,13.270000457763672
2015-05-28,1188.0999755859375,57.68000030517578,96.97000122070312,2.130000114440918,13.3100004196167
2015-05-29,1189.4000244140625,60.29999923706055,96.91000366210938,2.0950000286102295,13.84000015258789
2015-06-01,1188.300048828125,60.20000076293945,97.38999938964844,2.191999912261963,13.970000267028809
2015-06-02,1194.0999755859375,61.2599983215332,95.83999633789062,2.2660000324249268,14.239999771118164
2015-06-03,1184.699951171875,59.63999938964844,95.47000122070312,2.365999937057495,13.65999984741211
2015-06-04,1174.9000244140625,58.0,95.45999908447266,2.306999921798706,14.710000038146973
2015-06-05,1167.800048828125,59.130001068115234,96.30999755859375,2.4019999504089355,14.210000038146973
2015-06-08,1173.199951171875,58.13999938964844,95.30000305175781,2.38100004196167,15.289999961853027
2015-06-09,1177.300048828125,60.13999938964844,95.16999816894531,2.4170000553131104,14.470000267028809
2015-06-10,1186.0999755859375,61.43000030517578,94.6500015258789,2.4779999256134033,13.220000267028809
2015-06-11,1179.9000244140625,60.77000045776367,94.9800033569336,2.382999897003174,12.850000381469727
2015-06-12,1178.800048828125,59.959999084472656,94.97000122070312,2.384999990463257,13.779999732971191
2015-06-15,1185.300048828125,59.52000045776367,94.80999755859375,2.3580000400543213,15.390000343322754
2015-06-16,1180.5,59.970001220703125,95.0,2.318000078201294,14.8100004196167
2015-06-17,1176.4000244140625,59.91999816894531,94.30000305175781,2.305999994277954,14.5
2015-06-18,1201.5,60.45000076293945,94.04000091552734,2.3510000705718994,13.1899995803833
2015-06-19,1201.5,59.61000061035156,94.08999633789062,2.2669999599456787,13.960000038146973
2015-06-22,1183.699951171875,59.68000030517578,94.33000183105469,2.359999895095825,12.739999771118164
2015-06-23,1176.199951171875,61.0099983215332,95.43000030517578,2.4089999198913574,12.109999656677246
2015-06-24,1172.5999755859375,60.27000045776367,95.26000213623047,2.371000051498413,13.260000228881836
2015-06-25,1171.5,59.70000076293945,95.19000244140625,2.3929998874664307,14.010000228881836
2015-06-26,1172.9000244140625,59.630001068115234,95.47000122070312,2.4760000705718994,14.020000457763672
2015-06-29,1178.5,58.33000183105469,94.79000091552734,2.3310000896453857,18.850000381469727
2015-06-30,1171.5,59.470001220703125,95.48999786376953,2.3350000381469727,18.229999542236328
2015-07-01,1169.0,56.959999084472656,96.30999755859375,2.4179999828338623,16.09000015258789
2015-07-02,1163.0,56.93000030517578,96.11000061035156,2.3929998874664307,16.790000915527344
2015-07-06,1172.9000244140625,52.529998779296875,96.30000305175781,2.2780001163482666,17.010000228881836
2015-07-07,1152.4000244140625,52.33000183105469,96.87000274658203,2.2309999465942383,16.09000015258789
2015-07-08,1163.300048828125,51.650001525878906,96.29000091552734,2.2060000896453857,19.65999984741211
2015-07-09,1159.0,52.779998779296875,96.61000061035156,2.3010001182556152,19.969999313354492
2015-07-10,1157.699951171875,52.7400016784668,96.02999877929688,2.4170000553131104,16.829999923706055
2015-07-13,1155.199951171875,52.20000076293945,96.86000061035156,2.430000066757202,13.899999618530273
2015-07-14,1153.300048828125,53.040000915527344,96.63999938964844,2.3989999294281006,13.369999885559082
2015-07-15,1147.199951171875,51.40999984741211,97.12999725341797,2.3499999046325684,13.229999542236328
2015-07-16,1143.800048828125,50.90999984741211,97.66000366210938,2.3519999980926514,12.109999656677246
2015-07-17,1131.800048828125,50.88999938964844,97.86000061035156,2.3489999771118164,11.949999809265137
2015-07-20,1106.699951171875,50.150001525878906,98.02999877929688,2.371999979019165,12.25
2015-07-21,1103.4000244140625,50.36000061035156,97.33000183105469,2.3399999141693115,12.220000267028809
2015-07-22,1091.4000244140625,49.189998626708984,97.5999984741211,2.322000026702881,12.119999885559082
2015-07-23,1094.0,48.45000076293945,97.12000274658203,2.2769999504089355,12.640000343322754
2015-07-24,1085.5999755859375,48.13999938964844,97.23999786376953,2.2709999084472656,13.739999771118164
2015-07-27,1096.5,47.38999938964844,96.5,2.2279999256134033,15.600000381469727
2015-07-28,1096.300048828125,47.97999954223633,96.7699966430664,2.25,13.4399995803833
2015-07-29,1092.699951171875,48.790000915527344,96.9800033569336,2.2790000438690186,12.5
2015-07-30,1088.4000244140625,48.52000045776367,97.55999755859375,2.2679998874664307,12.130000114440918
2015-07-31,1094.9000244140625,47.119998931884766,97.37000274658203,2.2049999237060547,12.119999885559082
2015-08-03,1089.4000244140625,45.16999816894531,97.48999786376953,2.1500000953674316,12.5600004196167
2015-08-04,1090.699951171875,45.7400016784668,97.93000030517578,2.2109999656677246,13.0
2015-08-05,1085.699951171875,45.150001525878906,97.95999908447266,2.2679998874664307,12.510000228881836
2015-08-06,1090.199951171875,44.65999984741211,97.83000183105469,2.2339999675750732,13.770000457763672
2015-08-07,1094.0999755859375,43.869998931884766,97.55999755859375,2.174999952316284,13.390000343322754
2015-08-10,1104.199951171875,44.959999084472656,97.16000366210938,2.23799991607666,12.229999542236328
2015-08-11,1107.5999755859375,43.08000183105469,97.29000091552734,2.13700008392334,13.710000038146973
2015-08-12,1123.199951171875,43.29999923706055,96.26000213623047,2.130000114440918,13.609999656677246
2015-08-13,1115.699951171875,42.22999954223633,96.44999694824219,2.188999891281128,13.489999771118164
2015-08-14,1112.9000244140625,42.5,96.56999969482422,2.196000099182129,12.829999923706055
2015-08-17,1118.5999755859375,41.869998931884766,96.81999969482422,2.1500000953674316,13.020000457763672
2015-08-18,1117.0999755859375,42.619998931884766,96.97000122070312,2.196000099182129,13.789999961853027
2015-08-19,1128.0999755859375,40.79999923706055,96.45999908447266,2.128999948501587,15.25
2015-08-20,1153.0,41.13999938964844,95.75,2.0840001106262207,19.139999389648438
2015-08-21,1159.5999755859375,40.45000076293945,94.83000183105469,2.053999900817871,28.030000686645508
2015-08-24,1153.4000244140625,38.2400016784668,93.30999755859375,1.996999979019165,40.7400016784668
2015-08-25,1138.199951171875,39.310001373291016,94.52999877929688,2.132999897003174,36.02000045776367
2015-08-26,1124.5999755859375,38.599998474121094,95.0999984741211,2.171999931335449,30.31999969482422
2015-08-27,1122.4000244140625,42.560001373291016,95.61000061035156,2.1679999828338623,26.100000381469727
2015-08-28,1133.0999755859375,45.220001220703125,96.11000061035156,2.186000108718872,26.049999237060547
2015-08-31,1131.5999755859375,49.20000076293945,95.94999694824219,2.200000047683716,28.43000030517578
2015-09-01,1138.699951171875,45.40999984741211,95.44999694824219,2.171999931335449,31.399999618530273
2015-09-02,1132.5,46.25,95.83000183105469,2.193000078201294,26.09000015258789
2015-09-03,1123.699951171875,46.75,96.41000366210938,2.1679999828338623,25.610000610351562
2015-09-04,1120.5999755859375,46.04999923706055,96.2300033569336,2.128000020980835,27.799999237060547
2015-09-08,1120.4000244140625,45.939998626708984,95.87999725341797,2.194000005722046,24.899999618530273
2015-09-09,1102.199951171875,44.150001525878906,96.01000213623047,2.180999994277954,26.229999542236328
2015-09-10,1109.5,45.91999816894531,95.45999908447266,2.2219998836517334,24.3700008392334
2015-09-11,1103.5,44.630001068115234,95.19000244140625,2.183000087738037,23.200000762939453
2015-09-14,1107.699951171875,44.0,95.25,2.180000066757202,24.25
2015-09-15,1102.800048828125,44.59000015258789,95.61000061035156,2.2809998989105225,22.540000915527344
2015-09-16,1119.199951171875,47.150001525878906,95.41999816894531,2.302999973297119,21.350000381469727
2015-09-17,1117.300048828125,46.900001525878906,94.55000305175781,2.2170000076293945,21.139999389648438
2015-09-18,1138.0999755859375,44.68000030517578,94.86000061035156,2.130000114440918,22.280000686645508
2015-09-21,1133.0999755859375,46.68000030517578,95.88999938964844,2.2139999866485596,20.139999389648438
2015-09-22,1125.0,45.83000183105469,96.27999877929688,2.125,22.440000534057617
2015-09-23,1131.5999755859375,44.47999954223633,96.06999969482422,2.1440000534057617,22.1299991607666
2015-09-24,1153.800048828125,44.90999984741211,95.98999786376953,2.119999885559082,23.469999313354492
2015-09-25,1146.0,45.70000076293945,96.2699966430664,2.1679999828338623,23.6200008392334
2015-09-28,1132.0,44.43000030517578,96.02999877929688,2.0950000286102295,27.6299991607666
2015-09-29,1127.0999755859375,45.22999954223633,95.88999938964844,2.053999900817871,26.829999923706055
2015-09-30,1115.5,45.09000015258789,96.3499984741211,2.059999942779541,24.5
2015-10-01,1114.199951171875,44.7400016784668,96.19000244140625,2.0420000553131104,22.549999237060547
2015-10-02,1137.0999755859375,45.540000915527344,95.83000183105469,1.9889999628067017,20.940000534057617
2015-10-05,1138.0999755859375,46.2599983215332,96.11000061035156,2.055999994277954,19.540000915527344
2015-10-06,1146.800048828125,48.529998779296875,95.45999908447266,2.0350000858306885,19.399999618530273
2015-10-07,1149.0,47.810001373291016,95.5,2.062000036239624,18.399999618530273
2015-10-08,1144.699951171875,49.43000030517578,95.31999969482422,2.1080000400543213,17.420000076293945
2015-10-09,1156.300048828125,49.630001068115234,94.80999755859375,2.0989999771118164,17.079999923706055
2015-10-12,1164.9000244140625,47.099998474121094,94.83999633789062,2.0899999141693115,16.170000076293945
2015-10-13,1165.800048828125,46.65999984741211,94.76000213623047,2.055000066757202,17.670000076293945
2015-10-14,1180.0999755859375,46.63999938964844,93.93000030517578,1.9809999465942383,18.030000686645508
2015-10-15,1187.9000244140625,46.380001068115234,94.37000274658203,2.0230000019073486,16.049999237060547
2015-10-16,1183.5999755859375,47.2599983215332,94.54000091552734,2.0230000019073486,15.050000190734863
2015-10-19,1173.300048828125,45.88999938964844,94.95999908447266,2.0280001163482666,14.979999542236328
2015-10-20,1178.0,45.54999923706055,94.8499984741211,2.071000099182129,15.75
2015-10-21,1167.5999755859375,45.20000076293945,95.05000305175781,2.0299999713897705,16.700000762939453
2015-10-22,1166.5999755859375,45.380001068115234,96.33999633789062,2.0250000953674316,14.449999809265137
2015-10-23,1163.300048828125,44.599998474121094,97.06999969482422,2.0829999446868896,14.460000038146973
2015-10-26,1167.0,43.97999954223633,96.86000061035156,2.058000087738037,15.289999961853027
2015-10-27,1166.800048828125,43.20000076293945,96.91000366210938,2.0280001163482666,15.430000305175781
2015-10-28,1177.0999755859375,45.939998626708984,97.77999877929688,2.0920000076293945,14.329999923706055
2015-10-29,1147.199951171875,46.060001373291016,97.27999877929688,2.1730000972747803,14.609999656677246
2015-10-30,1141.5,46.59000015258789,96.94999694824219,2.1510000228881836,15.069999694824219
2015-11-02,1135.800048828125,46.13999938964844,96.93000030517578,2.187000036239624,14.149999618530273
2015-11-03,1114.199951171875,47.900001525878906,97.16000366210938,2.2200000286102295,14.539999961853027
2015-11-04,1106.5,46.31999969482422,97.94999694824219,2.2300000190734863,15.510000228881836
2015-11-05,1104.4000244140625,45.20000076293945,97.94000244140625,2.244999885559082,15.050000190734863
2015-11-06,1087.5999755859375,44.290000915527344,99.16000366210938,2.3329999446868896,14.329999923706055
2015-11-09,1087.9000244140625,43.869998931884766,98.9800033569336,2.3420000076293945,16.520000457763672
2015-11-10,1088.199951171875,44.209999084472656,99.29000091552734,2.322000026702881,15.289999961853027
2015-11-11,1084.699951171875,42.93000030517578,99.01000213623047,2.3380000591278076,16.059999465942383
2015-11-12,1080.800048828125,41.75,98.6500015258789,2.319000005722046,18.3700008392334
2015-11-13,1080.800048828125,40.7400016784668,98.98999786376953,2.2799999713897705,20.079999923706055
2015-11-16,1083.699951171875,41.7400016784668,99.44000244140625,2.2730000019073486,18.15999984741211
2015-11-17,1068.699951171875,40.66999816894531,99.62999725341797,2.260999917984009,18.84000015258789
2015-11-18,1068.800048828125,40.75,99.6500015258789,2.2690000534057617,16.850000381469727
2015-11-19,1078.0,40.540000915527344,98.98999786376953,2.247999906539917,16.989999771118164
2015-11-20,1076.4000244140625,40.38999938964844,99.56999969482422,2.26200008392334,15.470000267028809
2015-11-23,1066.800048828125,41.75,99.80000305175781,2.25,15.619999885559082
2015-11-24,1074.300048828125,42.869998931884766,99.52999877929688,2.243000030517578,15.930000305175781
2015-11-25,1070.5,43.040000915527344,99.80000305175781,2.2320001125335693,15.1899995803833
2015-11-27,1056.199951171875,41.709999084472656,100.0199966430664,2.2249999046325684,15.119999885559082
2015-11-30,1065.800048828125,41.650001525878906,100.16999816894531,2.2179999351501465,16.1299991607666
2015-12-01,1063.800048828125,41.849998474121094,99.80000305175781,2.1549999713897705,14.670000076293945
2015-12-02,1054.199951171875,39.939998626708984,99.98999786376953,2.177999973297119,15.90999984741211
2015-12-03,1061.699951171875,41.08000183105469,97.62000274658203,2.3299999237060547,18.110000610351562
2015-12-04,1084.5,39.970001220703125,98.3499984741211,2.2750000953674316,14.8100004196167
2015-12-07,1076.4000244140625,37.650001525878906,98.66000366210938,2.2249999046325684,15.84000015258789
2015-12-08,1076.300048828125,37.5099983215332,98.47000122070312,2.23799991607666,17.600000381469727
2015-12-09,1077.5999755859375,37.15999984741211,97.3499984741211,2.2079999446868896,19.610000610351562
2015-12-10,1073.0999755859375,36.7599983215332,97.94000244140625,2.239000082015991,19.34000015258789
2015-12-11,1076.9000244140625,35.619998931884766,97.56999969482422,2.1389999389648438,24.389999389648438
2015-12-14,1064.699951171875,36.310001373291016,97.5999984741211,2.2249999046325684,22.729999542236328
2015-12-15,1062.9000244140625,37.349998474121094,98.22000122070312,2.2679998874664307,20.950000762939453
2015-12-16,1078.0,35.52000045776367,97.87000274658203,2.2869999408721924,17.860000610351562
2015-12-17,1050.800048828125,34.95000076293945,99.2699966430664,2.23799991607666,18.940000534057617
2015-12-18,1066.199951171875,34.72999954223633,98.69999694824219,2.1989998817443848,20.700000762939453
2015-12-21,1081.9000244140625,34.7400016784668,98.45999908447266,2.197000026702881,18.700000762939453
2015-12-22,1074.800048828125,36.13999938964844,98.23999786376953,2.239000082015991,16.600000381469727
2015-12-23,1069.4000244140625,37.5,98.33999633789062,2.2639999389648438,15.569999694824219
2015-12-24,1077.199951171875,38.099998474121094,97.9800033569336,2.243000030517578,15.739999771118164
2015-12-28,1070.5,36.810001373291016,97.91999816894531,2.2249999046325684,16.90999984741211
2015-12-29,1077.5,37.869998931884766,98.0999984741211,2.306999921798706,16.079999923706055
2015-12-30,1060.0999755859375,36.599998474121094,98.2699966430664,2.302999973297119,17.290000915527344
2015-12-31,1060.300048828125,37.040000915527344,98.62999725341797,2.2690000534057617,18.209999084472656
2016-01-04,1075.0999755859375,36.7599983215332,98.87000274658203,2.244999885559082,20.700000762939453
2016-01-05,1078.4000244140625,35.970001220703125,99.4000015258789,2.247999906539917,19.34000015258789
2016-01-06,1091.9000244140625,33.970001220703125,99.18000030517578,2.177000045776367,20.59000015258789
2016-01-07,1107.699951171875,33.27000045776367,98.22000122070312,2.1530001163482666,24.989999771118164
2016-01-08,1097.800048828125,33.15999984741211,98.54000091552734,2.130000114440918,27.010000228881836
2016-01-11,1096.5,31.40999984741211,98.7300033569336,2.1579999923706055,24.299999237060547
2016-01-12,1085.5999755859375,30.440000534057617,98.97000122070312,2.1019999980926514,22.469999313354492
2016-01-13,1087.5,30.479999542236328,98.93000030517578,2.065999984741211,25.219999313354492
2016-01-14,1073.9000244140625,31.200000762939453,99.08999633789062,2.0980000495910645,23.950000762939453
2016-01-15,1091.5,29.420000076293945,98.95999908447266,2.0329999923706055,27.020000457763672
2016-01-18,,,99.12000274658203,,
2016-01-19,1089.9000244140625,28.459999084472656,98.98999786376953,2.0350000858306885,26.049999237060547
2016-01-20,1107.0999755859375,26.549999237060547,99.08999633789062,1.9839999675750732,27.59000015258789
2016-01-21,1099.0999755859375,29.530000686645508,99.05999755859375,2.0190000534057617,26.690000534057617
2016-01-22,1097.199951171875,32.189998626708984,99.56999969482422,2.0480000972747803,22.34000015258789
2016-01-25,1106.199951171875,30.34000015258789,99.36000061035156,2.0220000743865967,24.149999618530273
2016-01-26,1121.699951171875,31.450000762939453,99.36000061035156,1.99399995803833,22.5
2016-01-27,1116.0999755859375,32.29999923706055,98.9000015258789,2.000999927520752,23.110000610351562
2016-01-28,1115.5999755859375,33.220001220703125,98.51000213623047,1.9850000143051147,22.420000076293945
2016-01-29,1116.4000244140625,33.619998931884766,99.61000061035156,1.930999994277954,20.200000762939453
2016-02-01,1127.9000244140625,31.6200008392334,99.0,1.965999960899353,19.979999542236328
2016-02-02,1127.300048828125,29.8799991607666,98.87000274658203,1.8639999628067017,21.979999542236328
2016-02-03,1141.300048828125,32.279998779296875,97.29000091552734,1.88100004196167,21.649999618530273
2016-02-04,1157.5999755859375,31.719999313354492,96.47000122070312,1.8639999628067017,21.84000015258789
2016-02-05,1157.800048828125,30.889999389648438,97.02999877929688,1.8480000495910645,23.3799991607666
2016-02-08,1197.9000244140625,29.690000534057617,96.56999969482422,1.7350000143051147,26.0
2016-02-09,1198.699951171875,27.940000534057617,96.06999969482422,1.7289999723434448,26.540000915527344
2016-02-10,1194.699951171875,27.450000762939453,95.88999938964844,1.7050000429153442,26.290000915527344
2016-02-11,1247.9000244140625,26.209999084472656,95.55999755859375,1.6440000534057617,28.139999389648438
2016-02-12,1239.0999755859375,29.440000534057617,95.9800033569336,1.7480000257492065,25.399999618530273
2016-02-16,1207.9000244140625,29.040000915527344,96.87000274658203,1.777999997138977,24.110000610351562
2016-02-17,1211.0999755859375,30.65999984741211,96.79000091552734,1.819000005722046,22.309999465942383
2016-02-18,1226.0999755859375,30.770000457763672,96.94999694824219,1.7589999437332153,21.639999389648438
2016-02-19,1230.4000244140625,29.639999389648438,96.5999984741211,1.7480000257492065,20.530000686645508
2016-02-22,1209.5,31.479999542236328,97.37999725341797,1.7660000324249268,19.3799991607666
2016-02-23,1222.300048828125,31.8700008392334,97.4800033569336,1.7450000047683716,20.979999542236328
2016-02-24,1238.699951171875,32.150001525878906,97.45999908447266,1.7419999837875366,20.719999313354492
2016-02-25,1238.199951171875,33.06999969482422,97.29000091552734,1.6970000267028809,19.110000610351562
2016-02-26,1219.800048828125,32.779998779296875,98.1500015258789,1.7619999647140503,19.809999465942383
2016-02-29,1233.9000244140625,33.75,98.20999908447266,1.7400000095367432,20.549999237060547
2016-03-01,1230.300048828125,34.400001525878906,98.3499984741211,1.8339999914169312,17.700000762939453
2016-03-02,1241.0999755859375,34.65999984741211,98.20999908447266,1.8480000495910645,17.09000015258789
2016-03-03,1257.4000244140625,34.56999969482422,97.56999969482422,1.8300000429153442,16.700000762939453
2016-03-04,1269.9000244140625,35.91999816894531,97.33999633789062,1.8830000162124634,16.860000610351562
2016-03-07,1263.199951171875,37.900001525878906,97.06999969482422,1.9019999504089355,17.350000381469727
2016-03-08,1262.0999755859375,36.5,97.20999908447266,1.8320000171661377,18.670000076293945
2016-03-09,1256.5999755859375,38.290000915527344,97.16999816894531,1.8919999599456787,18.34000015258789
2016-03-10,1272.0,37.84000015258789,96.06999969482422,1.9290000200271606,18.049999237060547
2016-03-11,1258.699951171875,38.5,96.16999816894531,1.9769999980926514,16.5
2016-03-14,1244.4000244140625,37.18000030517578,96.62000274658203,1.9630000591278076,16.920000076293945
2016-03-15,1230.4000244140625,36.34000015258789,96.62999725341797,1.9589999914169312,16.84000015258789
2016-03-16,1229.300048828125,38.459999084472656,95.88999938964844,1.937999963760376,14.989999771118164
2016-03-17,1264.5,40.20000076293945,94.76000213623047,1.902999997138977,14.4399995803833
2016-03-18,1253.800048828125,39.439998626708984,94.98999786376953,1.871000051498413,14.020000457763672
2016-03-21,1243.800048828125,39.90999984741211,95.29000091552734,1.9229999780654907,13.789999961853027
2016-03-22,1248.199951171875,41.45000076293945,95.6500015258789,1.934999942779541,14.170000076293945
2016-03-23,1223.699951171875,39.790000915527344,96.05000305175781,1.875,14.9399995803833
2016-03-24,1221.4000244140625,39.459999084472656,96.13999938964844,1.899999976158142,14.739999771118164
2016-03-28,1219.9000244140625,39.38999938964844,95.94000244140625,1.8700000047683716,15.239999771118164
2016-03-29,1235.5999755859375,38.279998779296875,95.16000366210938,1.8140000104904175,13.819999694824219
2016-03-30,1226.9000244140625,38.31999969482422,94.83999633789062,1.8300000429153442,13.5600004196167
2016-03-31,1234.199951171875,38.34000015258789,94.58999633789062,1.7860000133514404,13.949999809265137
2016-04-01,1222.199951171875,36.790000915527344,94.62000274658203,1.7920000553131104,13.100000381469727
2016-04-04,1218.0,35.70000076293945,94.51000213623047,1.7790000438690186,14.119999885559082
2016-04-05,1228.4000244140625,35.88999938964844,94.62999725341797,1.7269999980926514,15.420000076293945
2016-04-06,1222.5,37.75,94.43000030517578,1.7549999952316284,14.09000015258789
2016-04-07,1236.199951171875,37.2599983215332,94.4800033569336,1.690999984741211,16.15999984741211
2016-04-08,1242.5,39.720001220703125,94.23999786376953,1.7200000286102295,15.359999656677246
2016-04-11,1256.699951171875,40.36000061035156,93.94999694824219,1.7239999771118164,16.260000228881836
2016-04-12,1259.4000244140625,42.16999816894531,93.95999908447266,1.781000018119812,14.850000381469727
2016-04-13,1246.800048828125,41.7599983215332,94.73999786376953,1.7619999647140503,13.84000015258789
2016-04-14,1225.0,41.5,94.9000015258789,1.781000018119812,13.720000267028809
2016-04-15,1233.0999755859375,40.36000061035156,94.69999694824219,1.7519999742507935,13.619999885559082
2016-04-18,1233.5999755859375,39.779998779296875,94.48999786376953,1.7730000019073486,13.350000381469727
2016-04-19,1253.0,41.08000183105469,93.9800033569336,1.7829999923706055,13.239999771118164
2016-04-20,1253.199951171875,42.630001068115234,94.48999786376953,1.8539999723434448,13.279999732971191
2016-04-21,1249.0,43.18000030517578,94.5999984741211,1.8700000047683716,13.949999809265137
2016-04-22,1228.699951171875,43.72999954223633,95.12000274658203,1.8880000114440918,13.220000267028809
2016-04-25,1238.9000244140625,42.63999938964844,94.83999633789062,1.9019999504089355,14.079999923706055
2016-04-26,1242.199951171875,44.040000915527344,94.56999969482422,1.930999994277954,13.960000038146973
2016-04-27,1249.199951171875,45.33000183105469,94.38999938964844,1.8600000143051147,13.770000457763672
2016-04-28,1265.5,46.029998779296875,93.76000213623047,1.8380000591278076,15.220000267028809
2016-04-29,1289.199951171875,45.91999816894531,93.08000183105469,1.819000005722046,15.699999809265137
2016-05-02,1294.699951171875,44.779998779296875,92.62999725341797,1.8650000095367432,14.680000305175781
2016-05-03,1290.699951171875,43.650001525878906,92.94000244140625,1.7999999523162842,15.600000381469727
2016-05-04,1273.300048828125,43.779998779296875,93.18000030517578,1.784000039100647,16.049999237060547
2016-05-05,1271.4000244140625,44.31999969482422,93.77999877929688,1.746999979019165,15.90999984741211
2016-05-06,1292.9000244140625,44.65999984741211,93.88999938964844,1.7790000438690186,14.720000267028809
2016-05-09,1265.5999755859375,43.439998626708984,94.1500015258789,1.7599999904632568,14.569999694824219
2016-05-10,1263.9000244140625,44.65999984741211,94.29000091552734,1.7599999904632568,13.630000114440918
2016-05-11,1274.5999755859375,46.22999954223633,93.81999969482422,1.7369999885559082,14.6899995803833
2016-05-12,1270.300048828125,46.70000076293945,94.13999938964844,1.7569999694824219,14.40999984741211
2016-05-13,1271.9000244140625,46.209999084472656,94.61000061035156,1.7050000429153442,15.039999961853027
2016-05-16,1273.4000244140625,47.720001220703125,94.56999969482422,1.753000020980835,14.680000305175781
2016-05-17,1276.199951171875,48.310001373291016,94.55000305175781,1.7589999437332153,15.569999694824219
2016-05-18,1273.699951171875,48.189998626708984,95.08000183105469,1.8799999952316284,15.949999809265137
2016-05-19,1254.199951171875,48.15999984741211,95.29000091552734,1.8450000286102295,16.329999923706055
2016-05-20,1252.4000244140625,47.75,95.30999755859375,1.8489999771118164,15.199999809265137
2016-05-23,1251.0999755859375,48.08000183105469,95.2300033569336,1.8380000591278076,15.819999694824219
2016-05-24,1228.9000244140625,48.619998931884766,95.56999969482422,1.8589999675750732,14.420000076293945
2016-05-25,1223.5,49.560001373291016,95.3499984741211,1.8700000047683716,13.899999618530273
2016-05-26,1220.0999755859375,49.47999954223633,95.16999816894531,1.8229999542236328,13.430000305175781
2016-05-27,1213.800048828125,49.33000183105469,95.5199966430664,1.8509999513626099,13.119999885559082
2016-05-31,1214.800048828125,49.099998474121094,95.88999938964844,1.8339999914169312,14.1899995803833
2016-06-01,1211.9000244140625,49.0099983215332,95.45999908447266,1.8459999561309814,14.199999809265137
2016-06-02,1209.800048828125,49.16999816894531,95.55999755859375,1.8109999895095825,13.630000114440918
2016-06-03,1240.0999755859375,48.619998931884766,94.02999877929688,1.7039999961853027,13.470000267028809
2016-06-06,1244.5999755859375,49.689998626708984,93.9000015258789,1.7230000495910645,13.649999618530273
2016-06-07,1244.4000244140625,50.36000061035156,93.83000183105469,1.7130000591278076,14.050000190734863
2016-06-08,1259.800048828125,51.22999954223633,93.58999633789062,1.7059999704360962,14.079999923706055
2016-06-09,1270.199951171875,50.560001373291016,94.0999984741211,1.6799999475479126,14.640000343322754
2016-06-10,1273.4000244140625,49.06999969482422,94.5999984741211,1.6390000581741333,17.030000686645508
2016-06-13,1284.4000244140625,48.880001068115234,94.37000274658203,1.6160000562667847,20.969999313354492
2016-06-14,1285.5999755859375,48.4900016784668,94.93000030517578,1.6109999418258667,20.5
2016-06-15,1285.800048828125,48.0099983215332,94.61000061035156,1.5959999561309814,20.139999389648438
2016-06-16,1296.0999755859375,46.209999084472656,94.56999969482422,1.5640000104904175,19.3700008392334
2016-06-17,1292.5,47.97999954223633,94.20999908447266,1.6180000305175781,19.40999984741211
2016-06-20,1290.0,49.369998931884766,93.61000061035156,1.6699999570846558,18.3700008392334
2016-06-21,1270.5,48.849998474121094,94.0199966430664,1.6970000267028809,18.479999542236328
2016-06-22,1268.0,49.130001068115234,93.72000122070312,1.684999942779541,21.170000076293945
2016-06-23,1261.199951171875,50.11000061035156,93.52999877929688,1.7389999628067017,17.25
2016-06-24,1320.0,47.63999938964844,95.44999694824219,1.5789999961853027,25.760000228881836
2016-06-27,1322.5,46.33000183105469,96.54000091552734,1.4600000381469727,23.850000381469727
2016-06-28,1315.300048828125,47.849998474121094,96.25,1.4609999656677246,18.75
2016-06-29,1323.9000244140625,49.880001068115234,95.7699966430664,1.4769999980926514,16.639999389648438
2016-06-30,1318.4000244140625,48.33000183105469,96.13999938964844,1.4880000352859497,15.630000114440918
2016-07-01,1336.699951171875,48.9900016784668,95.6500015258789,1.4559999704360962,14.770000457763672
2016-07-05,1356.4000244140625,46.599998474121094,96.16999816894531,1.3669999837875366,15.579999923706055
2016-07-06,1364.9000244140625,47.43000030517578,96.05999755859375,1.3849999904632568,14.960000038146973
2016-07-07,1360.0999755859375,45.13999938964844,96.33000183105469,1.3869999647140503,14.760000228881836
2016-07-08,1356.5999755859375,45.40999984741211,96.30000305175781,1.3660000562667847,13.199999809265137
2016-07-11,1355.0,44.7599983215332,96.56999969482422,1.434000015258789,13.539999961853027
2016-07-12,1334.0999755859375,46.79999923706055,96.44000244140625,1.5130000114440918,13.550000190734863
2016-07-13,1342.4000244140625,44.75,96.22000122070312,1.468000054359436,13.039999961853027
2016-07-14,1331.300048828125,45.68000030517578,96.08000183105469,1.531000018119812,12.819999694824219
2016-07-15,1326.5,45.95000076293945,96.58000183105469,1.593999981880188,12.670000076293945
2016-07-18,1328.4000244140625,45.2400016784668,96.55999755859375,1.5870000123977661,12.4399995803833
2016-07-19,1331.5,44.650001525878906,97.05000305175781,1.5579999685287476,11.970000267028809
2016-07-20,1318.800048828125,44.939998626708984,97.19999694824219,1.5800000429153442,11.770000457763672
2016-07-21,1330.5,44.75,97.0,1.565000057220459,12.739999771118164
2016-07-22,1323.0999755859375,44.189998626708984,97.47000122070312,1.5700000524520874,12.020000457763672
2016-07-25,1319.300048828125,43.130001068115234,97.29000091552734,1.5709999799728394,12.869999885559082
2016-07-26,1320.699951171875,42.91999816894531,97.16000366210938,1.562999963760376,13.050000190734863
2016-07-27,1326.5999755859375,41.91999816894531,97.05000305175781,1.5149999856948853,12.829999923706055
2016-07-28,1332.300048828125,41.13999938964844,96.73999786376953,1.5110000371932983,12.720000267028809
2016-07-29,1349.0,41.599998474121094,95.52999877929688,1.4579999446868896,11.869999885559082
2016-08-01,1351.4000244140625,40.060001373291016,95.70999908447266,1.496000051498413,12.4399995803833
2016-08-02,1364.4000244140625,39.5099983215332,95.05999755859375,1.5369999408721924,13.369999885559082
2016-08-03,1356.0999755859375,40.83000183105469,95.55999755859375,1.5420000553131104,12.859999656677246
2016-08-04,1358.800048828125,41.93000030517578,95.76000213623047,1.503000020980835,12.420000076293945
2016-08-05,1336.4000244140625,41.79999923706055,96.19000244140625,1.5820000171661377,11.390000343322754
2016-08-08,1333.4000244140625,43.02000045776367,96.4000015258789,1.5829999446868896,11.5
2016-08-09,1339.0,42.77000045776367,96.18000030517578,1.5449999570846558,11.65999984741211
2016-08-10,1344.300048828125,41.709999084472656,95.6500015258789,1.5089999437332153,12.050000190734863
2016-08-11,1342.5,43.4900016784668,95.86000061035156,1.5729999542236328,11.680000305175781
2016-08-12,1335.800048828125,44.4900016784668,95.72000122070312,1.5149999856948853,11.550000190734863
2016-08-15,1340.300048828125,45.7400016784668,95.62999725341797,1.5529999732971191,11.8100004196167
2016-08-16,1350.5,46.58000183105469,94.79000091552734,1.5759999752044678,12.640000343322754
2016-08-17,1342.699951171875,46.790000915527344,94.72000122070312,1.5609999895095825,12.1899995803833
2016-08-18,1351.199951171875,48.220001220703125,94.16000366210938,1.5360000133514404,11.430000305175781
2016-08-19,1340.4000244140625,48.52000045776367,94.51000213623047,1.5779999494552612,11.34000015258789
2016-08-22,1337.699951171875,47.04999923706055,94.5199966430664,1.5390000343322754,12.270000457763672
2016-08-23,1340.5999755859375,48.099998474121094,94.54000091552734,1.5529999732971191,12.380000114440918
2016-08-24,1324.4000244140625,46.77000045776367,94.79000091552734,1.559000015258789,13.449999809265137
2016-08-25,1320.0999755859375,47.33000183105469,94.7699966430664,1.5770000219345093,13.630000114440918
2016-08-26,1321.5,47.63999938964844,95.56999969482422,1.6349999904632568,13.649999618530273
2016-08-29,1322.9000244140625,46.97999954223633,95.58000183105469,1.565999984741211,12.9399995803833
2016-08-30,1311.699951171875,46.349998474121094,96.05000305175781,1.5700000524520874,13.119999885559082
2016-08-31,1306.9000244140625,44.70000076293945,96.0199966430664,1.5679999589920044,13.420000076293945
2016-09-01,1312.199951171875,43.15999984741211,95.6500015258789,1.5700000524520874,13.479999542236328
2016-09-02,1322.0999755859375,44.439998626708984,95.87999725341797,1.5959999561309814,11.979999542236328
2016-09-06,1349.4000244140625,44.83000183105469,94.81999969482422,1.5429999828338623,12.020000457763672
2016-09-07,1344.300048828125,45.5,94.95999908447266,1.5410000085830688,11.9399995803833
2016-09-08,1336.800048828125,47.619998931884766,95.02999877929688,1.6160000562667847,12.510000228881836
2016-09-09,1330.0999755859375,45.880001068115234,95.33999633789062,1.6720000505447388,17.5
2016-09-12,1321.0,46.290000915527344,95.0999984741211,1.6720000505447388,15.15999984741211
2016-09-13,1319.0,44.900001525878906,95.62999725341797,1.7339999675750732,17.850000381469727
2016-09-14,1321.5,43.58000183105469,95.33000183105469,1.6890000104904175,18.139999389648438
2016-09-15,1313.5,43.90999984741211,95.29000091552734,1.7029999494552612,16.299999237060547
2016-09-16,1305.800048828125,43.029998779296875,96.11000061035156,1.7009999752044678,15.369999885559082
2016-09-19,1313.5,43.29999923706055,95.83999633789062,1.6959999799728394,15.529999732971191
2016-09-20,1313.699951171875,43.439998626708984,96.0199966430664,1.687999963760376,15.920000076293945
2016-09-21,1326.9000244140625,45.34000015258789,95.66000366210938,1.6679999828338623,13.300000190734863
2016-09-22,1340.4000244140625,46.31999969482422,95.44999694824219,1.6319999694824219,12.020000457763672
2016-09-23,1337.199951171875,44.47999954223633,95.4800033569336,1.6150000095367432,12.289999961853027
2016-09-26,1339.699951171875,45.93000030517578,95.30999755859375,1.5889999866485596,14.5
2016-09-27,1325.9000244140625,44.66999816894531,95.44000244140625,1.555999994277954,13.100000381469727
2016-09-28,1319.4000244140625,47.04999923706055,95.43000030517578,1.5670000314712524,12.390000343322754
2016-09-29,1321.699951171875,47.83000183105469,95.54000091552734,1.5570000410079956,14.020000457763672
2016-09-30,1313.300048828125,48.2400016784668,95.45999908447266,1.6080000400543213,13.289999961853027
2016-10-03,1309.0,48.810001373291016,95.75,1.621999979019165,13.569999694824219
2016-10-04,1266.300048828125,48.689998626708984,96.12000274658203,1.6829999685287476,13.630000114440918
2016-10-05,1265.199951171875,49.83000183105469,96.12999725341797,1.715999960899353,12.989999771118164
2016-10-06,1249.800048828125,50.439998626708984,96.66000366210938,1.7419999837875366,12.84000015258789
2016-10-07,1248.9000244140625,49.810001373291016,96.5199966430664,1.7359999418258667,13.479999542236328
2016-10-10,,,,1.7230000495910645,13.380000114440918
2016-10-11,1253.0,50.790000915527344,97.69999694824219,1.7589999437332153,15.359999656677246
2016-10-12,1251.0999755859375,50.18000030517578,97.97000122070312,1.777999997138977,15.90999984741211
2016-10-13,1255.0,50.439998626708984,97.5199966430664,1.7380000352859497,16.690000534057617
2016-10-14,1253.0999755859375,50.349998474121094,98.0199966430664,1.7940000295639038,16.1200008392334
2016-10-17,1254.4000244140625,49.939998626708984,97.88999938964844,1.7660000324249268,16.209999084472656
2016-10-18,1260.800048828125,50.290000915527344,97.9000015258789,1.7489999532699585,15.279999732971191
2016-10-19,1267.9000244140625,51.599998474121094,97.87000274658203,1.7519999742507935,14.40999984741211
2016-10-20,1265.5999755859375,50.43000030517578,98.31999969482422,1.746999979019165,13.75
2016-10-21,1265.9000244140625,50.849998474121094,98.69999694824219,1.7400000095367432,13.34000015258789
2016-10-24,1262.0,50.52000045776367,98.66999816894531,1.7630000114440918,13.020000457763672
2016-10-25,1271.9000244140625,49.959999084472656,98.72000122070312,1.7580000162124634,13.460000038146973
2016-10-26,1264.800048828125,49.18000030517578,98.62999725341797,1.7899999618530273,14.239999771118164
2016-10-27,1267.9000244140625,49.720001220703125,98.88999938964844,1.843000054359436,15.359999656677246
2016-10-28,1275.5,48.70000076293945,98.3499984741211,1.8450000286102295,16.190000534057617
2016-10-31,1271.5,46.86000061035156,98.44999694824219,1.8339999914169312,17.059999465942383
2016-11-01,1286.4000244140625,46.66999816894531,97.69999694824219,1.8200000524520874,18.559999465942383
2016-11-02,1306.800048828125,45.34000015258789,97.4000015258789,1.7990000247955322,19.31999969482422
2016-11-03,1302.0999755859375,44.65999984741211,97.16000366210938,1.812000036239624,22.079999923706055
2016-11-04,1303.300048828125,44.06999969482422,97.06999969482422,1.7829999923706055,22.510000228881836
2016-11-07,1278.300048828125,44.88999938964844,97.77999877929688,1.8279999494552612,18.709999084472656
2016-11-08,1273.4000244140625,44.97999954223633,97.86000061035156,1.8619999885559082,18.739999771118164
2016-11-09,1272.5999755859375,45.27000045776367,98.5,2.072000026702881,14.380000114440918
2016-11-10,1265.5,44.65999984741211,98.79000091552734,2.117000102996826,14.739999771118164
2016-11-11,,,,,14.170000076293945
2016-11-14,1221.199951171875,43.31999969482422,100.11000061035156,2.2219998836517334,14.479999542236328
2016-11-15,1224.0,45.810001373291016,100.19000244140625,2.23799991607666,13.369999885559082
2016-11-16,1223.4000244140625,45.56999969482422,100.41000366210938,2.2230000495910645,13.720000267028809
2016-11-17,1216.5,45.41999816894531,100.88999938964844,2.2760000228881836,13.350000381469727
2016-11-18,1208.5,45.689998626708984,101.20999908447266,2.3350000381469727,12.850000381469727
2016-11-21,1209.5999755859375,47.4900016784668,101.05000305175781,2.3389999866485596,12.420000076293945
2016-11-22,1211.0,48.029998779296875,101.04000091552734,2.321000099182129,12.40999984741211
2016-11-23,1189.0999755859375,47.959999084472656,101.69999694824219,2.3570001125335693,12.430000305175781
2016-11-25,1178.199951171875,46.060001373291016,101.48999786376953,2.371999979019165,12.34000015258789
2016-11-28,1190.5999755859375,47.08000183105469,101.33000183105469,2.319999933242798,13.149999618530273
2016-11-29,1187.9000244140625,45.22999954223633,100.93000030517578,2.302000045776367,12.899999618530273
2016-11-30,1170.800048828125,49.439998626708984,101.5,2.368000030517578,13.329999923706055
2016-12-01,1166.9000244140625,51.060001373291016,101.04000091552734,2.440999984741211,14.069999694824219
2016-12-02,1175.0999755859375,51.68000030517578,100.7699966430664,2.390000104904175,14.119999885559082
2016-12-05,1174.0,51.790000915527344,100.13999938964844,2.38700008392334,12.140000343322754
2016-12-06,1167.5999755859375,50.93000030517578,100.48999786376953,2.3959999084472656,11.789999961853027
2016-12-07,1175.0,49.77000045776367,100.2300033569336,2.3469998836517334,12.220000267028809
2016-12-08,1169.800048828125,50.84000015258789,101.06999969482422,2.38700008392334,12.640000343322754
2016-12-09,1159.4000244140625,51.5,101.56999969482422,2.4639999866485596,11.75
2016-12-12,1163.5,52.83000183105469,100.95999908447266,2.4790000915527344,12.640000343322754
2016-12-13,1156.699951171875,52.97999954223633,101.02999877929688,2.4809999465942383,12.720000267028809
2016-12-14,1161.300048828125,51.040000915527344,102.0,2.5250000953674316,13.1899995803833
2016-12-15,1127.800048828125,50.900001525878906,103.12999725341797,2.5799999237060547,12.789999961853027
2016-12-16,1135.300048828125,51.900001525878906,102.94999694824219,2.5969998836517334,12.199999809265137
2016-12-19,1140.5,52.119998931884766,103.13999938964844,2.5420000553131104,11.710000038146973
2016-12-20,1131.5,52.22999954223633,103.29000091552734,2.568000078201294,11.449999809265137
2016-12-21,1131.0999755859375,52.4900016784668,103.0199966430664,2.5460000038146973,11.270000457763672
2016-12-22,1128.800048828125,52.95000076293945,103.08999633789062,2.552999973297119,11.430000305175781
2016-12-23,1131.9000244140625,53.02000045776367,103.01000213623047,2.5429999828338623,11.4399995803833
2016-12-27,1137.300048828125,53.900001525878906,103.0199966430664,2.562999963760376,11.989999771118164
2016-12-28,1139.4000244140625,54.060001373291016,103.26000213623047,2.50600004196167,12.949999809265137
2016-12-29,1156.4000244140625,53.77000045776367,102.68000030517578,2.4769999980926514,13.369999885559082
2016-12-30,1150.0,53.720001220703125,102.38999938964844,2.446000099182129,14.039999961853027
2017-01-03,1160.4000244140625,52.33000183105469,103.20999908447266,2.450000047683716,12.850000381469727
2017-01-04,1163.800048828125,53.2599983215332,102.69999694824219,2.4519999027252197,11.850000381469727
2017-01-05,1179.699951171875,53.7599983215332,101.5199966430664,2.368000030517578,11.670000076293945
2017-01-06,1171.9000244140625,53.9900016784668,102.22000122070312,2.4179999828338623,11.319999694824219
2017-01-09,1183.5,51.959999084472656,101.93000030517578,2.375999927520752,11.5600004196167
2017-01-10,1184.199951171875,50.81999969482422,102.01000213623047,2.378999948501587,11.489999771118164
2017-01-11,1195.5999755859375,52.25,101.77999877929688,2.369999885559082,11.260000228881836
2017-01-12,1198.9000244140625,53.0099983215332,101.3499984741211,2.3610000610351562,11.539999961853027
2017-01-13,1195.300048828125,52.369998931884766,101.18000030517578,2.380000114440918,11.229999542236328
2017-01-17,1212.0,52.47999954223633,100.33000183105469,2.3269999027252197,11.869999885559082
2017-01-18,1211.300048828125,51.08000183105469,100.93000030517578,2.3889999389648438,12.479999542236328
2017-01-19,1200.9000244140625,51.369998931884766,101.1500015258789,2.4590001106262207,12.779999732971191
2017-01-20,1204.300048828125,52.41999816894531,100.73999786376953,2.4670000076293945,11.539999961853027
2017-01-23,1215.0,52.75,100.16000366210938,2.4030001163482666,11.770000457763672
2017-01-24,1210.300048828125,53.18000030517578,100.3499984741211,2.4709999561309814,11.069999694824219
2017-01-25,1197.300048828125,52.75,100.02999877929688,2.5230000019073486,10.8100004196167
2017-01-26,1189.5,53.779998779296875,100.37999725341797,2.507999897003174,10.630000114440918
2017-01-27,1188.0999755859375,53.16999816894531,100.52999877929688,2.4809999465942383,10.579999923706055
2017-01-30,1193.199951171875,52.630001068115234,100.43000030517578,2.4830000400543213,11.880000114440918
2017-01-31,1208.5999755859375,52.810001373291016,99.51000213623047,2.4509999752044678,11.989999771118164
2017-02-01,1205.5999755859375,53.880001068115234,99.63999938964844,2.4739999771118164,11.8100004196167
2017-02-02,1216.699951171875,53.540000915527344,99.8499984741211,2.4700000286102295,11.930000305175781
2017-02-03,1218.5,53.83000183105469,99.87000274658203,2.490999937057495,10.970000267028809
2017-02-06,1230.0,53.0099983215332,99.91000366210938,2.4130001068115234,11.369999885559082
2017-02-07,1234.199951171875,52.16999816894531,100.26000213623047,2.3889999389648438,11.289999961853027
2017-02-08,1237.5999755859375,52.34000015258789,100.27999877929688,2.3510000705718994,11.449999809265137
2017-02-09,1235.0999755859375,53.0,100.6500015258789,2.3949999809265137,10.880000114440918
2017-02-10,1234.4000244140625,53.86000061035156,100.80000305175781,2.4089999198913574,10.850000381469727
2017-02-13,1224.4000244140625,52.93000030517578,100.95999908447266,2.434000015258789,11.069999694824219
2017-02-14,1223.9000244140625,53.20000076293945,101.25,2.4700000286102295,10.739999771118164
2017-02-15,1231.699951171875,53.11000061035156,101.18000030517578,2.502000093460083,11.970000267028809
2017-02-16,1240.0,53.36000061035156,100.44000244140625,2.450000047683716,11.760000228881836
2017-02-17,1237.5999755859375,53.400001525878906,100.94999694824219,2.424999952316284,11.489999771118164
2017-02-21,1237.5,54.060001373291016,101.37000274658203,2.427000045776367,11.569999694824219
2017-02-22,1232.0,53.59000015258789,101.33000183105469,2.4179999828338623,11.739999771118164
2017-02-23,1250.199951171875,54.45000076293945,101.05000305175781,2.388000011444092,11.710000038146973
2017-02-24,1256.9000244140625,53.9900016784668,101.08999633789062,2.316999912261963,11.470000267028809
2017-02-27,1257.4000244140625,54.04999923706055,101.12999725341797,2.36899995803833,12.09000015258789
2017-02-28,1252.5999755859375,54.0099983215332,101.12000274658203,2.3580000400543213,12.920000076293945
2017-03-01,1248.9000244140625,53.83000183105469,101.77999877929688,2.4630000591278076,12.539999961853027
2017-03-02,1231.9000244140625,52.61000061035156,102.19999694824219,2.489000082015991,11.8100004196167
2017-03-03,1225.5,53.33000183105469,101.54000091552734,2.492000102996826,10.960000038146973
2017-03-06,1224.5,53.20000076293945,101.63999938964844,2.49399995803833,11.239999771118164
2017-03-07,1215.0999755859375,53.13999938964844,101.80999755859375,2.510999917984009,11.449999809265137
2017-03-08,1208.5,50.279998779296875,102.06999969482422,2.552000045776367,11.859999656677246
2017-03-09,1202.4000244140625,49.279998779296875,101.8499984741211,2.5980000495910645,12.300000190734863
2017-03-10,1200.699951171875,48.4900016784668,101.25,2.5820000171661377,11.65999984741211
2017-03-13,1202.4000244140625,48.400001525878906,101.37999725341797,2.6080000400543213,11.350000381469727
2017-03-14,1201.9000244140625,47.720001220703125,101.69999694824219,2.5950000286102295,12.300000190734863
2017-03-15,1200.0999755859375,48.86000061035156,100.73999786376953,2.507999897003174,11.630000114440918
2017-03-16,1226.5,48.75,100.2699966430664,2.5220000743865967,11.210000038146973
2017-03-17,1229.800048828125,48.779998779296875,100.30000305175781,2.500999927520752,11.279999732971191
2017-03-20,1233.5999755859375,48.220001220703125,100.41000366210938,2.4730000495910645,11.34000015258789
2017-03-21,1246.0999755859375,47.34000015258789,99.80999755859375,2.436000108718872,12.470000267028809
2017-03-22,1249.300048828125,48.040000915527344,99.68000030517578,2.3959999084472656,12.8100004196167
2017-03-23,1246.9000244140625,47.70000076293945,99.76000213623047,2.4179999828338623,13.119999885559082
2017-03-24,1248.199951171875,47.970001220703125,99.62999725341797,2.4000000953674316,12.960000038146973
2017-03-27,1255.4000244140625,47.72999954223633,99.16999816894531,2.372999906539917,12.5
2017-03-28,1255.300048828125,48.369998931884766,99.70999908447266,2.4089999198913574,11.529999732971191
2017-03-29,1253.4000244140625,49.5099983215332,100.0,2.385999917984009,11.420000076293945
2017-03-30,1245.0,50.349998474121094,100.41000366210938,2.4159998893737793,11.539999961853027
2017-03-31,1247.300048828125,50.599998474121094,100.3499984741211,2.3959999084472656,12.369999885559082
2017-04-03,1250.800048828125,50.2400016784668,100.54000091552734,2.3499999046325684,12.380000114440918
2017-04-04,1255.0,51.029998779296875,100.54000091552734,2.3499999046325684,11.789999961853027
2017-04-05,1245.4000244140625,51.150001525878906,100.55999755859375,2.3570001125335693,12.890000343322754
2017-04-06,1250.300048828125,51.70000076293945,100.66999816894531,2.3429999351501465,12.390000343322754
2017-04-07,1254.300048828125,52.2400016784668,101.18000030517578,2.372999906539917,12.869999885559082
2017-04-10,1251.0999755859375,53.08000183105469,101.0199966430664,2.3610000610351562,14.050000190734863
2017-04-11,1271.199951171875,53.400001525878906,100.70999908447266,2.2980000972747803,15.069999694824219
2017-04-12,1275.300048828125,53.11000061035156,100.77999877929688,2.2960000038146973,15.770000457763672
2017-04-13,1285.9000244140625,53.18000030517578,100.55999755859375,2.2320001125335693,15.960000038146973
2017-04-17,1289.4000244140625,52.650001525878906,100.30000305175781,2.252000093460083,14.65999984741211
2017-04-18,1291.699951171875,52.40999984741211,99.5,2.178999900817871,14.420000076293945
2017-04-19,1281.4000244140625,50.439998626708984,99.73999786376953,2.2019999027252197,14.930000305175781
2017-04-20,1281.9000244140625,50.27000045776367,99.77999877929688,2.240999937057495,14.149999618530273
2017-04-21,1287.4000244140625,49.619998931884766,99.9800033569336,2.236999988555908,14.630000114440918
2017-04-24,1275.800048828125,49.22999954223633,99.08999633789062,2.2730000019073486,10.84000015258789
2017-04-25,1265.5999755859375,49.560001373291016,98.81999969482422,2.3269999027252197,10.760000228881836
2017-04-26,1262.0999755859375,49.619998931884766,98.95999908447266,2.311000108718872,10.850000381469727
2017-04-27,1263.699951171875,48.970001220703125,99.08000183105469,2.2960000038146973,10.359999656677246
2017-04-28,1266.0999755859375,49.33000183105469,99.05000305175781,2.2820000648498535,10.819999694824219
2017-05-01,1253.300048828125,48.84000015258789,99.13999938964844,2.325000047683716,10.109999656677246
2017-05-02,1255.0999755859375,47.65999984741211,98.9800033569336,2.2960000038146973,10.59000015258789
2017-05-03,1246.4000244140625,47.81999969482422,99.20999908447266,2.309000015258789,10.680000305175781
2017-05-04,1226.5,45.52000045776367,98.76000213623047,2.3559999465942383,10.460000038146973
2017-05-05,1224.800048828125,46.220001220703125,98.6500015258789,2.3519999980926514,10.569999694824219
2017-05-08,1225.300048828125,46.43000030517578,99.1500015258789,2.375999927520752,9.770000457763672
2017-05-09,1214.300048828125,45.880001068115234,99.58999633789062,2.4070000648498535,9.960000038146973
2017-05-10,1217.300048828125,47.33000183105469,99.66999816894531,2.4140000343322754,10.210000038146973
2017-05-11,1222.699951171875,47.83000183105469,99.62000274658203,2.4000000953674316,10.600000381469727
2017-05-12,1226.199951171875,47.84000015258789,99.25,2.3350000381469727,10.399999618530273
2017-05-15,1228.5999755859375,48.849998474121094,98.91000366210938,2.3380000591278076,10.420000076293945
2017-05-16,1235.0,48.65999984741211,98.11000061035156,2.3289999961853027,10.649999618530273
2017-05-17,1257.5,49.06999969482422,97.41999816894531,2.2160000801086426,15.59000015258789
2017-05-18,1251.699951171875,49.349998474121094,97.87999725341797,2.2330000400543213,14.65999984741211
2017-05-19,1252.699951171875,50.33000183105469,97.1500015258789,2.244999885559082,12.039999961853027
2017-05-22,1260.699951171875,50.72999954223633,96.9800033569336,2.253999948501587,10.930000305175781
2017-05-23,1254.800048828125,51.470001220703125,97.3499984741211,2.2850000858306885,10.720000267028809
2017-05-24,1252.4000244140625,51.36000061035156,97.23999786376953,2.2660000324249268,10.020000457763672
2017-05-25,1255.800048828125,48.900001525878906,97.25,2.255000114440918,9.989999771118164
2017-05-26,1267.5999755859375,49.79999923706055,97.4000015258789,2.25,9.8100004196167
2017-05-30,1262.0999755859375,49.65999984741211,97.27999877929688,2.2170000076293945,10.380000114440918
2017-05-31,1272.0,48.31999969482422,96.91999816894531,2.196000099182129,10.40999984741211
2017-06-01,1267.0,48.36000061035156,97.19999694824219,2.2170000076293945,9.890000343322754
2017-06-02,1276.800048828125,47.65999984741211,96.72000122070312,2.1589999198913574,9.75
2017-06-05,1279.300048828125,47.400001525878906,96.80000305175781,2.181999921798706,10.069999694824219
2017-06-06,1294.4000244140625,48.189998626708984,96.63999938964844,2.1470000743865967,10.449999809265137
2017-06-07,1290.0999755859375,45.720001220703125,96.75,2.177999973297119,10.390000343322754
2017-06-08,1276.300048828125,45.63999938964844,96.91999816894531,2.194000005722046,10.15999984741211
2017-06-09,1268.5,45.83000183105469,97.2699966430664,2.1989998817443848,10.699999809265137
2017-06-12,1266.0999755859375,46.08000183105469,97.13999938964844,2.2130000591278076,11.460000038146973
2017-06-13,1265.800048828125,46.459999084472656,96.9800033569336,2.2070000171661377,10.420000076293945
2017-06-14,1272.800048828125,44.72999954223633,96.94000244140625,2.138000011444092,10.640000343322754
2017-06-15,1252.199951171875,44.459999084472656,97.43000030517578,2.1619999408721924,10.899999618530273
2017-06-16,1254.0,44.7400016784668,97.16000366210938,2.1570000648498535,10.380000114440918
2017-06-19,1244.199951171875,44.20000076293945,97.52999877929688,2.190000057220459,10.369999885559082
2017-06-20,1241.0,43.22999954223633,97.75,2.1530001163482666,10.859999656677246
2017-06-21,1243.4000244140625,42.529998779296875,97.55999755859375,2.1549999713897705,10.75
2017-06-22,1247.5999755859375,42.7400016784668,97.54000091552734,2.1530001163482666,10.479999542236328
2017-06-23,1256.199951171875,43.0099983215332,97.30000305175781,2.1440000534057617,10.020000457763672
2017-06-26,1246.300048828125,43.380001068115234,97.43000030517578,2.13700008392334,9.899999618530273
2017-06-27,1246.4000244140625,44.2400016784668,96.47000122070312,2.197999954223633,11.0600004196167
2017-06-28,1248.0,44.7400016784668,96.05000305175781,2.2209999561309814,10.029999732971191
2017-06-29,1244.199951171875,44.93000030517578,95.62999725341797,2.2669999599456787,11.4399995803833
2017-06-30,1240.699951171875,46.040000915527344,95.66000366210938,2.302000045776367,11.180000305175781
2017-07-03,1217.9000244140625,47.06999969482422,96.19999694824219,2.3459999561309814,11.220000267028809
2017-07-05,1220.4000244140625,45.130001068115234,96.29000091552734,2.3340001106262207,11.069999694824219
2017-07-06,1222.199951171875,45.52000045776367,95.81999969482422,2.369999885559082,12.539999961853027
2017-07-07,1208.5999755859375,44.22999954223633,96.01000213623047,2.3929998874664307,11.1899995803833
2017-07-10,1212.0999755859375,44.400001525878906,96.05000305175781,2.371000051498413,11.109999656677246
2017-07-11,1213.5999755859375,45.040000915527344,95.73999786376953,2.361999988555908,10.890000343322754
2017-07-12,1218.0999755859375,45.4900016784668,95.79000091552734,2.3269999027252197,10.300000190734863
2017-07-13,1216.300048828125,46.08000183105469,95.7300033569336,2.3480000495910645,9.899999618530273
2017-07-14,1226.5999755859375,46.540000915527344,95.11000061035156,2.319000005722046,9.510000228881836
2017-07-17,1232.800048828125,46.02000045776367,95.12999725341797,2.309000015258789,9.819999694824219
2017-07-18,1241.0999755859375,46.400001525878906,94.66000366210938,2.263000011444092,9.890000343322754
2017-07-19,1241.199951171875,47.119998931884766,94.80000305175781,2.2679998874664307,9.789999961853027
2017-07-20,1244.800048828125,46.790000915527344,94.2699966430664,2.2660000324249268,9.579999923706055
2017-07-21,1254.300048828125,45.77000045776367,93.94000244140625,2.2320001125335693,9.359999656677246
2017-07-24,1253.9000244140625,46.34000015258789,93.9800033569336,2.253999948501587,9.430000305175781
2017-07-25,1251.699951171875,47.88999938964844,94.05000305175781,2.3259999752044678,9.430000305175781
2017-07-26,1249.0,48.75,93.66999816894531,2.2820000648498535,9.600000381469727
2017-07-27,1259.5999755859375,49.040000915527344,93.86000061035156,2.309999942779541,10.109999656677246
2017-07-28,1268.4000244140625,49.709999084472656,93.26000213623047,2.2890000343322754,10.289999961853027
2017-07-31,1266.5999755859375,50.16999816894531,92.86000061035156,2.2920000553131104,10.260000228881836
2017-08-01,1272.5999755859375,49.15999984741211,93.02999877929688,2.250999927520752,10.09000015258789
2017-08-02,1271.800048828125,49.59000015258789,92.83000183105469,2.26200008392334,10.279999732971191
2017-08-03,1267.800048828125,49.029998779296875,92.80999755859375,2.2279999256134033,10.4399995803833
2017-08-04,1258.300048828125,49.58000183105469,93.54000091552734,2.2669999599456787,10.029999732971191
2017-08-07,1258.199951171875,49.38999938964844,93.43000030517578,2.256999969482422,9.930000305175781
2017-08-08,1256.4000244140625,49.16999816894531,93.63999938964844,2.2829999923706055,10.960000038146973
2017-08-09,1273.0,49.560001373291016,93.5199966430664,2.240999937057495,11.109999656677246
2017-08-10,1283.699951171875,48.59000015258789,93.4000015258789,2.2119998931884766,16.040000915527344
2017-08-11,1287.699951171875,48.81999969482422,93.06999969482422,2.188999891281128,15.510000228881836
2017-08-14,1284.199951171875,47.59000015258789,93.45999908447266,2.2190001010894775,12.329999923706055
2017-08-15,1273.699951171875,47.54999923706055,93.8499984741211,2.2660000324249268,12.039999961853027
2017-08-16,1276.9000244140625,46.779998779296875,93.48999786376953,2.2260000705718994,11.739999771118164
2017-08-17,1286.4000244140625,47.09000015258789,93.62000274658203,2.1989998817443848,15.550000190734863
2017-08-18,1285.699951171875,48.5099983215332,93.43000030517578,2.194000005722046,14.260000228881836
2017-08-21,1290.800048828125,47.369998931884766,93.0999984741211,2.180000066757202,13.1899995803833
2017-08-22,1285.0999755859375,47.63999938964844,93.55000305175781,2.2149999141693115,11.350000381469727
2017-08-23,1288.9000244140625,48.40999984741211,93.1500015258789,2.1710000038146973,12.25
2017-08-24,1286.5,47.43000030517578,93.27999877929688,2.194000005722046,12.229999542236328
2017-08-25,1292.5,47.869998931884766,92.73999786376953,2.1689999103546143,11.279999732971191
2017-08-28,1309.699951171875,46.56999969482422,92.20999908447266,2.1589999198913574,11.319999694824219
2017-08-29,1313.0999755859375,46.439998626708984,92.3499984741211,2.135999917984009,11.699999809265137
2017-08-30,1308.0999755859375,45.959999084472656,92.87999725341797,2.1429998874664307,11.220000267028809
2017-08-31,1316.199951171875,47.22999954223633,92.66999816894531,2.121000051498413,10.59000015258789
2017-09-01,1324.5,47.290000915527344,92.80999755859375,2.1570000648498535,10.130000114440918
2017-09-05,1339.199951171875,48.65999984741211,92.30999755859375,2.069999933242798,12.229999542236328
2017-09-06,1333.9000244140625,49.15999984741211,92.29000091552734,2.1080000400543213,11.630000114440918
2017-09-07,1345.0999755859375,49.09000015258789,91.52999877929688,2.061000108718872,11.550000190734863
2017-09-08,1346.0,47.47999954223633,91.33000183105469,2.061000108718872,12.119999885559082
2017-09-11,1331.0,48.06999969482422,91.86000061035156,2.125,10.729999542236328
2017-09-12,1328.0,48.22999954223633,91.91000366210938,2.1710000038146973,10.579999923706055
2017-09-13,1323.4000244140625,49.29999923706055,92.5199966430664,2.194999933242798,10.5
2017-09-14,1324.699951171875,49.88999938964844,92.12000274658203,2.197000026702881,10.4399995803833
2017-09-15,1320.4000244140625,49.88999938964844,91.87000274658203,2.2019999027252197,10.170000076293945
2017-09-18,1306.300048828125,49.90999984741211,92.05000305175781,2.2290000915527344,10.149999618530273
2017-09-19,1306.199951171875,49.47999954223633,91.79000091552734,2.243000030517578,10.180000305175781
2017-09-20,1312.0,50.40999984741211,92.51000213623047,2.2769999504089355,9.779999732971191
2017-09-21,1290.5999755859375,50.54999923706055,92.26000213623047,2.2780001163482666,9.670000076293945
2017-09-22,1293.300048828125,50.65999984741211,92.16999816894531,2.26200008392334,9.59000015258789
2017-09-25,1306.800048828125,52.220001220703125,92.6500015258789,2.2200000286102295,10.210000038146973
2017-09-26,1297.0,51.880001068115234,92.97000122070312,2.2290000915527344,10.170000076293945
2017-09-27,1283.4000244140625,52.13999938964844,93.36000061035156,2.309000015258789,9.869999885559082
2017-09-28,1285.5,51.560001373291016,93.08999633789062,2.309000015258789,9.550000190734863
2017-09-29,1281.5,51.66999816894531,93.08000183105469,2.3259999752044678,9.510000228881836
2017-10-02,1272.699951171875,50.58000183105469,93.55999755859375,2.3369998931884766,9.449999809265137
2017-10-03,1271.5,50.41999816894531,93.56999969482422,2.3340001106262207,9.510000228881836
2017-10-04,1273.699951171875,49.97999954223633,93.45999908447266,2.3299999237060547,9.630000114440918
2017-10-05,1269.9000244140625,50.790000915527344,93.95999908447266,2.3499999046325684,9.1899995803833
2017-10-06,1271.5999755859375,49.290000915527344,93.80000305175781,2.369999885559082,9.649999618530273
2017-10-09,1281.800048828125,49.58000183105469,93.73999786376953,2.3610000610351562,10.329999923706055
2017-10-10,1290.5999755859375,50.91999816894531,93.29000091552734,2.3450000286102295,10.079999923706055
2017-10-11,1285.800048828125,51.29999923706055,92.95999908447266,2.3450000286102295,9.850000381469727
2017-10-12,1293.300048828125,50.599998474121094,93.12000274658203,2.322999954223633,9.90999984741211
2017-10-13,1301.5,51.45000076293945,93.08999633789062,2.2799999713897705,9.609999656677246
2017-10-16,1299.9000244140625,51.869998931884766,93.27999877929688,2.306999921798706,9.90999984741211
2017-10-17,1283.0,51.880001068115234,93.48999786376953,2.2980000972747803,10.3100004196167
2017-10-18,1279.9000244140625,52.040000915527344,93.36000061035156,2.3389999866485596,10.069999694824219
2017-10-19,1286.9000244140625,51.290000915527344,93.2699966430664,2.321000099182129,10.050000190734863
2017-10-20,1277.4000244140625,51.470001220703125,93.69999694824219,2.38100004196167,9.970000267028809
2017-10-23,1277.699951171875,51.900001525878906,93.94000244140625,2.375999927520752,11.069999694824219
2017-10-24,1275.0,52.470001220703125,93.95999908447266,2.4059998989105225,11.15999984741211
2017-10-25,1275.4000244140625,52.18000030517578,93.70999908447266,2.444000005722046,11.229999542236328
2017-10-26,1266.300048828125,52.63999938964844,94.61000061035156,2.4519999027252197,11.300000190734863
2017-10-27,1268.5,53.900001525878906,94.91999816894531,2.427999973297119,9.800000190734863
2017-10-30,1274.0999755859375,54.150001525878906,94.48999786376953,2.369999885559082,10.5
2017-10-31,1267.0,54.380001068115234,94.55000305175781,2.375999927520752,10.180000305175781
2017-11-01,1274.0999755859375,54.29999923706055,94.81999969482422,2.375999927520752,10.199999809265137
2017-11-02,1274.9000244140625,54.540000915527344,94.69000244140625,2.3469998836517334,9.930000305175781
2017-11-03,1266.5,55.63999938964844,94.94000244140625,2.3429999351501465,9.140000343322754
2017-11-06,1279.4000244140625,57.349998474121094,94.72000122070312,2.319999933242798,9.399999618530273
2017-11-07,1273.699951171875,57.20000076293945,94.91000366210938,2.306999921798706,9.890000343322754
2017-11-08,1281.5999755859375,56.810001373291016,94.87000274658203,2.325000047683716,9.779999732971191
2017-11-09,1285.5999755859375,57.16999816894531,94.44000244140625,2.3310000896453857,10.5
2017-11-10,1272.4000244140625,56.7400016784668,94.38999938964844,2.4000000953674316,11.289999961853027
2017-11-13,1277.300048828125,56.7599983215332,94.48999786376953,2.4000000953674316,11.5
2017-11-14,1281.5,55.70000076293945,93.83000183105469,2.38100004196167,11.59000015258789
2017-11-15,1276.5,55.33000183105469,93.80999755859375,2.3350000381469727,13.130000114440918
2017-11-16,1277.4000244140625,55.13999938964844,93.93000030517578,2.3610000610351562,11.760000228881836
2017-11-17,1295.800048828125,56.54999923706055,93.66000366210938,2.3540000915527344,11.430000305175781
2017-11-20,1274.5999755859375,56.09000015258789,94.08000183105469,2.371999979019165,10.649999618530273
2017-11-21,1281.0999755859375,56.83000183105469,93.94999694824219,2.36299991607666,9.729999542236328
2017-11-22,1291.5999755859375,58.02000045776367,93.22000122070312,2.322000026702881,9.880000114440918
2017-11-24,1286.699951171875,58.95000076293945,92.76000213623047,2.3399999141693115,9.670000076293945
2017-11-27,1293.800048828125,58.11000061035156,92.9000015258789,2.328000068664551,9.869999885559082
2017-11-28,1294.699951171875,57.9900016784668,93.26000213623047,2.3380000591278076,10.029999732971191
2017-11-29,1282.0999755859375,57.29999923706055,93.26000213623047,2.375999927520752,10.699999809265137
2017-11-30,1273.199951171875,57.400001525878906,93.01000213623047,2.4170000553131104,11.279999732971191
2017-12-01,1278.800048828125,58.36000061035156,92.9000015258789,2.361999988555908,11.430000305175781
2017-12-04,1274.300048828125,57.470001220703125,93.19000244140625,2.378999948501587,11.680000305175781
2017-12-05,1261.5999755859375,57.619998931884766,93.37999725341797,2.3559999465942383,11.329999923706055
2017-12-06,1262.800048828125,55.959999084472656,93.61000061035156,2.3299999237060547,11.020000457763672
2017-12-07,1249.800048828125,56.689998626708984,93.80000305175781,2.375999927520752,10.15999984741211
2017-12-08,1245.199951171875,57.36000061035156,93.9000015258789,2.382999897003174,9.579999923706055
2017-12-11,1243.699951171875,57.9900016784668,93.87000274658203,2.384999990463257,9.34000015258789
2017-12-12,1238.5,57.13999938964844,94.0999984741211,2.4030001163482666,9.920000076293945
2017-12-13,1245.4000244140625,56.599998474121094,93.43000030517578,2.3489999771118164,10.180000305175781
2017-12-14,1253.800048828125,57.040000915527344,93.48999786376953,2.3459999561309814,10.489999771118164
2017-12-15,1254.300048828125,57.29999923706055,93.93000030517578,2.3550000190734863,9.420000076293945
2017-12-18,1262.199951171875,57.15999984741211,93.69999694824219,2.3919999599456787,9.529999732971191
2017-12-19,1260.699951171875,57.459999084472656,93.47000122070312,2.4630000591278076,10.029999732971191
2017-12-20,1266.0999755859375,58.09000015258789,93.3499984741211,2.496999979019165,9.720000267028809
2017-12-21,1267.300048828125,58.36000061035156,93.27999877929688,2.4809999465942383,9.619999885559082
2017-12-22,1275.4000244140625,58.470001220703125,93.3499984741211,2.484999895095825,9.899999618530273
2017-12-26,1284.0999755859375,59.970001220703125,93.26000213623047,2.4670000076293945,10.25
2017-12-27,1287.0,59.63999938964844,93.02999877929688,2.4140000343322754,10.470000267028809
2017-12-28,1294.0999755859375,59.84000015258789,92.5999984741211,2.431999921798706,10.180000305175781
2017-12-29,1306.300048828125,60.41999816894531,92.12000274658203,2.4049999713897705,11.039999961853027
2018-01-02,1313.699951171875,60.369998931884766,91.8499984741211,2.4649999141693115,9.770000457763672
2018-01-03,1316.199951171875,61.630001068115234,92.16000366210938,2.447000026702881,9.149999618530273
2018-01-04,1319.4000244140625,62.0099983215332,91.8499984741211,2.453000068664551,9.220000267028809
2018-01-05,1320.300048828125,61.439998626708984,91.94999694824219,2.4760000705718994,9.220000267028809
2018-01-08,1318.5999755859375,61.72999954223633,92.33000183105469,2.4800000190734863,9.520000457763672
2018-01-09,1311.699951171875,62.959999084472656,92.52999877929688,2.5460000038146973,10.079999923706055
2018-01-10,1317.4000244140625,63.56999969482422,92.33000183105469,2.549999952316284,9.819999694824219
2018-01-11,1320.5999755859375,63.79999923706055,91.8499984741211,2.5309998989105225,9.880000114440918
2018-01-12,1333.4000244140625,64.30000305175781,90.97000122070312,2.552000045776367,10.15999984741211
2018-01-16,1335.4000244140625,63.72999954223633,90.38999938964844,2.5439999103546143,11.65999984741211
2018-01-17,1338.0,63.970001220703125,90.54000091552734,2.578000068664551,11.90999984741211
2018-01-18,1326.0,63.95000076293945,90.5,2.6110000610351562,12.220000267028809
2018-01-19,1331.9000244140625,63.369998931884766,90.56999969482422,2.63700008392334,11.270000457763672
2018-01-22,1330.9000244140625,63.4900016784668,90.4000015258789,2.6649999618530273,11.029999732971191
2018-01-23,1335.699951171875,64.47000122070312,90.12000274658203,2.624000072479248,11.100000381469727
2018-01-24,1355.9000244140625,65.61000061035156,89.20999908447266,2.6540000438690186,11.470000267028809
2018-01-25,1362.4000244140625,65.51000213623047,89.38999938964844,2.621000051498413,11.579999923706055
2018-01-26,1351.5999755859375,66.13999938964844,89.06999969482422,2.6619999408721924,11.079999923706055
2018-01-29,,65.55999755859375,89.30999755859375,2.6989998817443848,13.84000015258789
2018-01-30,1335.4000244140625,64.5,89.19000244140625,2.7260000705718994,14.789999961853027
2018-01-31,1339.0,64.7300033569336,89.12999725341797,2.7200000286102295,13.539999961853027
2018-02-01,1344.300048828125,65.80000305175781,88.66999816894531,2.7730000019073486,13.470000267028809
2018-02-02,1333.699951171875,65.44999694824219,89.19999694824219,2.8540000915527344,17.309999465942383
2018-02-05,1333.0,64.1500015258789,89.55000305175781,2.7939999103546143,37.31999969482422
2018-02-06,1326.0999755859375,63.38999938964844,89.58999633789062,2.7679998874664307,29.979999542236328
2018-02-07,1311.5999755859375,61.790000915527344,90.26000213623047,2.8440001010894775,27.729999542236328
2018-02-08,1316.9000244140625,61.150001525878906,90.2300033569336,2.8510000705718994,33.459999084472656
2018-02-09,1313.0999755859375,59.20000076293945,90.44000244140625,2.8289999961853027,29.059999465942383
2018-02-12,1324.199951171875,59.290000915527344,90.20999908447266,2.8570001125335693,25.610000610351562
2018-02-13,1328.0999755859375,59.189998626708984,89.69999694824219,2.8399999141693115,24.969999313354492
2018-02-14,1355.5,60.599998474121094,89.12000274658203,2.9130001068115234,19.260000228881836
2018-02-15,1352.0999755859375,61.34000015258789,88.58999633789062,2.8910000324249268,19.1299991607666
2018-02-16,1353.199951171875,61.68000030517578,89.0999984741211,2.877000093460083,19.459999084472656
2018-02-20,1328.800048828125,61.900001525878906,89.72000122070312,2.8929998874664307,20.600000381469727
2018-02-21,1330.0,61.68000030517578,90.08000183105469,2.943000078201294,20.020000457763672
2018-02-22,1330.5999755859375,62.77000045776367,89.75,2.9170000553131104,18.719999313354492
2018-02-23,1328.199951171875,63.54999923706055,89.87999725341797,2.871000051498413,16.489999771118164
2018-02-26,1330.699951171875,63.90999984741211,89.81999969482422,2.8589999675750732,15.800000190734863
2018-02-27,1315.5,63.0099983215332,90.36000061035156,2.9079999923706055,18.59000015258789
2018-02-28,1315.5,61.63999938964844,90.61000061035156,2.868000030517578,19.850000381469727
2018-03-01,1302.9000244140625,60.9900016784668,90.31999969482422,2.803999900817871,22.469999313354492
2018-03-02,1321.0999755859375,61.25,89.94000244140625,2.8570001125335693,19.59000015258789
2018-03-05,1318.0999755859375,62.56999969482422,90.08000183105469,2.88100004196167,18.729999542236328
2018-03-06,1333.5999755859375,62.599998474121094,89.62000274658203,2.877000093460083,18.360000610351562
2018-03-07,1326.0,61.150001525878906,89.63999938964844,2.882999897003174,17.760000228881836
2018-03-08,1319.9000244140625,60.119998931884766,90.12000274658203,2.865999937057495,16.540000915527344
2018-03-09,1322.4000244140625,62.040000915527344,90.08999633789062,2.8940000534057617,14.640000343322754
2018-03-12,1319.4000244140625,61.36000061035156,89.9000015258789,2.869999885559082,15.779999732971191
2018-03-13,1325.9000244140625,60.709999084472656,89.66000366210938,2.8480000495910645,16.350000381469727
2018-03-14,1324.4000244140625,60.959999084472656,89.69999694824219,2.816999912261963,17.229999542236328
2018-03-15,1316.800048828125,61.189998626708984,90.13999938964844,2.8259999752044678,16.59000015258789
2018-03-16,1311.300048828125,62.34000015258789,90.2300033569336,2.8480000495910645,15.800000190734863
2018-03-19,1316.800048828125,62.060001373291016,89.9000015258789,2.8450000286102295,19.020000457763672
2018-03-20,1311.0999755859375,63.400001525878906,90.37000274658203,2.878999948501587,18.200000762939453
2018-03-21,1320.699951171875,65.16999816894531,89.77999877929688,2.9070000648498535,17.860000610351562
2018-03-22,1326.5999755859375,64.30000305175781,89.86000061035156,2.8320000171661377,23.34000015258789
2018-03-23,1349.300048828125,65.87999725341797,89.44000244140625,2.8299999237060547,24.8700008392334
2018-03-26,1354.4000244140625,65.55000305175781,89.02999877929688,2.8429999351501465,21.030000686645508
2018-03-27,1341.300048828125,65.25,89.37000274658203,2.7860000133514404,22.5
2018-03-28,1324.199951171875,64.37999725341797,90.05999755859375,2.7750000953674316,22.8700008392334
2018-03-29,1322.800048828125,64.94000244140625,90.1500015258789,2.740999937057495,19.969999313354492
2018-04-02,1342.0999755859375,63.0099983215332,90.05000305175781,2.7320001125335693,23.6200008392334
2018-04-03,1332.800048828125,63.5099983215332,90.19999694824219,2.7839999198913574,21.100000381469727
2018-04-04,1335.800048828125,63.369998931884766,90.13999938964844,2.7880001068115234,20.059999465942383
2018-04-05,1324.300048828125,63.540000915527344,90.45999908447266,2.8320000171661377,18.940000534057617
2018-04-06,1331.9000244140625,62.060001373291016,90.11000061035156,2.7750000953674316,21.489999771118164
2018-04-09,1336.300048828125,63.41999816894531,89.83999633789062,2.7860000133514404,21.770000457763672
2018-04-10,1342.0,65.51000213623047,89.58999633789062,2.796999931335449,20.469999313354492
2018-04-11,1356.5,66.81999969482422,89.56999969482422,2.7899999618530273,20.239999771118164
2018-04-12,1338.4000244140625,67.06999969482422,89.75,2.8340001106262207,18.489999771118164
2018-04-13,1344.800048828125,67.38999938964844,89.80000305175781,2.8289999961853027,17.40999984741211
2018-04-16,1347.5,66.22000122070312,89.43000030517578,2.8320000171661377,16.559999465942383
2018-04-17,1347.199951171875,66.5199966430664,89.5199966430664,2.813999891281128,15.25
2018-04-18,1351.199951171875,68.47000122070312,89.62000274658203,2.867000102996826,15.600000381469727
2018-04-19,1346.800048828125,68.29000091552734,89.94000244140625,2.9140000343322754,15.960000038146973
2018-04-20,1336.699951171875,68.37999725341797,90.31999969482422,2.9509999752044678,16.8799991607666
2018-04-23,1322.5,68.63999938964844,90.94000244140625,2.9730000495910645,16.34000015258789
2018-04-24,1331.4000244140625,67.69999694824219,90.7699966430664,2.9830000400543213,18.020000457763672
2018-04-25,1321.199951171875,68.05000305175781,91.16999816894531,3.0239999294281006,17.84000015258789
2018-04-26,1316.300048828125,68.19000244140625,91.55999755859375,2.990000009536743,16.239999771118164
2018-04-27,1320.300048828125,68.0999984741211,91.54000091552734,2.9570000171661377,15.40999984741211
2018-04-30,1316.199951171875,68.56999969482422,91.83999633789062,2.936000108718872,15.930000305175781
2018-05-01,1303.800048828125,67.25,92.44999694824219,2.9760000705718994,15.489999771118164
2018-05-02,1302.5999755859375,67.93000030517578,92.51000213623047,2.9639999866485596,15.970000267028809
2018-05-03,1310.699951171875,68.43000030517578,92.41000366210938,2.946000099182129,15.899999618530273
2018-05-04,1312.699951171875,69.72000122070312,92.56999969482422,2.944000005722046,14.770000457763672
2018-05-07,1312.199951171875,70.7300033569336,92.75,2.950000047683716,14.75
2018-05-08,1312.0,69.05999755859375,93.12000274658203,2.9690001010894775,14.710000038146973
2018-05-09,1311.300048828125,71.13999938964844,93.04000091552734,3.003999948501587,13.420000076293945
2018-05-10,1320.800048828125,71.36000061035156,92.6500015258789,2.9709999561309814,13.229999542236328
2018-05-11,1319.0,70.69999694824219,92.54000091552734,2.9709999561309814,12.649999618530273
2018-05-14,1316.5,70.95999908447266,92.58999633789062,2.994999885559082,12.930000305175781
2018-05-15,1288.9000244140625,71.30999755859375,93.22000122070312,3.0799999237060547,14.630000114440918
2018-05-16,1290.199951171875,71.48999786376953,93.38999938964844,3.0950000286102295,13.420000076293945
2018-05-17,1288.199951171875,71.48999786376953,93.47000122070312,3.1089999675750732,13.430000305175781
2018-05-18,1290.199951171875,71.27999877929688,93.63999938964844,3.066999912261963,13.420000076293945
2018-05-21,1290.199951171875,72.23999786376953,93.68000030517578,3.065000057220459,13.079999923706055
2018-05-22,1291.699951171875,72.12999725341797,93.61000061035156,3.065000057220459,13.220000267028809
2018-05-23,1289.300048828125,71.83999633789062,94.01000213623047,3.003000020980835,12.579999923706055
2018-05-24,1303.699951171875,70.70999908447266,93.77999877929688,2.9809999465942383,12.529999732971191
2018-05-25,1303.300048828125,67.87999725341797,94.19000244140625,2.930999994277954,13.220000267028809
2018-05-29,1298.699951171875,66.7300033569336,94.83000183105469,2.7679998874664307,17.020000457763672
2018-05-30,1301.5,68.20999908447266,94.1500015258789,2.8420000076293945,14.9399995803833
2018-05-31,1300.0999755859375,67.04000091552734,93.98999786376953,2.822000026702881,15.430000305175781
2018-06-01,1294.800048828125,65.80999755859375,94.19000244140625,2.8949999809265137,13.460000038146973
2018-06-04,1293.0999755859375,64.75,94.0199966430664,2.937000036239624,12.739999771118164
2018-06-05,1297.5,65.5199966430664,93.88999938964844,2.9189999103546143,12.399999618530273
2018-06-06,1297.0999755859375,64.7300033569336,93.66000366210938,2.9749999046325684,11.640000343322754
2018-06-07,1298.699951171875,65.94999694824219,93.4000015258789,2.933000087738037,12.130000114440918
2018-06-08,1298.0999755859375,65.73999786376953,93.55000305175781,2.937000036239624,12.180000305175781
2018-06-11,1298.9000244140625,66.0999984741211,93.58000183105469,2.9570000171661377,12.350000381469727
2018-06-12,1295.0999755859375,66.36000061035156,93.80000305175781,2.9570000171661377,12.34000015258789
2018-06-13,1296.9000244140625,66.63999938964844,93.70999908447266,2.9769999980926514,12.9399995803833
2018-06-14,1304.0,66.88999938964844,94.7699966430664,2.946000099182129,12.119999885559082
2018-06-15,1274.5999755859375,65.05999755859375,94.79000091552734,2.9240000247955322,11.979999542236328
2018-06-18,1276.199951171875,65.8499984741211,94.75,2.9260001182556152,12.3100004196167
2018-06-19,1275.5999755859375,65.06999969482422,95.08999633789062,2.8929998874664307,13.350000381469727
2018-06-20,1271.199951171875,66.22000122070312,95.05999755859375,2.927999973297119,12.789999961853027
2018-06-21,1267.199951171875,65.54000091552734,94.87000274658203,2.8970000743865967,14.640000343322754
2018-06-22,1267.4000244140625,68.58000183105469,94.5199966430664,2.9000000953674316,13.770000457763672
2018-06-25,1265.5999755859375,68.08000183105469,94.27999877929688,2.875,17.329999923706055
2018-06-26,1256.5999755859375,70.52999877929688,94.68000030517578,2.880000114440918,15.920000076293945
2018-06-27,1252.800048828125,72.76000213623047,95.29000091552734,2.8269999027252197,17.90999984741211
2018-06-28,1247.800048828125,73.44999694824219,95.38999938964844,2.8469998836517334,16.850000381469727
2018-06-29,1251.300048828125,74.1500015258789,94.62999725341797,2.8489999771118164,16.09000015258789
2018-07-02,1239.800048828125,73.94000244140625,94.87000274658203,2.865999937057495,15.600000381469727
2018-07-03,1251.5999755859375,74.13999938964844,94.58999633789062,2.8380000591278076,16.139999389648438
2018-07-05,1257.300048828125,72.94000244140625,94.47000122070312,2.8399999141693115,14.970000267028809
2018-07-06,1254.300048828125,73.80000305175781,94.04000091552734,2.8310000896453857,13.369999885559082
2018-07-09,1258.0999755859375,73.8499984741211,94.08000183105469,2.859999895095825,12.6899995803833
2018-07-10,1253.800048828125,74.11000061035156,94.11000061035156,2.872999906539917,12.640000343322754
2018-07-11,1242.800048828125,70.37999725341797,94.72000122070312,2.8420000076293945,13.630000114440918
2018-07-12,1245.0,70.33000183105469,94.80999755859375,2.8529999256134033,12.579999923706055
2018-07-13,1239.5999755859375,71.01000213623047,94.75,2.8310000896453857,12.180000305175781
2018-07-16,1238.0999755859375,68.05999755859375,94.51000213623047,2.8580000400543213,12.829999923706055
2018-07-17,1225.699951171875,68.08000183105469,94.97000122070312,2.864000082015991,12.0600004196167
2018-07-18,1226.300048828125,68.76000213623047,95.08000183105469,2.875,12.100000381469727
2018-07-19,1222.4000244140625,69.45999908447266,95.16999816894531,2.8469998836517334,12.869999885559082
2018-07-20,1229.5,70.45999908447266,94.45999908447266,2.8949999809265137,12.859999656677246
2018-07-23,1224.0,67.88999938964844,94.66999816894531,2.9649999141693115,12.619999885559082
2018-07-24,1223.9000244140625,68.5199966430664,94.61000061035156,2.9489998817443848,12.40999984741211
2018-07-25,1231.4000244140625,69.30000305175781,94.36000061035156,2.936000108718872,12.289999961853027
2018-07-26,1225.300048828125,69.61000061035156,94.75,2.9749999046325684,12.140000343322754
2018-07-27,1222.5999755859375,68.69000244140625,94.68000030517578,2.9600000381469727,13.029999732971191
2018-07-30,1221.300048828125,70.12999725341797,94.36000061035156,2.9749999046325684,14.260000228881836
2018-07-31,1223.699951171875,68.76000213623047,94.48999786376953,2.9639999866485596,12.829999923706055
2018-08-01,1217.9000244140625,67.66000366210938,94.62000274658203,3.003000020980835,13.149999618530273
2018-08-02,1210.5999755859375,68.95999908447266,95.16999816894531,2.9860000610351562,12.1899995803833
2018-08-03,1214.199951171875,68.48999786376953,95.13999938964844,2.953000068664551,11.640000343322754
2018-08-06,1208.5999755859375,69.01000213623047,95.36000061035156,2.937999963760376,11.270000457763672
2018-08-07,1209.5999755859375,69.16999816894531,95.22000122070312,2.9730000495910645,10.930000305175781
2018-08-08,1212.5999755859375,66.94000244140625,95.0999984741211,2.9709999561309814,10.850000381469727
2018-08-09,1211.9000244140625,66.80999755859375,95.5,2.934999942779541,11.270000457763672
2018-08-10,1211.0999755859375,67.62999725341797,96.36000061035156,2.8570001125335693,13.15999984741211
2018-08-13,1191.300048828125,67.19999694824219,96.38999938964844,2.877000093460083,14.779999732971191
2018-08-14,1193.0,67.04000091552734,96.7300033569336,2.8949999809265137,13.3100004196167
2018-08-15,1177.5,65.01000213623047,96.69999694824219,2.8519999980926514,14.640000343322754
2018-08-16,1176.199951171875,65.45999908447266,96.6500015258789,2.871000051498413,13.449999809265137
2018-08-17,1176.5,65.91000366210938,96.0999984741211,2.872999906539917,12.640000343322754
2018-08-20,1186.800048828125,66.43000030517578,95.9000015258789,2.822999954223633,12.489999771118164
2018-08-21,1192.5999755859375,67.3499984741211,95.26000213623047,2.8440001010894775,12.859999656677246
2018-08-22,1196.300048828125,67.86000061035156,95.1500015258789,2.822999954223633,12.25
2018-08-23,1187.0,67.83000183105469,95.62000274658203,2.821000099182129,12.40999984741211
2018-08-24,1206.300048828125,68.72000122070312,95.1500015258789,2.8259999752044678,11.989999771118164
2018-08-27,1209.0,68.87000274658203,94.77999877929688,2.8480000495910645,12.15999984741211
2018-08-28,1207.4000244140625,68.52999877929688,94.72000122070312,2.884000062942505,12.5
2018-08-29,1204.5,69.51000213623047,94.5999984741211,2.884000062942505,12.25
2018-08-30,1197.699951171875,70.25,94.72000122070312,2.859999895095825,13.529999732971191
2018-08-31,1200.300048828125,69.80000305175781,95.13999938964844,2.8529999256134033,12.859999656677246
2018-09-04,1192.699951171875,69.87000274658203,95.41999816894531,2.9019999504089355,13.15999984741211
2018-09-05,1194.9000244140625,68.72000122070312,95.12999725341797,2.9019999504089355,13.90999984741211
2018-09-06,1197.9000244140625,67.7699966430664,95.0199966430664,2.878999948501587,14.649999618530273
2018-09-07,1193.5999755859375,67.75,95.37000274658203,2.941999912261963,14.880000114440918
2018-09-10,1193.0,67.54000091552734,95.1500015258789,2.937000036239624,14.15999984741211
2018-09-11,1195.4000244140625,69.25,95.05999755859375,2.9769999980926514,13.220000267028809
2018-09-12,1204.699951171875,70.37000274658203,94.80000305175781,2.9630000591278076,13.140000343322754
2018-09-13,1202.0,68.58999633789062,94.54000091552734,2.9630000591278076,12.369999885559082
2018-09-14,1195.0,68.98999786376953,94.9800033569336,2.99399995803833,12.069999694824219
2018-09-17,1199.699951171875,68.91000366210938,94.51000213623047,3.000999927520752,13.680000305175781
2018-09-18,1196.800048828125,69.8499984741211,94.62000274658203,3.0480000972747803,12.789999961853027
2018-09-19,1202.199951171875,71.12000274658203,94.55000305175781,3.0829999446868896,11.75
2018-09-20,1206.199951171875,70.80000305175781,93.91000366210938,3.078000068664551,11.800000190734863
2018-09-21,1196.199951171875,70.77999877929688,94.22000122070312,3.068000078201294,11.680000305175781
2018-09-24,1199.300048828125,72.08000183105469,94.26000213623047,3.078000068664551,12.199999809265137
2018-09-25,1200.0,72.27999877929688,94.12999725341797,3.1019999980926514,12.420000076293945
2018-09-26,1194.0,71.56999969482422,94.19000244140625,3.061000108718872,12.890000343322754
2018-09-27,1182.300048828125,72.12000274658203,95.0,3.055999994277954,12.40999984741211
2018-09-28,1191.5,73.25,95.19000244140625,3.055999994277954,12.119999885559082
2018-10-01,1187.0999755859375,75.30000305175781,95.30000305175781,3.0799999237060547,12.0
2018-10-02,1202.4000244140625,75.2300033569336,95.51000213623047,3.055999994277954,12.050000190734863
2018-10-03,1198.300048828125,76.41000366210938,95.76000213623047,3.1610000133514404,11.609999656677246
2018-10-04,1197.199951171875,74.33000183105469,95.75,3.197000026702881,14.220000267028809
2018-10-05,1201.199951171875,74.33999633789062,95.62000274658203,3.2249999046325684,14.819999694824219
2018-10-08,1184.4000244140625,74.29000091552734,95.7699966430664,3.2330000400543213,15.6899995803833
2018-10-09,1187.199951171875,74.95999908447266,95.68000030517578,3.2079999446868896,15.949999809265137
2018-10-10,1189.300048828125,73.16999816894531,95.51000213623047,3.2249999046325684,22.959999084472656
2018-10-11,1223.5,70.97000122070312,95.0199966430664,3.132999897003174,24.979999542236328
2018-10-12,1218.0999755859375,71.33999633789062,95.22000122070312,3.1410000324249268,21.309999465942383
2018-10-15,1226.4000244140625,71.77999877929688,95.06999969482422,3.1630001068115234,21.299999237060547
2018-10-16,1227.300048828125,71.91999816894531,95.05000305175781,3.1559998989105225,17.6200008392334
2018-10-17,1223.699951171875,69.75,95.58000183105469,3.178999900817871,17.399999618530273
2018-10-18,1226.5,68.6500015258789,95.9000015258789,3.174999952316284,20.059999465942383
2018-10-19,1225.300048828125,69.12000274658203,95.70999908447266,3.197999954223633,19.889999389648438
2018-10-22,1221.199951171875,69.16999816894531,96.01000213623047,3.196000099182129,19.639999389648438
2018-10-23,1233.4000244140625,66.43000030517578,95.95999908447266,3.1659998893737793,20.709999084472656
2018-10-24,1227.800048828125,66.81999969482422,96.43000030517578,3.124000072479248,25.229999542236328
2018-10-25,1229.0999755859375,67.33000183105469,96.68000030517578,3.135999917984009,24.219999313354492
2018-10-26,1232.5,67.58999633789062,96.36000061035156,3.0769999027252197,24.15999984741211
2018-10-29,1224.5,67.04000091552734,96.58000183105469,3.0869998931884766,24.700000762939453
2018-10-30,1222.5999755859375,66.18000030517578,97.01000213623047,3.109999895095825,23.350000381469727
2018-10-31,1212.300048828125,65.30999755859375,97.12999725341797,3.1589999198913574,21.229999542236328
2018-11-01,1236.0,63.689998626708984,96.27999877929688,3.1440000534057617,19.34000015258789
2018-11-02,1230.9000244140625,63.13999938964844,96.54000091552734,3.2139999866485596,19.510000228881836
2018-11-05,1229.800048828125,63.099998474121094,96.3499984741211,3.2009999752044678,19.959999084472656
2018-11-06,1223.800048828125,62.209999084472656,96.31999969482422,3.2139999866485596,19.90999984741211
2018-11-07,1226.199951171875,61.66999816894531,96.0,3.2130000591278076,16.360000610351562
2018-11-08,1222.9000244140625,60.66999816894531,96.63999938964844,3.2339999675750732,16.719999313354492
2018-11-09,1206.4000244140625,60.189998626708984,96.91000366210938,3.188999891281128,17.360000610351562
2018-11-12,1201.300048828125,59.93000030517578,97.54000091552734,3.186000108718872,20.450000762939453
2018-11-13,1199.199951171875,55.689998626708984,97.30000305175781,3.1449999809265137,20.020000457763672
2018-11-14,1207.9000244140625,56.25,96.80000305175781,3.119999885559082,21.25
2018-11-15,1212.800048828125,56.459999084472656,96.93000030517578,3.118000030517578,19.979999542236328
2018-11-16,1220.800048828125,56.459999084472656,96.47000122070312,3.0739998817443848,18.139999389648438
2018-11-19,1223.0999755859375,56.7599983215332,96.19000244140625,3.056999921798706,20.100000381469727
2018-11-20,1219.0,53.43000030517578,96.80999755859375,3.0480000972747803,22.479999542236328
2018-11-21,1225.800048828125,54.630001068115234,96.70999908447266,3.061000108718872,20.799999237060547
2018-11-23,1221.0,50.41999816894531,96.91999816894531,3.053999900817871,21.520000457763672
2018-11-26,1220.199951171875,51.630001068115234,97.06999969482422,3.072000026702881,18.899999618530273
2018-11-27,1211.199951171875,51.560001373291016,97.37000274658203,3.055000066757202,19.020000457763672
2018-11-28,1221.4000244140625,50.290000915527344,96.79000091552734,3.0439999103546143,18.489999771118164
2018-11-29,1224.0999755859375,51.45000076293945,96.77999877929688,3.0350000858306885,18.790000915527344
2018-11-30,1220.199951171875,50.93000030517578,97.2699966430664,3.013000011444092,18.06999969482422
2018-12-03,1233.9000244140625,52.95000076293945,97.04000091552734,2.992000102996826,16.440000534057617
2018-12-04,1241.0999755859375,53.25,96.97000122070312,2.9240000247955322,20.739999771118164
2018-12-06,1238.0999755859375,51.4900016784668,96.80999755859375,2.875999927520752,21.190000534057617
2018-12-07,1246.800048828125,52.61000061035156,96.51000213623047,2.8499999046325684,23.229999542236328
2018-12-10,1243.699951171875,51.0,97.22000122070312,2.8559999465942383,22.639999389648438
2018-12-11,1241.9000244140625,51.650001525878906,97.38999938964844,2.878999948501587,21.760000228881836
2018-12-12,1244.4000244140625,51.150001525878906,97.04000091552734,2.9059998989105225,21.459999084472656
2018-12-13,1242.699951171875,52.58000183105469,97.05999755859375,2.9110000133514404,20.649999618530273
2018-12-14,1237.0,51.20000076293945,97.44000244140625,2.8910000324249268,21.6299991607666
2018-12-17,1247.4000244140625,49.880001068115234,97.0999984741211,2.8570001125335693,24.520000457763672
2018-12-18,1249.199951171875,46.2400016784668,97.13999938964844,2.825000047683716,25.579999923706055
2018-12-19,1252.0999755859375,47.20000076293945,97.04000091552734,2.7780001163482666,25.579999923706055
2018-12-20,1263.5999755859375,45.880001068115234,96.27999877929688,2.7890000343322754,28.3799991607666
2018-12-21,1253.800048828125,45.59000015258789,96.95999908447266,2.7920000553131104,30.110000610351562
2018-12-24,1267.5,42.529998779296875,96.55000305175781,2.749000072479248,36.06999969482422
2018-12-26,1269.199951171875,46.220001220703125,97.05000305175781,2.796999931335449,30.40999984741211
2018-12-27,1277.300048828125,44.61000061035156,96.4800033569336,2.743000030517578,29.959999084472656
2018-12-28,1279.9000244140625,45.33000183105469,96.38999938964844,2.7360000610351562,28.34000015258789
2018-12-31,1278.300048828125,45.40999984741211,96.16999816894531,2.686000108718872,25.420000076293945
2019-01-02,1281.0,46.540000915527344,96.81999969482422,2.6610000133514404,23.219999313354492
2019-01-03,1291.800048828125,47.09000015258789,96.30999755859375,2.553999900817871,25.450000762939453
2019-01-04,1282.699951171875,47.959999084472656,96.19000244140625,2.6589999198913574,21.3799991607666
2019-01-07,1286.800048828125,48.52000045776367,95.70999908447266,2.681999921798706,21.399999618530273
2019-01-08,1283.199951171875,49.779998779296875,95.9000015258789,2.7160000801086426,20.469999313354492
2019-01-09,1289.300048828125,52.36000061035156,95.22000122070312,2.7279999256134033,19.979999542236328
2019-01-10,1284.699951171875,52.59000015258789,95.54000091552734,2.7309999465942383,19.5
2019-01-11,1287.0999755859375,51.59000015258789,95.66999816894531,2.7009999752044678,18.190000534057617
2019-01-14,1289.0999755859375,50.5099983215332,95.58999633789062,2.7100000381469727,19.06999969482422
2019-01-15,1286.199951171875,52.11000061035156,95.97000122070312,2.7109999656677246,18.600000381469727
2019-01-16,1291.5999755859375,52.310001373291016,96.05999755859375,2.7309999465942383,19.040000915527344
2019-01-17,1291.0,52.06999969482422,96.06999969482422,2.749000072479248,18.059999465942383
2019-01-18,1281.300048828125,53.79999923706055,96.33999633789062,2.7839999198913574,17.799999237060547
2019-01-22,1282.5,52.56999969482422,96.30000305175781,2.7300000190734863,20.799999237060547
2019-01-23,1283.0999755859375,52.619998931884766,96.12000274658203,2.755000114440918,19.520000457763672
2019-01-24,1279.0999755859375,53.130001068115234,96.5999984741211,2.7119998931884766,18.889999389648438
2019-01-25,1297.4000244140625,53.689998626708984,95.79000091552734,2.753000020980835,17.420000076293945
2019-01-28,1302.4000244140625,51.9900016784668,95.75,2.74399995803833,18.8700008392334
2019-01-29,1308.199951171875,53.310001373291016,95.81999969482422,2.7119998931884766,19.1299991607666
2019-01-30,1309.9000244140625,54.22999954223633,95.33999633789062,2.694999933242798,17.65999984741211
2019-01-31,1319.699951171875,53.790000915527344,95.58000183105469,2.634999990463257,16.56999969482422
2019-02-01,1316.9000244140625,55.2599983215332,95.58000183105469,2.690999984741211,16.139999389648438
2019-02-04,1314.300048828125,54.560001373291016,95.8499984741211,2.7239999771118164,15.729999542236328
2019-02-05,1314.199951171875,53.65999984741211,96.0999984741211,2.7019999027252197,15.569999694824219
2019-02-06,1309.5,54.0099983215332,96.41999816894531,2.7019999027252197,15.380000114440918
2019-02-07,1309.4000244140625,52.63999938964844,96.51000213623047,2.6519999504089355,16.3700008392334
2019-02-08,1313.699951171875,52.720001220703125,96.63999938964844,2.631999969482422,15.720000267028809
2019-02-11,1307.0,52.40999984741211,97.05999755859375,2.6610000133514404,15.970000267028809
2019-02-12,1309.199951171875,53.099998474121094,96.70999908447266,2.684000015258789,15.430000305175781
2019-02-13,1310.800048828125,53.900001525878906,97.12999725341797,2.7079999446868896,15.649999618530273
2019-02-14,1309.800048828125,54.40999984741211,96.9800033569336,2.6570000648498535,16.219999313354492
2019-02-15,1318.0999755859375,55.59000015258789,96.91999816894531,2.6659998893737793,14.90999984741211
2019-02-19,1340.0999755859375,56.09000015258789,96.5199966430664,2.6470000743865967,14.880000114440918
2019-02-20,1343.300048828125,56.91999816894531,96.44999694824219,2.6540000438690186,14.020000457763672
2019-02-21,1323.5,56.959999084472656,96.61000061035156,2.687999963760376,14.460000038146973
2019-02-22,1329.199951171875,57.2599983215332,96.51000213623047,2.6549999713897705,13.510000228881836
2019-02-25,1325.9000244140625,55.47999954223633,96.41000366210938,2.6730000972747803,14.850000381469727
2019-02-26,1325.0999755859375,55.5,96.0,2.635999917984009,15.170000076293945
2019-02-27,1317.699951171875,56.939998626708984,96.1500015258789,2.693000078201294,14.699999809265137
2019-02-28,1312.800048828125,57.220001220703125,96.16000366210938,2.7109999656677246,14.779999732971191
2019-03-01,1296.4000244140625,55.79999923706055,96.52999877929688,2.755000114440918,13.569999694824219
2019-03-04,1284.800048828125,56.59000015258789,96.68000030517578,2.7219998836517334,14.630000114440918
2019-03-05,1282.0,56.560001373291016,96.8499984741211,2.7219998836517334,14.739999771118164
2019-03-06,1284.9000244140625,56.220001220703125,96.87000274658203,2.691999912261963,15.739999771118164
2019-03-07,1283.800048828125,56.65999984741211,97.66999816894531,2.635999917984009,16.59000015258789
2019-03-08,1297.0,56.06999969482422,97.37000274658203,2.625,16.049999237060547
2019-03-11,1288.800048828125,56.790000915527344,97.22000122070312,2.6429998874664307,14.329999923706055
2019-03-12,1296.300048828125,56.869998931884766,96.94000244140625,2.6050000190734863,13.770000457763672
2019-03-13,1307.5,58.2599983215332,96.55000305175781,2.6110000610351562,13.40999984741211
2019-03-14,1293.4000244140625,58.61000061035156,96.79000091552734,2.630000114440918,13.5
2019-03-15,1301.800048828125,58.52000045776367,96.5999984741211,2.5929999351501465,12.880000114440918
2019-03-18,1300.300048828125,59.09000015258789,96.5199966430664,2.6019999980926514,13.100000381469727
2019-03-19,1305.0,59.029998779296875,96.37999725341797,2.614000082015991,13.5600004196167
2019-03-20,1300.5,59.83000183105469,95.76000213623047,2.5350000858306885,13.90999984741211
2019-03-21,1306.0999755859375,59.97999954223633,96.5,2.5369999408721924,13.630000114440918
2019-03-22,1311.5999755859375,59.040000915527344,96.6500015258789,2.4549999237060547,16.479999542236328
2019-03-25,1321.9000244140625,58.81999969482422,96.56999969482422,2.4200000762939453,16.329999923706055
2019-03-26,1314.300048828125,59.939998626708984,96.73999786376953,2.4140000343322754,14.680000305175781
2019-03-27,1309.9000244140625,59.40999984741211,96.7699966430664,2.374000072479248,15.149999618530273
2019-03-28,1289.800048828125,59.29999923706055,97.19999694824219,2.3889999389648438,14.430000305175781
2019-03-29,1293.0,60.13999938964844,97.27999877929688,2.4140000343322754,13.710000038146973
2019-04-01,1288.4000244140625,61.59000015258789,97.25,2.496999979019165,13.399999618530273
2019-04-02,1290.0,62.58000183105469,97.36000061035156,2.4809999465942383,13.359999656677246
2019-04-03,1289.9000244140625,62.459999084472656,97.08999633789062,2.5169999599456787,13.739999771118164
2019-04-04,1289.0,62.099998474121094,97.30999755859375,2.51200008392334,13.579999923706055
2019-04-05,1290.4000244140625,63.08000183105469,97.4000015258789,2.500999927520752,12.819999694824219
2019-04-08,1297.0999755859375,64.4000015258789,97.05000305175781,2.5190000534057617,13.180000305175781
2019-04-09,1303.5,63.97999954223633,97.01000213623047,2.499000072479248,14.279999732971191
2019-04-10,1309.0999755859375,64.61000061035156,96.94999694824219,2.4769999980926514,13.300000190734863
2019-04-11,1288.5999755859375,63.58000183105469,97.18000030517578,2.503999948501587,13.020000457763672
2019-04-12,1290.5999755859375,63.88999938964844,96.97000122070312,2.559999942779541,12.010000228881836
2019-04-15,1286.800048828125,63.400001525878906,96.94000244140625,2.552999973297119,12.319999694824219
2019-04-16,1272.5999755859375,64.05000305175781,97.04000091552734,2.5920000076293945,12.180000305175781
2019-04-17,1272.199951171875,63.7599983215332,97.01000213623047,2.5920000076293945,12.600000381469727
2019-04-18,1271.9000244140625,64.0,97.47000122070312,2.559999942779541,12.09000015258789
2019-04-22,1273.5,65.69999694824219,97.27999877929688,2.5899999141693115,12.420000076293945
2019-04-23,1269.300048828125,66.30000305175781,97.56999969482422,2.569999933242798,12.279999732971191
2019-04-24,1275.5,65.88999938964844,98.0999984741211,2.5220000743865967,13.140000343322754
2019-04-25,1275.800048828125,65.20999908447266,98.19999694824219,2.5339999198913574,13.25
2019-04-26,1284.9000244140625,63.29999923706055,98.01000213623047,2.505000114440918,12.729999542236328
2019-04-29,1278.5999755859375,63.5,97.86000061035156,2.5360000133514404,13.109999656677246
2019-04-30,1282.800048828125,63.90999984741211,97.4800033569336,2.509000062942505,13.119999885559082
2019-05-01,1281.4000244140625,63.599998474121094,97.69000244140625,2.510999917984009,14.800000190734863
2019-05-02,1269.699951171875,61.810001373291016,97.83000183105469,2.552000045776367,14.420000076293945
2019-05-03,1279.199951171875,61.939998626708984,97.5199966430664,2.5309998989105225,12.869999885559082
2019-05-06,1281.699951171875,62.25,97.5199966430664,2.5,15.4399995803833
2019-05-07,1283.5,61.400001525878906,97.62999725341797,2.447999954223633,19.31999969482422
2019-05-08,1279.4000244140625,62.119998931884766,97.62000274658203,2.4820001125335693,19.399999618530273
2019-05-09,1283.5,61.70000076293945,97.37000274658203,2.4570000171661377,19.100000381469727
2019-05-10,1285.699951171875,61.65999984741211,97.33000183105469,2.4549999237060547,16.040000915527344
2019-05-13,1300.0999755859375,61.040000915527344,97.31999969482422,2.4049999713897705,20.549999237060547
2019-05-14,1294.699951171875,61.779998779296875,97.52999877929688,2.4189999103546143,18.059999465942383
2019-05-15,1296.300048828125,62.02000045776367,97.56999969482422,2.378999948501587,16.440000534057617
2019-05-16,1285.0,62.869998931884766,97.83999633789062,2.4049999713897705,15.289999961853027
2019-05-17,1274.5,62.7599983215332,98.0,2.3929998874664307,15.960000038146973
2019-05-20,1276.0999755859375,63.099998474121094,97.93000030517578,2.4159998893737793,16.309999465942383
2019-05-21,1272.0,62.9900016784668,98.05999755859375,2.4260001182556152,14.949999809265137
2019-05-22,1273.5999755859375,61.41999816894531,98.11000061035156,2.3929998874664307,14.75
2019-05-23,1284.800048828125,57.90999984741211,97.8499984741211,2.2960000038146973,16.920000076293945
2019-05-24,1283.0,58.630001068115234,97.61000061035156,2.3239998817443848,15.850000381469727
2019-05-28,1276.5,59.13999938964844,97.95999908447266,2.2679998874664307,17.5
2019-05-29,1280.5999755859375,58.810001373291016,98.13999938964844,2.2360000610351562,17.899999618530273
2019-05-30,1287.0999755859375,56.59000015258789,98.13999938964844,2.2269999980926514,17.299999237060547
2019-05-31,1305.800048828125,53.5,97.75,2.1419999599456787,18.709999084472656
2019-06-03,1322.699951171875,53.25,97.13999938964844,2.0810000896453857,18.860000610351562
2019-06-04,1323.4000244140625,53.47999954223633,97.06999969482422,2.11899995803833,16.969999313354492
2019-06-05,1328.300048828125,51.68000030517578,97.37000274658203,2.122999906539917,16.09000015258789
2019-06-06,1337.5999755859375,52.59000015258789,97.02999877929688,2.124000072479248,15.930000305175781
2019-06-07,1341.199951171875,53.9900016784668,96.61000061035156,2.0840001106262207,16.299999237060547
2019-06-10,1324.699951171875,53.2599983215332,96.76000213623047,2.1429998874664307,15.9399995803833
2019-06-11,1326.4000244140625,53.27000045776367,96.69000244140625,2.140000104904175,15.989999771118164
2019-06-12,1331.9000244140625,51.13999938964844,97.0,2.127000093460083,15.90999984741211
2019-06-13,1339.199951171875,52.279998779296875,97.01000213623047,2.0910000801086426,15.819999694824219
2019-06-14,1340.0999755859375,52.5099983215332,97.56999969482422,2.0929999351501465,15.279999732971191
2019-06-17,1338.699951171875,51.93000030517578,97.55999755859375,2.0859999656677246,15.350000381469727
2019-06-18,1346.5999755859375,53.900001525878906,97.63999938964844,2.059999942779541,15.149999618530273
2019-06-19,1344.5999755859375,53.7599983215332,97.12000274658203,2.0290000438690186,14.329999923706055
2019-06-20,1392.9000244140625,56.650001525878906,96.62999725341797,2.000999927520752,14.75
2019-06-21,1396.199951171875,57.43000030517578,96.22000122070312,2.068000078201294,15.399999618530273
2019-06-24,1414.300048828125,57.900001525878906,95.9800033569336,2.0209999084472656,15.260000228881836
2019-06-25,1414.9000244140625,57.83000183105469,96.16000366210938,1.99399995803833,16.280000686645508
2019-06-26,1411.5999755859375,59.380001068115234,96.20999908447266,2.0490000247955322,16.209999084472656
2019-06-27,1408.4000244140625,59.43000030517578,96.19000244140625,2.005000114440918,15.819999694824219
2019-06-28,1409.699951171875,58.470001220703125,96.12999725341797,2.0,15.079999923706055
2019-07-01,1385.5999755859375,59.09000015258789,96.83999633789062,2.0339999198913574,14.0600004196167
2019-07-02,1404.5999755859375,56.25,96.7300033569336,1.9759999513626099,12.930000305175781
2019-07-03,1417.699951171875,57.34000015258789,96.7699966430664,1.9529999494552612,12.569999694824219
2019-07-05,1396.699951171875,57.5099983215332,97.25,2.0480000972747803,13.279999732971191
2019-07-08,1397.0,57.65999984741211,97.37999725341797,2.0339999198913574,13.960000038146973
2019-07-09,1397.5,57.83000183105469,97.48999786376953,2.053999900817871,14.09000015258789
2019-07-10,1410.0999755859375,60.43000030517578,97.0999984741211,2.061000108718872,13.029999732971191
2019-07-11,1404.300048828125,60.20000076293945,97.05000305175781,2.119999885559082,12.930000305175781
2019-07-12,1409.9000244140625,60.209999084472656,96.80999755859375,2.1059999465942383,12.390000343322754
2019-07-15,1411.4000244140625,59.58000183105469,96.93000030517578,2.0920000076293945,12.680000305175781
2019-07-16,1409.199951171875,57.619998931884766,97.4000015258789,2.121999979019165,12.859999656677246
2019-07-17,1421.300048828125,56.779998779296875,97.22000122070312,2.061000108718872,13.970000267028809
2019-07-18,1426.0999755859375,55.29999923706055,96.79000091552734,2.0380001068115234,13.529999732971191
2019-07-19,1425.0999755859375,55.630001068115234,97.1500015258789,2.0480000972747803,14.449999809265137
2019-07-22,1425.300048828125,56.220001220703125,97.26000213623047,2.0429999828338623,13.529999732971191
2019-07-23,1420.0999755859375,56.77000045776367,97.70999908447266,2.0739998817443848,12.609999656677246
2019-07-24,1422.800048828125,55.880001068115234,97.7300033569336,2.049999952316284,12.069999694824219
2019-07-25,1413.9000244140625,56.02000045776367,97.81999969482422,2.0739998817443848,12.739999771118164
2019-07-26,1418.5,56.20000076293945,98.01000213623047,2.0810000896453857,12.15999984741211
2019-07-29,1419.5999755859375,56.869998931884766,98.04000091552734,2.055000066757202,12.829999923706055
2019-07-30,1429.699951171875,58.04999923706055,98.05000305175781,2.061000108718872,13.9399995803833
2019-07-31,1426.0999755859375,58.58000183105469,98.5199966430664,2.0209999084472656,16.1200008392334
2019-08-01,1420.9000244140625,53.95000076293945,98.38999938964844,1.8940000534057617,17.8700008392334
2019-08-02,1445.5999755859375,55.65999984741211,98.0999984741211,1.8550000190734863,17.610000610351562
2019-08-05,1464.5999755859375,54.689998626708984,97.5,1.7350000143051147,24.59000015258789
2019-08-06,1472.4000244140625,53.630001068115234,97.62999725341797,1.7389999628067017,20.170000076293945
2019-08-07,1507.300048828125,51.09000015258789,97.54000091552734,1.684000015258789,19.489999771118164
2019-08-08,1497.699951171875,52.540000915527344,97.62000274658203,1.715999960899353,16.90999984741211
2019-08-09,1496.5999755859375,54.5,97.48999786376953,1.7339999675750732,17.969999313354492
2019-08-12,1505.300048828125,54.93000030517578,97.37999725341797,1.6390000581741333,21.09000015258789
2019-08-13,1502.199951171875,57.099998474121094,97.80999755859375,1.6799999475479126,17.520000457763672
2019-08-14,1515.9000244140625,55.22999954223633,97.98999786376953,1.5809999704360962,22.100000381469727
2019-08-15,1519.5999755859375,54.470001220703125,98.13999938964844,1.5290000438690186,21.18000030517578
2019-08-16,1512.5,54.869998931884766,98.13999938964844,1.5390000343322754,18.469999313354492
2019-08-19,1500.4000244140625,56.209999084472656,98.3499984741211,1.5980000495910645,16.8799991607666
2019-08-20,1504.5999755859375,56.34000015258789,98.19000244140625,1.5609999895095825,17.5
2019-08-21,1504.5999755859375,55.68000030517578,98.30000305175781,1.5770000219345093,15.800000190734863
2019-08-22,1497.300048828125,55.349998474121094,98.16999816894531,1.6100000143051147,16.68000030517578
2019-08-23,1526.5999755859375,54.16999816894531,97.63999938964844,1.527999997138977,19.8700008392334
2019-08-26,1526.300048828125,53.63999938964844,98.08000183105469,1.5449999570846558,19.31999969482422
2019-08-27,1541.0,54.93000030517578,98.0,1.4900000095367432,20.309999465942383
2019-08-28,1537.800048828125,55.779998779296875,98.20999908447266,1.465999960899353,19.350000381469727
2019-08-29,1526.5,56.709999084472656,98.51000213623047,1.5160000324249268,17.8799991607666
2019-08-30,1519.0999755859375,55.099998474121094,98.91999816894531,1.50600004196167,18.979999542236328
2019-09-03,1545.9000244140625,53.939998626708984,98.94999694824219,1.465999960899353,19.65999984741211
2019-09-04,1550.300048828125,56.2599983215332,98.44999694824219,1.4589999914169312,17.329999923706055
2019-09-05,1515.4000244140625,56.29999923706055,98.41000366210938,1.565000057220459,16.270000457763672
2019-09-06,1506.199951171875,56.52000045776367,98.38999938964844,1.5499999523162842,15.0
2019-09-09,1502.199951171875,57.849998474121094,98.27999877929688,1.621999979019165,15.270000457763672
2019-09-10,1490.300048828125,57.400001525878906,98.33000183105469,1.7020000219345093,15.199999809265137
2019-09-11,1494.4000244140625,55.75,98.6500015258789,1.7330000400543213,14.609999656677246
2019-09-12,1498.699951171875,55.09000015258789,98.30999755859375,1.7910000085830688,14.220000267028809
2019-09-13,1490.9000244140625,54.849998474121094,98.26000213623047,1.902999997138977,13.739999771118164
2019-09-16,1503.0999755859375,62.900001525878906,98.6500015258789,1.840999960899353,14.670000076293945
2019-09-17,1505.0999755859375,59.34000015258789,98.26000213623047,1.812000036239624,14.4399995803833
2019-09-18,1507.5,58.11000061035156,98.5999984741211,1.7860000133514404,13.949999809265137
2019-09-19,1498.4000244140625,58.130001068115234,98.2699966430664,1.7740000486373901,14.050000190734863
2019-09-20,1507.300048828125,58.09000015258789,98.51000213623047,1.7549999952316284,15.319999694824219
2019-09-23,1523.699951171875,58.63999938964844,98.5999984741211,1.7079999446868896,14.90999984741211
2019-09-24,1532.0999755859375,57.290000915527344,98.33999633789062,1.6349999904632568,17.049999237060547
2019-09-25,1504.5999755859375,56.4900016784668,99.04000091552734,1.7319999933242798,15.960000038146973
2019-09-26,1507.5,56.40999984741211,99.20999908447266,1.684999942779541,16.06999969482422
2019-09-27,1499.0999755859375,55.90999984741211,99.11000061035156,1.6749999523162842,17.219999313354492
2019-09-30,1465.699951171875,54.06999969482422,99.37999725341797,1.6749999523162842,16.239999771118164
2019-10-01,1482.0,53.619998931884766,99.12999725341797,1.6440000534057617,18.559999465942383
2019-10-02,1501.0,52.63999938964844,99.04000091552734,1.5959999561309814,20.559999465942383
2019-10-03,1507.0999755859375,52.45000076293945,98.86000061035156,1.5360000133514404,19.1200008392334
2019-10-04,1506.199951171875,52.810001373291016,98.80999755859375,1.5149999856948853,17.040000915527344
2019-10-07,1497.699951171875,52.75,98.98999786376953,1.5529999732971191,17.860000610351562
2019-10-08,1497.199951171875,52.630001068115234,99.13999938964844,1.5369999408721924,20.280000686645508
2019-10-09,1506.0999755859375,52.59000015258789,99.12000274658203,1.5889999866485596,18.639999389648438
2019-10-10,1494.800048828125,53.54999923706055,98.70999908447266,1.6579999923706055,17.56999969482422
2019-10-11,1482.699951171875,54.70000076293945,98.30000305175781,1.7519999742507935,15.579999923706055
2019-10-14,1491.699951171875,53.59000015258789,98.44999694824219,1.7330000400543213,14.569999694824219
2019-10-15,1477.5999755859375,52.810001373291016,98.29000091552734,1.7710000276565552,13.539999961853027
2019-10-16,1488.0,53.36000061035156,98.01000213623047,1.7480000257492065,13.680000305175781
2019-10-17,1492.300048828125,53.93000030517578,97.61000061035156,1.7569999694824219,13.789999961853027
2019-10-18,1488.199951171875,53.779998779296875,97.27999877929688,1.746999979019165,14.25
2019-10-21,1482.4000244140625,53.310001373291016,97.33000183105469,1.7920000553131104,14.0
2019-10-22,1481.699951171875,54.15999984741211,97.52999877929688,1.7680000066757202,14.460000038146973
2019-10-23,1489.9000244140625,55.970001220703125,97.47000122070312,1.7589999437332153,14.010000228881836
2019-10-24,1498.9000244140625,56.22999954223633,97.62999725341797,1.7660000324249268,13.710000038146973
2019-10-25,1499.5,56.65999984741211,97.83000183105469,1.8009999990463257,12.649999618530273
2019-10-28,1490.0,55.810001373291016,97.76000213623047,1.8530000448226929,13.109999656677246
2019-10-29,1487.0,55.540000915527344,97.69000244140625,1.8350000381469727,13.199999809265137
2019-10-30,1493.199951171875,55.060001373291016,97.6500015258789,1.7979999780654907,12.329999923706055
2019-10-31,1511.4000244140625,54.18000030517578,97.3499984741211,1.690999984741211,13.220000267028809
2019-11-01,1508.0,56.20000076293945,97.23999786376953,1.7280000448226929,12.300000190734863
2019-11-04,1508.0,56.540000915527344,97.51000213623047,1.7860000133514404,12.829999923706055
2019-11-05,1480.800048828125,57.22999954223633,97.9800033569336,1.8660000562667847,13.100000381469727
2019-11-06,1490.199951171875,56.349998474121094,97.94999694824219,1.8140000104904175,12.619999885559082
2019-11-07,1464.199951171875,57.150001525878906,98.13999938964844,1.9259999990463257,12.729999542236328
2019-11-08,1461.300048828125,57.2400016784668,98.3499984741211,1.9329999685287476,12.069999694824219
2019-11-11,1455.5,56.86000061035156,98.19999694824219,1.9429999589920044,12.6899995803833
2019-11-12,1452.0999755859375,56.79999923706055,98.30999755859375,1.909000039100647,12.680000305175781
2019-11-13,1461.699951171875,57.119998931884766,98.37000274658203,1.8700000047683716,13.0
2019-11-14,1471.800048828125,56.77000045776367,98.16000366210938,1.815000057220459,13.050000190734863
2019-11-15,1467.300048828125,57.720001220703125,98.0,1.8339999914169312,12.050000190734863
2019-11-18,1470.9000244140625,57.04999923706055,97.79000091552734,1.8079999685287476,12.460000038146973
2019-11-19,1473.300048828125,55.209999084472656,97.86000061035156,1.7860000133514404,12.859999656677246
2019-11-20,1473.300048828125,57.11000061035156,97.93000030517578,1.7380000352859497,12.779999732971191
2019-11-21,1463.0999755859375,58.58000183105469,97.98999786376953,1.7719999551773071,13.130000114440918
2019-11-22,1463.0999755859375,57.77000045776367,98.2699966430664,1.7740000486373901,12.34000015258789
2019-11-25,1456.5999755859375,58.0099983215332,98.31999969482422,1.7640000581741333,11.869999885559082
2019-11-26,1459.800048828125,58.40999984741211,98.25,1.7400000095367432,11.539999961853027
2019-11-27,1453.4000244140625,58.11000061035156,98.41000366210938,1.7669999599456787,11.75
2019-11-29,1465.5999755859375,55.16999816894531,98.2699966430664,1.7760000228881836,12.619999885559082
2019-12-02,1462.300048828125,55.959999084472656,97.86000061035156,1.8359999656677246,14.90999984741211
2019-12-03,1478.199951171875,56.099998474121094,97.73999786376953,1.7089999914169312,15.960000038146973
2019-12-04,1474.0,58.43000030517578,97.6500015258789,1.781000018119812,14.800000190734863
2019-12-05,1476.9000244140625,58.43000030517578,97.41000366210938,1.7970000505447388,14.520000457763672
2019-12-06,1459.0999755859375,59.20000076293945,97.69999694824219,1.8420000076293945,13.619999885559082
2019-12-09,1459.300048828125,59.02000045776367,97.63999938964844,1.8289999961853027,15.859999656677246
2019-12-10,1462.5999755859375,59.2400016784668,97.41000366210938,1.8329999446868896,15.680000305175781
2019-12-11,1469.4000244140625,58.7599983215332,97.16000366210938,1.7899999618530273,14.989999771118164
2019-12-12,1466.699951171875,59.18000030517578,97.4000015258789,1.8969999551773071,13.9399995803833
2019-12-13,1475.5999755859375,60.06999969482422,97.16999816894531,1.819000005722046,12.630000114440918
2019-12-16,1475.0,60.209999084472656,97.06999969482422,1.8919999599456787,12.140000343322754
2019-12-17,1474.5999755859375,60.939998626708984,97.20999908447266,1.8890000581741333,12.289999961853027
2019-12-18,1472.5999755859375,60.93000030517578,97.41000366210938,1.9240000247955322,12.579999923706055
2019-12-19,1478.199951171875,61.220001220703125,97.41999816894531,1.9079999923706055,12.5
2019-12-20,1474.699951171875,60.439998626708984,97.70999908447266,1.9170000553131104,12.510000228881836
2019-12-23,1482.5,60.52000045776367,97.66000366210938,1.934999942779541,12.609999656677246
2019-12-24,1499.0999755859375,61.11000061035156,97.6500015258789,1.909999966621399,12.670000076293945
2019-12-26,1509.300048828125,61.68000030517578,97.58999633789062,1.9049999713897705,12.649999618530273
2019-12-27,1513.800048828125,61.720001220703125,96.91999816894531,1.8739999532699585,13.430000305175781
2019-12-30,1514.5,61.68000030517578,96.73999786376953,1.8949999809265137,14.819999694824219
2019-12-31,1519.5,61.060001373291016,96.38999938964844,1.9190000295639038,13.779999732971191
2020-01-02,1524.5,61.18000030517578,96.8499984741211,1.8819999694824219,12.470000267028809
2020-01-03,1549.199951171875,63.04999923706055,96.83999633789062,1.7879999876022339,14.020000457763672
2020-01-06,1566.199951171875,63.27000045776367,96.66999816894531,1.8109999895095825,13.850000381469727
2020-01-07,1571.800048828125,62.70000076293945,96.9800033569336,1.8270000219345093,13.789999961853027
2020-01-08,1557.4000244140625,59.61000061035156,97.30000305175781,1.8739999532699585,13.449999809265137
2020-01-09,1551.699951171875,59.560001373291016,97.44999694824219,1.8580000400543213,12.539999961853027
2020-01-10,1557.5,59.040000915527344,97.36000061035156,1.8250000476837158,12.5600004196167
2020-01-13,1548.4000244140625,58.08000183105469,97.3499984741211,1.8480000495910645,12.319999694824219
2020-01-14,1542.4000244140625,58.22999954223633,97.37000274658203,1.8179999589920044,12.390000343322754
2020-01-15,1552.0999755859375,57.810001373291016,97.2300033569336,1.7879999876022339,12.420000076293945
2020-01-16,1549.0,58.52000045776367,97.31999969482422,1.809000015258789,12.319999694824219
2020-01-17,1558.800048828125,58.540000915527344,97.61000061035156,1.8359999656677246,12.100000381469727
2020-01-21,1556.4000244140625,58.34000015258789,97.52999877929688,1.7690000534057617,12.850000381469727
2020-01-22,1555.300048828125,56.7400016784668,97.52999877929688,1.7690000534057617,12.90999984741211
2020-01-23,1564.5999755859375,55.59000015258789,97.69000244140625,1.7400000095367432,12.979999542236328
2020-01-24,1571.0999755859375,54.189998626708984,97.8499984741211,1.680999994277954,14.5600004196167
2020-01-27,1576.800048828125,53.13999938964844,97.95999908447266,1.6050000190734863,18.229999542236328
2020-01-28,1569.199951171875,53.47999954223633,98.0199966430664,1.6410000324249268,16.280000686645508
2020-01-29,1569.800048828125,53.33000183105469,97.98999786376953,1.593999981880188,16.389999389648438
2020-01-30,1583.5,52.13999938964844,97.87000274658203,1.5579999685287476,15.489999771118164
2020-01-31,1582.9000244140625,51.560001373291016,97.38999938964844,1.5199999809265137,18.84000015258789
2020-02-03,1577.199951171875,50.11000061035156,97.80000305175781,1.5199999809265137,17.969999313354492
2020-02-04,1550.4000244140625,49.61000061035156,97.95999908447266,1.6030000448226929,16.049999237060547
2020-02-05,1557.800048828125,50.75,98.2699966430664,1.6490000486373901,15.149999618530273
2020-02-06,1565.0999755859375,50.95000076293945,98.5,1.6440000534057617,14.960000038146973
2020-02-07,1568.5999755859375,50.31999969482422,98.68000030517578,1.5779999494552612,15.470000267028809
2020-02-10,1574.699951171875,49.56999969482422,98.83000183105469,1.5470000505447388,15.039999961853027
2020-02-11,1565.5999755859375,49.939998626708984,98.72000122070312,1.590000033378601,15.180000305175781
2020-02-12,1567.4000244140625,51.16999816894531,99.05000305175781,1.6299999952316284,13.739999771118164
2020-02-13,1575.0999755859375,51.41999816894531,99.06999969482422,1.6169999837875366,14.149999618530273
2020-02-14,1582.699951171875,52.04999923706055,99.12000274658203,1.5880000591278076,13.680000305175781
2020-02-18,1600.0,52.04999923706055,99.45999908447266,1.555999994277954,14.829999923706055
2020-02-19,1607.5,53.290000915527344,99.5999984741211,1.5700000524520874,14.380000114440918
2020-02-20,1616.5999755859375,53.779998779296875,99.87000274658203,1.524999976158142,15.5600004196167
2020-02-21,1644.5999755859375,53.380001068115234,99.26000213623047,1.4709999561309814,17.079999923706055
2020-02-24,1672.4000244140625,51.43000030517578,99.29000091552734,1.3769999742507935,25.030000686645508
2020-02-25,1646.9000244140625,49.900001525878906,98.97000122070312,1.3300000429153442,27.850000381469727
2020-02-26,1640.0,48.72999954223633,99.0,1.309999942779541,27.559999465942383
2020-02-27,1640.0,47.09000015258789,98.44000244140625,1.2990000247955322,39.15999984741211
2020-02-28,1564.0999755859375,44.7599983215332,98.12999725341797,1.1269999742507935,40.11000061035156
2020-03-02,1592.300048828125,46.75,97.36000061035156,1.0880000591278076,33.41999816894531
2020-03-03,1642.0999755859375,47.18000030517578,97.1500015258789,1.0099999904632568,36.81999969482422
2020-03-04,1641.0999755859375,46.779998779296875,97.33999633789062,0.9919999837875366,31.989999771118164
2020-03-05,1666.4000244140625,45.900001525878906,96.81999969482422,0.9259999990463257,39.619998931884766
2020-03-06,1670.800048828125,41.279998779296875,95.94999694824219,0.7059999704360962,41.939998626708984
2020-03-09,1674.5,31.1299991607666,94.9000015258789,0.49900001287460327,54.459999084472656
2020-03-10,1659.0999755859375,34.36000061035156,96.41000366210938,0.7480000257492065,47.29999923706055
2020-03-11,1641.4000244140625,32.97999954223633,96.51000213623047,0.8199999928474426,53.900001525878906
2020-03-12,1589.300048828125,31.5,97.47000122070312,0.8489999771118164,75.47000122070312
2020-03-13,1515.699951171875,31.729999542236328,98.75,0.9509999752044678,57.83000183105469
2020-03-16,1485.9000244140625,28.700000762939453,98.08999633789062,0.7279999852180481,82.69000244140625
2020-03-17,1524.9000244140625,26.950000762939453,99.58000183105469,0.996999979019165,75.91000366210938
2020-03-18,1477.300048828125,20.3700008392334,101.16000366210938,1.2660000324249268,76.44999694824219
2020-03-19,1478.5999755859375,25.219999313354492,102.76000213623047,1.11899995803833,72.0
2020-03-20,1484.0,22.43000030517578,102.81999969482422,0.9380000233650208,66.04000091552734
2020-03-23,1567.0,23.360000610351562,102.48999786376953,0.7639999985694885,61.59000015258789
2020-03-24,1660.199951171875,24.010000228881836,101.73999786376953,0.8159999847412109,61.66999816894531
2020-03-25,1632.300048828125,24.489999771118164,101.05000305175781,0.8579999804496765,63.95000076293945
2020-03-26,1650.0999755859375,22.600000381469727,99.41999816894531,0.8109999895095825,61.0
2020-03-27,1623.9000244140625,21.510000228881836,98.37000274658203,0.7490000128746033,65.54000091552734
2020-03-30,1622.0,20.09000015258789,99.18000030517578,0.6700000166893005,57.08000183105469
2020-03-31,1583.4000244140625,20.479999542236328,99.05000305175781,0.6980000138282776,53.540000915527344
2020-04-01,1578.199951171875,20.309999465942383,99.66999816894531,0.6349999904632568,57.060001373291016
2020-04-02,1625.699951171875,25.31999969482422,100.18000030517578,0.6269999742507935,50.90999984741211
2020-04-03,1633.699951171875,28.34000015258789,100.58000183105469,0.5870000123977661,46.79999923706055
2020-04-06,1677.0,26.079999923706055,100.69000244140625,0.6759999990463257,45.2400016784668
2020-04-07,1664.800048828125,23.6299991607666,99.9800033569336,0.7360000014305115,46.70000076293945
2020-04-08,1665.4000244140625,25.09000015258789,100.12000274658203,0.7639999985694885,43.349998474121094
2020-04-09,1736.199951171875,22.760000228881836,99.5199966430664,0.7289999723434448,41.66999816894531
2020-04-13,1744.800048828125,22.40999984741211,99.3499984741211,0.7490000128746033,41.16999816894531
2020-04-14,1756.699951171875,20.110000610351562,98.88999938964844,0.7519999742507935,37.7599983215332
2020-04-15,1727.199951171875,19.8700008392334,99.45999908447266,0.6380000114440918,40.84000015258789
2020-04-16,1720.4000244140625,19.8700008392334,100.02999877929688,0.609000027179718,40.11000061035156
2020-04-17,1689.199951171875,18.270000457763672,99.77999877929688,0.6539999842643738,38.150001525878906
2020-04-20,1701.5999755859375,-37.630001068115234,99.95999908447266,0.6259999871253967,43.83000183105469
2020-04-21,1678.199951171875,10.010000228881836,100.26000213623047,0.5709999799728394,45.40999984741211
2020-04-22,1728.699951171875,13.779999732971191,100.38999938964844,0.6190000176429749,41.97999954223633
2020-04-23,1733.300048828125,16.5,100.43000030517578,0.6129999756813049,41.380001068115234
2020-04-24,1723.5,16.940000534057617,100.37999725341797,0.5960000157356262,35.93000030517578
2020-04-27,1711.9000244140625,12.779999732971191,100.04000091552734,0.656000018119812,33.290000915527344
2020-04-28,1710.5,12.34000015258789,99.87000274658203,0.6100000143051147,33.56999969482422
2020-04-29,1703.4000244140625,15.0600004196167,99.56999969482422,0.6269999742507935,31.229999542236328
2020-04-30,1684.199951171875,18.84000015258789,99.0199966430664,0.621999979019165,34.150001525878906
2020-05-01,1694.5,19.780000686645508,98.80000305175781,0.6420000195503235,37.189998626708984
2020-05-04,1706.9000244140625,20.389999389648438,99.4800033569336,0.6370000243186951,35.970001220703125
2020-05-05,1704.4000244140625,24.559999465942383,99.70999908447266,0.6570000052452087,33.61000061035156
2020-05-06,1684.199951171875,23.989999771118164,100.08999633789062,0.7110000252723694,34.119998931884766
2020-05-07,1721.800048828125,23.549999237060547,99.88999938964844,0.6309999823570251,31.440000534057617
2020-05-08,1709.9000244140625,24.739999771118164,99.7300033569336,0.6819999814033508,27.979999542236328
2020-05-11,1695.300048828125,24.139999389648438,100.23999786376953,0.7260000109672546,27.56999969482422
2020-05-12,1704.4000244140625,25.780000686645508,99.93000030517578,0.6779999732971191,33.040000915527344
2020-05-13,1713.9000244140625,25.290000915527344,100.23999786376953,0.6489999890327454,35.279998779296875
2020-05-14,1738.0999755859375,27.559999465942383,100.47000122070312,0.6190000176429749,32.61000061035156
2020-05-15,1753.4000244140625,29.43000030517578,100.4000015258789,0.6399999856948853,31.889999389648438
2020-05-18,1731.800048828125,31.81999969482422,99.66999816894531,0.7440000176429749,29.299999237060547
2020-05-19,1744.199951171875,32.5,99.37000274658203,0.7110000252723694,30.530000686645508
2020-05-20,1750.5999755859375,33.4900016784668,99.12000274658203,0.6800000071525574,27.989999771118164
2020-05-21,1720.5,33.91999816894531,99.37000274658203,0.6769999861717224,29.530000686645508
2020-05-22,1734.5999755859375,33.25,99.86000061035156,0.6570000052452087,28.15999984741211
2020-05-26,1704.800048828125,34.349998474121094,98.91000366210938,0.6980000138282776,28.010000228881836
2020-05-27,1710.300048828125,32.810001373291016,99.05999755859375,0.6800000071525574,27.6200008392334
2020-05-28,1713.300048828125,33.709999084472656,98.37999725341797,0.7049999833106995,28.59000015258789
2020-05-29,1736.9000244140625,35.4900016784668,98.33999633789062,0.6480000019073486,27.510000228881836
2020-06-01,1737.800048828125,35.439998626708984,97.83000183105469,0.6620000004768372,28.229999542236328
2020-06-02,1725.199951171875,36.810001373291016,97.66999816894531,0.6800000071525574,26.84000015258789
2020-06-03,1697.800048828125,37.290000915527344,97.27999877929688,0.7609999775886536,25.65999984741211
2020-06-04,1718.9000244140625,37.40999984741211,96.68000030517578,0.8199999928474426,25.809999465942383
2020-06-05,1676.199951171875,39.54999923706055,96.94000244140625,0.9039999842643738,24.520000457763672
2020-06-08,1698.300048828125,38.189998626708984,96.62000274658203,0.8840000033378601,25.809999465942383
2020-06-09,1714.699951171875,38.939998626708984,96.31999969482422,0.8289999961853027,27.56999969482422
2020-06-10,1713.300048828125,39.599998474121094,95.95999908447266,0.7480000257492065,27.56999969482422
2020-06-11,1732.0,36.34000015258789,96.7300033569336,0.652999997138977,40.790000915527344
2020-06-12,1729.300048828125,36.2599983215332,97.31999969482422,0.6990000009536743,36.09000015258789
2020-06-15,1720.300048828125,37.119998931884766,96.68000030517578,0.7020000219345093,34.400001525878906
2020-06-16,1729.5999755859375,38.380001068115234,96.95999908447266,0.7559999823570251,33.66999816894531
2020-06-17,1729.199951171875,37.959999084472656,97.16000366210938,0.7329999804496765,33.470001220703125
2020-06-18,1724.800048828125,38.84000015258789,97.41999816894531,0.6940000057220459,32.939998626708984
2020-06-19,1745.9000244140625,39.75,97.62000274658203,0.6970000267028809,35.119998931884766
2020-06-22,1756.699951171875,40.459999084472656,97.04000091552734,0.7039999961853027,31.770000457763672
2020-06-23,1772.0999755859375,40.369998931884766,96.69000244140625,0.7089999914169312,31.3700008392334
2020-06-24,1765.800048828125,38.0099983215332,97.1500015258789,0.6840000152587891,33.84000015258789
2020-06-25,1762.0999755859375,38.720001220703125,97.43000030517578,0.6740000247955322,32.220001220703125
2020-06-26,1772.5,38.4900016784668,97.5,0.6359999775886536,34.72999954223633
2020-06-29,1774.800048828125,39.70000076293945,97.54000091552734,0.6359999775886536,31.780000686645508
2020-06-30,1793.0,39.27000045776367,97.38999938964844,0.652999997138977,30.43000030517578
2020-07-01,1773.199951171875,39.81999969482422,97.19999694824219,0.6819999814033508,28.6200008392334
2020-07-02,1784.0,40.650001525878906,97.31999969482422,0.6690000295639038,27.68000030517578
2020-07-06,1788.5,40.630001068115234,96.79000091552734,0.6840000152587891,27.940000534057617
2020-07-07,1804.199951171875,40.619998931884766,96.87999725341797,0.6499999761581421,29.43000030517578
2020-07-08,1815.5,40.900001525878906,96.43000030517578,0.652999997138977,28.079999923706055
2020-07-09,1799.199951171875,39.619998931884766,96.69999694824219,0.6050000190734863,29.260000228881836
2020-07-10,1798.199951171875,40.54999923706055,96.6500015258789,0.6330000162124634,27.290000915527344
2020-07-13,1811.0,40.099998474121094,96.45999908447266,0.6399999856948853,32.189998626708984
2020-07-14,1810.5999755859375,40.290000915527344,96.26000213623047,0.6150000095367432,29.520000457763672
2020-07-15,1811.4000244140625,41.20000076293945,96.08000183105469,0.6299999952316284,27.760000228881836
2020-07-16,1798.699951171875,40.75,96.3499984741211,0.6119999885559082,28.0
2020-07-17,1808.300048828125,40.59000015258789,95.94000244140625,0.628000020980835,25.68000030517578
2020-07-20,1815.9000244140625,40.810001373291016,95.83000183105469,0.6200000047683716,24.459999084472656
2020-07-21,1842.4000244140625,41.959999084472656,95.12000274658203,0.6069999933242798,24.84000015258789
2020-07-22,1864.0999755859375,41.900001525878906,94.97000122070312,0.5950000286102295,24.31999969482422
2020-07-23,1889.0999755859375,41.06999969482422,94.69000244140625,0.5820000171661377,26.079999923706055
2020-07-24,1897.300048828125,41.290000915527344,94.44000244140625,0.5889999866485596,25.84000015258789
2020-07-27,1931.0,41.599998474121094,93.66999816894531,0.609000027179718,24.739999771118164
2020-07-28,1944.699951171875,41.040000915527344,93.76000213623047,0.5809999704360962,25.440000534057617
2020-07-29,1953.5,41.27000045776367,93.26000213623047,0.5789999961853027,24.100000381469727
2020-07-30,1942.300048828125,39.91999816894531,93.0199966430664,0.5410000085830688,24.760000228881836
2020-07-31,1962.800048828125,40.27000045776367,93.48999786376953,0.5360000133514404,24.459999084472656
2020-08-03,1966.0,41.0099983215332,93.5,0.5630000233650208,24.280000686645508
2020-08-04,2001.199951171875,41.70000076293945,93.37999725341797,0.5149999856948853,23.760000228881836
2020-08-05,2031.0999755859375,42.189998626708984,92.83000183105469,0.5429999828338623,22.989999771118164
2020-08-06,2051.5,41.95000076293945,92.79000091552734,0.5360000133514404,22.649999618530273
2020-08-07,2010.0999755859375,41.220001220703125,93.44000244140625,0.5619999766349792,22.209999084472656
2020-08-10,2024.4000244140625,41.939998626708984,93.58000183105469,0.5740000009536743,22.1299991607666
2020-08-11,1932.5999755859375,41.61000061035156,93.62999725341797,0.6579999923706055,24.030000686645508
2020-08-12,1934.9000244140625,42.66999816894531,93.44000244140625,0.6700000166893005,22.280000686645508
2020-08-13,1956.699951171875,42.2400016784668,93.33999633789062,0.7160000205039978,22.1299991607666
2020-08-14,1937.0,42.0099983215332,93.0999984741211,0.7089999914169312,22.049999237060547
2020-08-17,1985.0,42.88999938964844,92.8499984741211,0.6830000281333923,21.350000381469727
2020-08-18,1999.4000244140625,42.88999938964844,92.2699966430664,0.6690000295639038,21.510000228881836
2020-08-19,1958.699951171875,42.93000030517578,92.88999938964844,0.675000011920929,22.540000915527344
2020-08-20,1933.800048828125,42.58000183105469,92.79000091552734,0.6439999938011169,22.719999313354492
2020-08-21,1934.5999755859375,42.34000015258789,93.25,0.6399999856948853,22.540000915527344
2020-08-24,1927.699951171875,42.619998931884766,93.30000305175781,0.6460000276565552,22.3700008392334
2020-08-25,1911.800048828125,43.349998474121094,93.0199966430664,0.6819999814033508,22.030000686645508
2020-08-26,1940.699951171875,43.38999938964844,93.01000213623047,0.6869999766349792,23.270000457763672
2020-08-27,1921.5999755859375,43.040000915527344,93.01000213623047,0.7459999918937683,24.469999313354492
2020-08-28,1964.5999755859375,42.970001220703125,92.37000274658203,0.7289999723434448,22.959999084472656
2020-08-31,1967.5999755859375,42.61000061035156,92.13999938964844,0.6930000185966492,26.40999984741211
2020-09-01,1968.199951171875,42.7599983215332,92.33999633789062,0.671999990940094,26.1200008392334
2020-09-02,1934.4000244140625,41.5099983215332,92.8499984741211,0.6510000228881836,26.56999969482422
2020-09-03,1927.5999755859375,41.369998931884766,92.73999786376953,0.621999979019165,33.599998474121094
2020-09-04,1923.9000244140625,39.77000045776367,92.72000122070312,0.7210000157356262,30.75
2020-09-08,1933.0,36.7599983215332,93.4800033569336,0.6840000152587891,31.459999084472656
2020-09-09,1944.699951171875,38.04999923706055,93.26000213623047,0.703000009059906,28.809999465942383
2020-09-10,1954.199951171875,37.29999923706055,93.33999633789062,0.6850000023841858,29.709999084472656
2020-09-11,1937.800048828125,37.33000183105469,93.33000183105469,0.6690000295639038,26.8700008392334
2020-09-14,1953.0999755859375,37.2599983215332,93.06999969482422,0.6710000038146973,25.850000381469727
2020-09-15,1956.300048828125,38.279998779296875,93.05000305175781,0.6790000200271606,25.59000015258789
2020-09-16,1960.199951171875,40.15999984741211,93.20999908447266,0.6869999766349792,26.040000915527344
2020-09-17,1940.0,40.970001220703125,92.97000122070312,0.6840000152587891,26.459999084472656
2020-09-18,1952.0999755859375,41.11000061035156,92.93000030517578,0.6940000057220459,25.829999923706055
2020-09-21,1901.199951171875,39.310001373291016,93.54000091552734,0.6710000038146973,27.780000686645508
2020-09-22,1898.5999755859375,39.599998474121094,93.98999786376953,0.6639999747276306,26.860000610351562
2020-09-23,1859.9000244140625,39.93000030517578,94.38999938964844,0.6759999990463257,28.579999923706055
2020-09-24,1868.300048828125,40.310001373291016,94.3499984741211,0.6660000085830688,28.510000228881836
2020-09-25,1857.699951171875,40.25,94.58000183105469,0.6589999794960022,26.3799991607666
2020-09-28,1872.800048828125,40.599998474121094,94.26000213623047,0.6629999876022339,26.190000534057617
2020-09-29,1894.300048828125,39.290000915527344,93.88999938964844,0.6449999809265137,26.270000457763672
2020-09-30,1887.5,40.220001220703125,93.88999938964844,0.6769999861717224,26.3700008392334
2020-10-01,1908.4000244140625,38.720001220703125,93.70999908447266,0.6769999861717224,26.700000762939453
2020-10-02,1900.199951171875,37.04999923706055,93.83999633789062,0.6959999799728394,27.6299991607666
2020-10-05,1912.5,39.220001220703125,93.51000213623047,0.7620000243186951,27.959999084472656
2020-10-06,1901.0999755859375,40.66999816894531,93.83000183105469,0.7419999837875366,29.479999542236328
2020-10-07,1883.5999755859375,39.95000076293945,93.62999725341797,0.7850000262260437,28.059999465942383
2020-10-08,1888.5999755859375,41.189998626708984,93.61000061035156,0.7649999856948853,26.360000610351562
2020-10-09,1919.5,40.599998474121094,93.05999755859375,0.7749999761581421,25.0
2020-10-12,1922.5,39.43000030517578,93.06999969482422,0.7770000100135803,25.06999969482422
2020-10-13,1888.5,40.20000076293945,93.52999877929688,0.7269999980926514,26.06999969482422
2020-10-14,1901.300048828125,41.040000915527344,93.37999725341797,0.722000002861023,26.399999618530273
2020-10-15,1903.199951171875,40.959999084472656,93.86000061035156,0.7310000061988831,26.969999313354492
2020-10-16,1900.800048828125,40.880001068115234,93.68000030517578,0.7440000176429749,27.40999984741211
2020-10-19,1906.4000244140625,40.83000183105469,93.43000030517578,0.7609999775886536,29.18000030517578
2020-10-20,1910.4000244140625,41.459999084472656,93.06999969482422,0.796999990940094,29.350000381469727
2020-10-21,1924.5999755859375,40.029998779296875,92.61000061035156,0.8159999847412109,28.649999618530273
2020-10-22,1901.0999755859375,40.63999938964844,92.94999694824219,0.8479999899864197,28.110000610351562
2020-10-23,1902.0,39.849998474121094,92.7699966430664,0.8410000205039978,27.549999237060547
2020-10-26,1902.699951171875,38.560001373291016,93.05000305175781,0.8009999990463257,32.459999084472656
2020-10-27,1908.800048828125,39.56999969482422,92.94000244140625,0.777999997138977,33.349998474121094
2020-10-28,1876.199951171875,37.38999938964844,93.41000366210938,0.781000018119812,40.279998779296875
2020-10-29,1865.5999755859375,36.16999816894531,93.95999908447266,0.8349999785423279,37.59000015258789
2020-10-30,1877.4000244140625,35.790000915527344,94.04000091552734,0.8600000143051147,38.02000045776367
2020-11-02,1890.4000244140625,36.810001373291016,94.05000305175781,0.8489999771118164,37.130001068115234
2020-11-03,1908.5,37.65999984741211,93.55000305175781,0.8820000290870667,35.54999923706055
2020-11-04,1894.5999755859375,39.150001525878906,93.41000366210938,0.7680000066757202,29.56999969482422
2020-11-05,1945.300048828125,38.790000915527344,92.52999877929688,0.7760000228881836,27.579999923706055
2020-11-06,1950.300048828125,37.13999938964844,92.2300033569336,0.8199999928474426,24.860000610351562
2020-11-09,1853.199951171875,40.290000915527344,92.7300033569336,0.9580000042915344,25.75
2020-11-10,1875.4000244140625,41.36000061035156,92.75,0.972000002861023,24.799999237060547
2020-11-11,1860.699951171875,41.45000076293945,93.04000091552734,0.9580000042915344,23.450000762939453
2020-11-12,1872.5999755859375,41.119998931884766,92.95999908447266,0.8849999904632568,25.350000381469727
2020-11-13,1885.699951171875,40.130001068115234,92.76000213623047,0.8930000066757202,23.100000381469727
2020-11-16,1887.300048828125,41.34000015258789,92.56999969482422,0.906000018119812,22.450000762939453
2020-11-17,1884.5,41.43000030517578,92.41999816894531,0.871999979019165,22.709999084472656
2020-11-18,1873.5,41.81999969482422,92.31999969482422,0.8820000290870667,23.84000015258789
2020-11-19,1861.0999755859375,41.7400016784668,92.29000091552734,0.8539999723434448,23.110000610351562
2020-11-20,1872.5999755859375,42.150001525878906,92.38999938964844,0.8289999961853027,23.700000762939453
2020-11-23,1837.800048828125,43.060001373291016,92.51000213623047,0.8569999933242798,22.65999984741211
2020-11-24,1804.800048828125,44.90999984741211,92.2300033569336,0.8820000290870667,21.639999389648438
2020-11-25,1805.699951171875,45.709999084472656,91.98999786376953,0.878000020980835,21.25
2020-11-27,1781.9000244140625,45.529998779296875,91.79000091552734,0.8420000076293945,20.84000015258789
2020-11-30,1775.699951171875,45.34000015258789,91.87000274658203,0.843999981880188,20.56999969482422
2020-12-01,1814.0999755859375,44.54999923706055,91.30999755859375,0.9340000152587891,20.770000457763672
2020-12-02,1825.699951171875,45.279998779296875,91.12000274658203,0.9480000138282776,21.170000076293945
2020-12-03,1836.800048828125,45.63999938964844,90.70999908447266,0.9200000166893005,21.280000686645508
2020-12-04,1835.9000244140625,46.2599983215332,90.69999694824219,0.968999981880188,20.790000915527344
2020-12-07,1861.800048828125,45.7599983215332,90.79000091552734,0.9279999732971191,21.299999237060547
2020-12-08,1870.800048828125,45.599998474121094,90.97000122070312,0.9129999876022339,20.68000030517578
2020-12-09,1834.5999755859375,45.52000045776367,91.08999633789062,0.9409999847412109,22.270000457763672
2020-12-10,1833.5999755859375,46.779998779296875,90.79000091552734,0.9079999923706055,22.520000457763672
2020-12-11,1839.800048828125,46.56999969482422,90.9800033569336,0.8930000066757202,23.309999465942383
2020-12-14,1828.699951171875,46.9900016784668,90.70999908447266,0.8920000195503235,24.719999313354492
2020-12-15,1852.300048828125,47.619998931884766,90.47000122070312,0.9229999780654907,22.889999389648438
2020-12-16,1856.0999755859375,47.81999969482422,90.44999694824219,0.9200000166893005,22.5
2020-12-17,1887.199951171875,48.36000061035156,89.81999969482422,0.9300000071525574,21.93000030517578
2020-12-18,1885.699951171875,49.099998474121094,90.0199966430664,0.9480000138282776,21.56999969482422
2020-12-21,1879.199951171875,47.7400016784668,90.04000091552734,0.9409999847412109,25.15999984741211
2020-12-22,1866.5999755859375,47.02000045776367,90.6500015258789,0.9179999828338623,24.229999542236328
2020-12-23,1874.699951171875,48.119998931884766,90.41000366210938,0.9549999833106995,23.309999465942383
2020-12-24,1879.9000244140625,48.22999954223633,90.33000183105469,0.9279999732971191,21.530000686645508
2020-12-28,1877.199951171875,47.619998931884766,90.33999633789062,0.9330000281333923,21.700000762939453
2020-12-29,1879.699951171875,48.0,90.01000213623047,0.9350000023841858,23.079999923706055
2020-12-30,1891.0,48.400001525878906,89.62999725341797,0.9259999990463257,22.770000457763672
2020-12-31,1893.0999755859375,48.52000045776367,89.94000244140625,0.9169999957084656,22.75
2021-01-04,1944.699951171875,47.619998931884766,89.87999725341797,0.9169999957084656,26.969999313354492
2021-01-05,1952.699951171875,49.93000030517578,89.44000244140625,0.9549999833106995,25.34000015258789
2021-01-06,1906.9000244140625,50.630001068115234,89.52999877929688,1.0420000553131104,25.06999969482422
2021-01-07,1912.300048828125,50.83000183105469,89.83000183105469,1.0709999799728394,22.3700008392334
2021-01-08,1834.0999755859375,52.2400016784668,90.0999984741211,1.1050000190734863,21.559999465942383
2021-01-11,1849.5999755859375,52.25,90.54000091552734,1.1319999694824219,24.079999923706055
2021-01-12,1842.9000244140625,53.209999084472656,90.05000305175781,1.1380000114440918,23.329999923706055
2021-01-13,1853.5999755859375,52.90999984741211,90.31999969482422,1.0880000591278076,22.209999084472656
2021-01-14,1850.300048828125,53.56999969482422,90.23999786376953,1.128999948501587,23.25
2021-01-15,1829.300048828125,52.36000061035156,90.77999877929688,1.097000002861023,24.34000015258789
2021-01-19,1839.5,52.97999954223633,90.5,1.0920000076293945,23.239999771118164
2021-01-20,1865.9000244140625,53.2400016784668,90.47000122070312,1.090000033378601,21.579999923706055
2021-01-21,1865.300048828125,53.130001068115234,90.12999725341797,1.1089999675750732,21.31999969482422
2021-01-22,1855.699951171875,52.27000045776367,90.23999786376953,1.090999960899353,21.90999984741211
2021-01-25,1854.9000244140625,52.77000045776367,90.38999938964844,1.0399999618530273,23.190000534057617
2021-01-26,1850.699951171875,52.61000061035156,90.16999816894531,1.0399999618530273,23.020000457763672
2021-01-27,1844.9000244140625,52.849998474121094,90.6500015258789,1.0140000581741333,37.209999084472656
2021-01-28,1837.9000244140625,52.34000015258789,90.45999908447266,1.0570000410079956,30.209999084472656
2021-01-29,1847.300048828125,52.20000076293945,90.58000183105469,1.093000054359436,33.09000015258789
2021-02-01,1860.800048828125,53.54999923706055,91.0199966430664,1.0770000219345093,30.239999771118164
2021-02-02,1830.5,54.7599983215332,91.19999694824219,1.1050000190734863,25.559999465942383
2021-02-03,1832.199951171875,55.689998626708984,91.12000274658203,1.13100004196167,22.90999984741211
2021-02-04,1788.9000244140625,56.22999954223633,91.52999877929688,1.1390000581741333,21.770000457763672
2021-02-05,1810.9000244140625,56.849998474121094,91.04000091552734,1.1699999570846558,20.8700008392334
2021-02-08,1831.9000244140625,57.970001220703125,90.93000030517578,1.159999966621399,21.239999771118164
2021-02-09,1835.300048828125,58.36000061035156,90.44000244140625,1.156999945640564,21.6299991607666
2021-02-10,1840.5999755859375,58.68000030517578,90.37000274658203,1.1330000162124634,21.989999771118164
2021-02-11,1824.9000244140625,58.2400016784668,90.41999816894531,1.1579999923706055,21.25
2021-02-12,1821.5999755859375,59.470001220703125,90.4800033569336,1.2000000476837158,19.969999313354492
2021-02-16,1797.199951171875,60.04999923706055,90.51000213623047,1.2990000247955322,21.459999084472656
2021-02-17,1771.0999755859375,61.13999938964844,90.94999694824219,1.3009999990463257,21.5
2021-02-18,1773.4000244140625,60.52000045776367,90.58999633789062,1.2869999408721924,22.489999771118164
2021-02-19,1775.800048828125,59.2400016784668,90.36000061035156,1.3450000286102295,22.049999237060547
2021-02-22,1806.699951171875,61.4900016784668,90.01000213623047,1.3700000047683716,23.450000762939453
2021-02-23,1804.4000244140625,61.66999816894531,90.16999816894531,1.3619999885559082,23.110000610351562
2021-02-24,1796.4000244140625,63.220001220703125,90.18000030517578,1.3890000581741333,21.34000015258789
2021-02-25,1774.4000244140625,63.529998779296875,90.12999725341797,1.5180000066757202,28.889999389648438
2021-02-26,1728.0999755859375,61.5,90.93000030517578,1.4600000381469727,27.950000762939453
2021-03-01,1722.5,60.63999938964844,91.04000091552734,1.4459999799728394,23.350000381469727
2021-03-02,1733.0999755859375,59.75,90.79000091552734,1.4149999618530273,24.100000381469727
2021-03-03,1715.300048828125,61.279998779296875,90.94999694824219,1.4700000286102295,26.670000076293945
2021-03-04,1700.199951171875,63.83000183105469,91.62999725341797,1.5499999523162842,28.56999969482422
2021-03-05,1698.0,66.08999633789062,91.9800033569336,1.5540000200271606,24.65999984741211
2021-03-08,1677.699951171875,65.05000305175781,92.30999755859375,1.5959999561309814,25.469999313354492
2021-03-09,1716.5999755859375,64.01000213623047,91.95999908447266,1.5460000038146973,24.030000686645508
2021-03-10,1721.5,64.44000244140625,91.79000091552734,1.5199999809265137,22.559999465942383
2021-03-11,1722.300048828125,66.0199966430664,91.41999816894531,1.5269999504089355,21.90999984741211
2021-03-12,1719.5,65.61000061035156,91.68000030517578,1.6349999904632568,20.690000534057617
2021-03-15,1728.9000244140625,65.38999938964844,91.83000183105469,1.6069999933242798,20.030000686645508
2021-03-16,1730.5999755859375,64.80000305175781,91.87000274658203,1.621000051498413,19.790000915527344
2021-03-17,1726.800048828125,64.5999984741211,91.4000015258789,1.6410000324249268,19.229999542236328
2021-03-18,1732.199951171875,60.0,91.8499984741211,1.7300000190734863,21.579999923706055
2021-03-19,1741.4000244140625,61.41999816894531,91.91999816894531,1.7319999933242798,20.950000762939453
2021-03-22,1737.800048828125,61.54999923706055,91.80000305175781,1.684000015258789,18.8799991607666
2021-03-23,1724.699951171875,57.7599983215332,92.33999633789062,1.6380000114440918,20.299999237060547
2021-03-24,1732.9000244140625,61.18000030517578,92.52999877929688,1.6139999628067017,21.200000762939453
2021-03-25,1724.9000244140625,58.560001373291016,92.87999725341797,1.6139999628067017,19.809999465942383
2021-03-26,1732.199951171875,60.970001220703125,92.7699966430664,1.659999966621399,18.860000610351562
2021-03-29,1712.0999755859375,61.560001373291016,92.94000244140625,1.7209999561309814,20.739999771118164
2021-03-30,1683.9000244140625,60.54999923706055,93.30000305175781,1.7259999513626099,19.610000610351562
2021-03-31,1713.800048828125,59.15999984741211,93.2300033569336,1.746000051498413,19.399999618530273
2021-04-01,1726.5,61.45000076293945,92.93000030517578,1.6790000200271606,17.329999923706055
2021-04-05,1727.0,58.650001525878906,92.5999984741211,1.7200000286102295,17.90999984741211
2021-04-06,1741.5,59.33000183105469,92.33999633789062,1.656000018119812,18.1200008392334
2021-04-07,1740.0999755859375,59.77000045776367,92.45999908447266,1.652999997138977,17.15999984741211
2021-04-08,1756.800048828125,59.599998474121094,92.05999755859375,1.6319999694824219,16.950000762939453
2021-04-09,1743.300048828125,59.31999969482422,92.16000366210938,1.6660000085830688,16.690000534057617
2021-04-12,1731.199951171875,59.70000076293945,92.13999938964844,1.6749999523162842,16.90999984741211
2021-04-13,1746.199951171875,60.18000030517578,91.8499984741211,1.6230000257492065,16.649999618530273
2021-04-14,1734.9000244140625,63.150001525878906,91.69000244140625,1.6380000114440918,16.989999771118164
2021-04-15,1765.4000244140625,63.459999084472656,91.66999816894531,1.5299999713897705,16.56999969482422
2021-04-16,1779.0,63.130001068115234,91.55999755859375,1.5729999542236328,16.25
2021-04-19,1769.4000244140625,63.380001068115234,91.06999969482422,1.6009999513626099,17.290000915527344
2021-04-20,1777.300048828125,62.439998626708984,91.23999786376953,1.562000036239624,18.68000030517578
2021-04-21,1792.300048828125,61.349998474121094,91.16000366210938,1.5640000104904175,17.5
2021-04-22,1781.199951171875,61.43000030517578,91.33000183105469,1.5540000200271606,18.709999084472656
2021-04-23,1777.0,62.13999938964844,90.86000061035156,1.5670000314712524,17.329999923706055
2021-04-26,1779.199951171875,61.90999984741211,90.80999755859375,1.5700000524520874,17.639999389648438
2021-04-27,1778.0,62.939998626708984,90.91000366210938,1.621999979019165,17.559999465942383
2021-04-28,1773.199951171875,63.86000061035156,90.61000061035156,1.6200000047683716,17.280000686645508
2021-04-29,1768.0999755859375,65.01000213623047,90.61000061035156,1.6399999856948853,17.610000610351562
2021-04-30,1767.300048828125,63.58000183105469,91.27999877929688,1.63100004196167,18.610000610351562
2021-05-03,1791.4000244140625,64.48999786376953,90.94999694824219,1.6069999933242798,18.309999465942383
2021-05-04,1775.800048828125,65.69000244140625,91.29000091552734,1.5920000076293945,19.479999542236328
2021-05-05,1784.0999755859375,65.62999725341797,91.30999755859375,1.5839999914169312,19.149999618530273
2021-05-06,1815.5,64.70999908447266,90.94999694824219,1.5609999895095825,18.389999389648438
2021-05-07,1831.0999755859375,64.9000015258789,90.2300033569336,1.5770000219345093,16.690000534057617
2021-05-10,1837.5,64.91999816894531,90.20999908447266,1.6019999980926514,19.65999984741211
2021-05-11,1835.9000244140625,65.27999877929688,90.13999938964844,1.6239999532699585,21.84000015258789
2021-05-12,1822.5999755859375,66.08000183105469,90.70999908447266,1.6950000524520874,27.59000015258789
2021-05-13,1823.800048828125,63.81999969482422,90.75,1.6679999828338623,23.1299991607666
2021-05-14,1837.9000244140625,65.37000274658203,90.31999969482422,1.6349999904632568,18.809999465942383
2021-05-17,1867.5,66.2699966430664,90.22000122070312,1.6399999856948853,19.719999313354492
2021-05-18,1867.800048828125,65.48999786376953,89.75,1.6419999599456787,21.34000015258789
2021-05-19,1881.300048828125,63.36000061035156,90.19000244140625,1.6829999685287476,22.18000030517578
2021-05-20,1881.800048828125,62.04999923706055,89.80999755859375,1.6339999437332153,20.670000076293945
2021-05-21,1876.699951171875,63.58000183105469,90.0199966430664,1.6319999694824219,20.149999618530273
2021-05-24,1884.5999755859375,66.05000305175781,89.83000183105469,1.6080000400543213,18.399999618530273
2021-05-25,1898.0999755859375,66.06999969482422,89.63999938964844,1.5640000104904175,18.84000015258789
2021-05-26,1901.300048828125,66.20999908447266,90.04000091552734,1.5740000009536743,17.360000610351562
2021-05-27,1895.699951171875,66.8499984741211,89.97000122070312,1.6100000143051147,16.739999771118164
2021-05-28,1902.5,66.31999969482422,90.02999877929688,1.5809999704360962,16.760000228881836
2021-06-01,1902.9000244140625,67.72000122070312,89.83000183105469,1.6150000095367432,17.899999618530273
2021-06-02,1907.5,68.83000183105469,89.9000015258789,1.590999960899353,17.479999542236328
2021-06-03,1871.199951171875,68.80999755859375,90.5,1.625,18.040000915527344
2021-06-04,1889.800048828125,69.62000274658203,90.13999938964844,1.559999942779541,16.420000076293945
2021-06-07,1896.800048828125,69.2300033569336,89.94999694824219,1.569000005722046,16.420000076293945
2021-06-08,1892.199951171875,70.05000305175781,90.08000183105469,1.527999997138977,17.06999969482422
2021-06-09,1893.199951171875,69.95999908447266,90.12000274658203,1.4889999628067017,17.889999389648438
2021-06-10,1894.199951171875,70.29000091552734,90.08000183105469,1.4589999914169312,16.100000381469727
2021-06-11,1877.4000244140625,70.91000366210938,90.55999755859375,1.4620000123977661,15.649999618530273
2021-06-14,1864.0,70.87999725341797,90.5199966430664,1.5010000467300415,16.389999389648438
2021-06-15,1854.5,72.12000274658203,90.54000091552734,1.4989999532699585,17.020000457763672
2021-06-16,1859.5,72.1500015258789,91.12999725341797,1.569000005722046,18.149999618530273
2021-06-17,1773.800048828125,71.04000091552734,91.88999938964844,1.5110000371932983,17.75
2021-06-18,1767.9000244140625,71.63999938964844,92.2300033569336,1.4500000476837158,20.700000762939453
2021-06-21,1781.800048828125,73.66000366210938,91.86000061035156,1.4839999675750732,17.889999389648438
2021-06-22,1776.300048828125,73.05999755859375,91.7300033569336,1.472000002861023,16.65999984741211
2021-06-23,1782.300048828125,73.08000183105469,91.80000305175781,1.4869999885559082,16.31999969482422
2021-06-24,1775.5999755859375,73.30000305175781,91.81999969482422,1.4869999885559082,15.970000267028809
2021-06-25,1776.5999755859375,74.05000305175781,91.80999755859375,1.5360000133514404,15.619999885559082
2021-06-28,1779.5999755859375,72.91000366210938,91.87999725341797,1.4780000448226929,15.760000228881836
2021-06-29,1762.800048828125,72.9800033569336,92.05000305175781,1.4800000190734863,16.020000457763672
2021-06-30,1770.800048828125,73.47000122070312,92.44000244140625,1.4429999589920044,15.829999923706055
2021-07-01,1775.9000244140625,75.2300033569336,92.5999984741211,1.4800000190734863,15.479999542236328
2021-07-02,1782.5999755859375,75.16000366210938,92.2300033569336,1.430999994277954,15.069999694824219
2021-07-06,1793.5,73.37000274658203,92.55000305175781,1.3700000047683716,16.440000534057617
2021-07-07,1801.5,72.19999694824219,92.63999938964844,1.3209999799728394,16.200000762939453
2021-07-08,1799.5999755859375,72.94000244140625,92.36000061035156,1.2879999876022339,19.0
2021-07-09,1810.0,74.55999755859375,92.12999725341797,1.3559999465942383,16.18000030517578
2021-07-12,1805.5,74.0999984741211,92.2300033569336,1.3630000352859497,16.170000076293945
2021-07-13,1809.4000244140625,75.25,92.75,1.4149999618530273,17.1200008392334
2021-07-14,1824.300048828125,73.12999725341797,92.41000366210938,1.3559999465942383,16.329999923706055
2021-07-15,1828.4000244140625,71.6500015258789,92.62000274658203,1.2970000505447388,17.010000228881836
2021-07-16,1814.5,71.80999755859375,92.69000244140625,1.2999999523162842,18.450000762939453
2021-07-19,1808.699951171875,66.41999816894531,92.88999938964844,1.180999994277954,22.5
2021-07-20,1810.9000244140625,67.41999816894531,92.97000122070312,1.2089999914169312,19.729999542236328
2021-07-21,1802.9000244140625,70.30000305175781,92.75,1.2799999713897705,17.90999984741211
2021-07-22,1805.0,71.91000366210938,92.81999969482422,1.2649999856948853,17.690000534057617
2021-07-23,1801.4000244140625,72.06999969482422,92.91000366210938,1.2860000133514404,17.200000762939453
2021-07-26,1798.699951171875,71.91000366210938,92.6500015258789,1.2760000228881836,17.579999923706055
2021-07-27,1799.5,71.6500015258789,92.43000030517578,1.2339999675750732,19.360000610351562
2021-07-28,1799.5,72.38999938964844,92.31999969482422,1.2610000371932983,18.309999465942383
2021-07-29,1831.199951171875,73.62000274658203,91.86000061035156,1.2690000534057617,17.700000762939453
2021-07-30,1812.5999755859375,73.94999694824219,92.16999816894531,1.2389999628067017,18.239999771118164
2021-08-02,1818.0999755859375,71.26000213623047,92.05000305175781,1.1740000247955322,19.459999084472656
2021-08-03,1810.0999755859375,70.55999755859375,92.08000183105469,1.1759999990463257,18.040000915527344
2021-08-04,1810.5,68.1500015258789,92.2699966430664,1.184000015258789,17.969999313354492
2021-08-05,1805.0999755859375,69.08999633789062,92.23999786376953,1.2170000076293945,17.280000686645508
2021-08-06,1760.0,68.27999877929688,92.80000305175781,1.2899999618530273,16.149999618530273
2021-08-09,1723.4000244140625,66.4800033569336,92.94999694824219,1.3170000314712524,16.719999313354492
2021-08-10,1728.800048828125,68.29000091552734,93.05999755859375,1.3420000076293945,16.790000915527344
2021-08-11,1750.4000244140625,69.25,92.91000366210938,1.3289999961853027,16.170000076293945
2021-08-12,1749.0,69.08999633789062,93.04000091552734,1.3669999837875366,15.59000015258789
2021-08-13,1775.199951171875,68.44000244140625,92.5199966430664,1.2970000505447388,15.449999809265137
2021-08-16,1786.9000244140625,67.29000091552734,92.62999725341797,1.2569999694824219,16.1200008392334
2021-08-17,1785.0,66.58999633789062,93.12999725341797,1.2580000162124634,17.90999984741211
2021-08-18,1781.5999755859375,65.45999908447266,93.13999938964844,1.2730000019073486,21.56999969482422
2021-08-19,1780.199951171875,63.689998626708984,93.56999969482422,1.2419999837875366,21.670000076293945
2021-08-20,1781.0,62.31999969482422,93.5,1.2599999904632568,18.559999465942383
2021-08-23,1803.199951171875,65.63999938964844,92.95999908447266,1.2549999952316284,17.149999618530273
2021-08-24,1805.5999755859375,67.54000091552734,92.88999938964844,1.2899999618530273,17.219999313354492
2021-08-25,1788.199951171875,68.36000061035156,92.83000183105469,1.3420000076293945,16.790000915527344
2021-08-26,1792.199951171875,67.41999816894531,93.05999755859375,1.3420000076293945,18.84000015258789
2021-08-27,1816.5999755859375,68.73999786376953,92.69000244140625,1.312000036239624,16.389999389648438
2021-08-30,1809.0,69.20999908447266,92.6500015258789,1.284999966621399,16.190000534057617
2021-08-31,1815.0,68.5,92.62999725341797,1.3040000200271606,16.479999542236328
2021-09-01,1813.0999755859375,68.58999633789062,92.44999694824219,1.3020000457763672,16.110000610351562
2021-09-02,1808.699951171875,69.98999786376953,92.2300033569336,1.2940000295639038,16.40999984741211
2021-09-03,1830.9000244140625,69.29000091552734,92.04000091552734,1.3220000267028809,16.40999984741211
2021-09-07,1795.9000244140625,68.3499984741211,92.5199966430664,1.3700000047683716,18.139999389648438
2021-09-08,1790.699951171875,69.30000305175781,92.6500015258789,1.3339999914169312,17.959999084472656
2021-09-09,1797.4000244140625,68.13999938964844,92.4800033569336,1.2990000247955322,18.799999237060547
2021-09-10,1789.5999755859375,69.72000122070312,92.58000183105469,1.340999960899353,20.950000762939453
2021-09-13,1792.0,70.44999694824219,92.62000274658203,1.3240000009536743,19.3700008392334
2021-09-14,1804.699951171875,70.45999908447266,92.6500015258789,1.2769999504089355,19.459999084472656
2021-09-15,1792.4000244140625,72.61000061035156,92.48999786376953,1.3040000200271606,18.18000030517578
2021-09-16,1754.5999755859375,72.61000061035156,92.86000061035156,1.3309999704360962,18.690000534057617
2021-09-17,1749.4000244140625,71.97000122070312,93.19999694824219,1.3700000047683716,20.809999465942383
2021-09-20,1761.800048828125,70.29000091552734,93.23999786376953,1.309000015258789,25.709999084472656
2021-09-21,1776.0,70.55999755859375,93.19999694824219,1.3240000009536743,24.360000610351562
2021-09-22,1776.699951171875,72.2300033569336,93.45999908447266,1.3359999656677246,20.8700008392334
2021-09-23,1747.699951171875,73.30000305175781,93.0999984741211,1.409999966621399,18.6299991607666
2021-09-24,1749.699951171875,73.9800033569336,93.33000183105469,1.4600000381469727,17.75
2021-09-27,1750.0,75.44999694824219,93.37999725341797,1.4839999675750732,18.760000228881836
2021-09-28,1735.800048828125,75.29000091552734,93.7699966430664,1.534000039100647,23.25
2021-09-29,1721.5,74.83000183105469,94.33999633789062,1.5410000085830688,22.559999465942383
2021-09-30,1755.300048828125,75.02999877929688,94.25,1.5290000438690186,23.139999389648438
2021-10-01,1757.0,75.87999725341797,94.04000091552734,1.4789999723434448,21.100000381469727
2021-10-04,1766.199951171875,77.62000274658203,93.80999755859375,1.4809999465942383,22.959999084472656
2021-10-05,1759.5999755859375,78.93000030517578,93.9800033569336,1.5290000438690186,21.299999237060547
2021-10-06,1760.5,77.43000030517578,94.2699966430664,1.5240000486373901,21.0
2021-10-07,1757.9000244140625,78.30000305175781,94.22000122070312,1.5709999799728394,19.540000915527344
2021-10-08,1756.300048828125,79.3499984741211,94.06999969482422,1.6050000190734863,18.770000457763672
2021-10-11,1754.5999755859375,80.5199966430664,94.31999969482422,1.6139999628067017,20.0
2021-10-12,1758.300048828125,80.63999938964844,94.5199966430664,1.5800000429153442,19.850000381469727
2021-10-13,1793.699951171875,80.44000244140625,94.08000183105469,1.5490000247955322,18.639999389648438
2021-10-14,1796.699951171875,81.30999755859375,93.95999908447266,1.5190000534057617,16.860000610351562
2021-10-15,1767.199951171875,82.27999877929688,93.94000244140625,1.5759999752044678,16.299999237060547
2021-10-18,1764.800048828125,82.44000244140625,93.94999694824219,1.5839999914169312,16.309999465942383
2021-10-19,1769.699951171875,82.95999908447266,93.79000091552734,1.6349999904632568,15.699999809265137
2021-10-20,1784.0999755859375,83.87000274658203,93.55999755859375,1.6360000371932983,15.489999771118164
2021-10-21,1781.199951171875,82.5,93.7699966430664,1.6759999990463257,15.010000228881836
2021-10-22,1795.5,83.76000213623047,93.61000061035156,1.6549999713897705,15.430000305175781
2021-10-25,1806.0,83.76000213623047,93.80999755859375,1.6349999904632568,15.239999771118164
2021-10-26,1792.699951171875,84.6500015258789,93.94999694824219,1.61899995803833,15.979999542236328
2021-10-27,1797.9000244140625,82.66000366210938,93.86000061035156,1.5290000438690186,16.979999542236328
2021-10-28,1801.5999755859375,82.80999755859375,93.3499984741211,1.5679999589920044,16.530000686645508
2021-10-29,1783.0,83.56999969482422,94.12000274658203,1.5570000410079956,16.260000228881836
2021-11-01,1795.0999755859375,84.05000305175781,93.87999725341797,1.5750000476837158,16.40999984741211
2021-11-02,1788.699951171875,83.91000366210938,94.08999633789062,1.5490000247955322,16.030000686645508
2021-11-03,1763.5999755859375,80.86000061035156,93.86000061035156,1.5789999961853027,15.100000381469727
2021-11-04,1793.0,78.80999755859375,94.3499984741211,1.5240000486373901,15.4399995803833
2021-11-05,1816.4000244140625,81.2699966430664,94.31999969482422,1.4529999494552612,16.479999542236328
2021-11-08,1827.4000244140625,81.93000030517578,94.05000305175781,1.496999979019165,17.219999313354492
2021-11-09,1830.199951171875,84.1500015258789,93.95999908447266,1.4320000410079956,17.780000686645508
2021-11-10,1847.5999755859375,81.33999633789062,94.8499984741211,1.559999942779541,18.729999542236328
2021-11-11,1863.199951171875,81.58999633789062,95.18000030517578,1.559999942779541,17.65999984741211
2021-11-12,1867.9000244140625,80.79000091552734,95.12999725341797,1.5820000171661377,16.290000915527344
2021-11-15,1866.0999755859375,80.87999725341797,95.41000366210938,1.6230000257492065,16.489999771118164
2021-11-16,1853.5999755859375,80.76000213623047,95.91999816894531,1.6339999437332153,16.3700008392334
2021-11-17,1869.699951171875,78.36000061035156,95.83000183105469,1.6039999723434448,17.110000610351562
2021-11-18,1861.0,79.01000213623047,95.54000091552734,1.5889999866485596,17.59000015258789
2021-11-19,1851.199951171875,76.0999984741211,96.06999969482422,1.5360000133514404,17.90999984741211
2021-11-22,1806.0,76.75,96.5,1.625,19.170000076293945
2021-11-23,1783.5,78.5,96.48999786376953,1.6670000553131104,19.3799991607666
2021-11-24,1784.0999755859375,78.38999938964844,96.83999633789062,1.6449999809265137,18.579999923706055
2021-11-26,1785.300048828125,68.1500015258789,96.08999633789062,1.4819999933242798,28.6200008392334
2021-11-29,1782.300048828125,69.94999694824219,96.33999633789062,1.5299999713897705,22.959999084472656
2021-11-30,1773.5999755859375,66.18000030517578,95.98999786376953,1.4429999589920044,27.190000534057617
2021-12-01,1781.5999755859375,65.56999969482422,96.05000305175781,1.434000015258789,31.1200008392334
2021-12-02,1760.699951171875,66.5,96.12999725341797,1.4479999542236328,27.950000762939453
2021-12-03,1782.0,66.26000213623047,96.12000274658203,1.343000054359436,30.670000076293945
2021-12-06,1777.5,69.48999786376953,96.29000091552734,1.434000015258789,27.18000030517578
2021-12-07,1782.5999755859375,72.05000305175781,96.37000274658203,1.4800000190734863,21.889999389648438
2021-12-08,1783.4000244140625,72.36000061035156,95.88999938964844,1.5089999437332153,19.899999618530273
2021-12-09,1774.5999755859375,70.94000244140625,96.2699966430664,1.4869999885559082,21.579999923706055
2021-12-10,1782.9000244140625,71.66999816894531,96.05000305175781,1.4889999628067017,18.690000534057617
2021-12-13,1786.300048828125,71.29000091552734,96.31999969482422,1.4240000247955322,20.309999465942383
2021-12-14,1770.4000244140625,70.7300033569336,96.56999969482422,1.437999963760376,21.889999389648438
2021-12-15,1762.5999755859375,70.87000274658203,96.51000213623047,1.4630000591278076,19.290000915527344
2021-12-16,1796.5999755859375,72.37999725341797,96.04000091552734,1.4220000505447388,20.56999969482422
2021-12-17,1803.800048828125,70.86000061035156,96.56999969482422,1.4019999504089355,21.56999969482422
2021-12-20,1793.699951171875,68.2300033569336,96.55000305175781,1.4190000295639038,22.8700008392334
2021-12-21,1787.9000244140625,71.12000274658203,96.48999786376953,1.4869999885559082,21.010000228881836
2021-12-22,1801.5999755859375,72.76000213623047,96.08000183105469,1.4570000171661377,18.6299991607666
2021-12-23,1811.199951171875,73.79000091552734,96.0199966430664,1.4930000305175781,17.959999084472656
2021-12-27,1808.0999755859375,75.56999969482422,96.08999633789062,1.4809999465942383,17.68000030517578
2021-12-28,1810.199951171875,75.9800033569336,96.19999694824219,1.4809999465942383,17.540000915527344
2021-12-29,1805.0999755859375,76.55999755859375,95.93000030517578,1.5429999828338623,16.950000762939453
2021-12-30,1812.699951171875,76.98999786376953,95.97000122070312,1.5149999856948853,17.329999923706055
2021-12-31,1827.5,75.20999908447266,95.66999816894531,1.5119999647140503,17.219999313354492
2022-01-03,1799.4000244140625,76.08000183105469,96.23999786376953,1.628000020980835,16.600000381469727
2022-01-04,1814.0,76.98999786376953,96.29000091552734,1.6679999828338623,16.90999984741211
2022-01-05,1824.5999755859375,77.8499984741211,96.19000244140625,1.7050000429153442,19.729999542236328
2022-01-06,1788.699951171875,79.45999908447266,96.25,1.7330000400543213,19.610000610351562
2022-01-07,1797.0,78.9000015258789,95.73999786376953,1.7710000276565552,18.760000228881836
2022-01-10,1798.4000244140625,78.2300033569336,95.98999786376953,1.7799999713897705,19.399999618530273
2022-01-11,1818.5999755859375,81.22000122070312,95.62000274658203,1.746000051498413,18.40999984741211
2022-01-12,1827.199951171875,82.63999938964844,95.0,1.725000023841858,17.6200008392334
2022-01-13,1821.199951171875,82.12000274658203,94.79000091552734,1.7109999656677246,20.309999465942383
2022-01-14,1816.5,83.81999969482422,95.16999816894531,1.7719999551773071,19.190000534057617
2022-01-18,1812.300048828125,85.43000030517578,95.7300033569336,1.8650000095367432,22.790000915527344
2022-01-19,1843.0999755859375,86.95999908447266,95.51000213623047,1.8270000219345093,23.850000381469727
2022-01-20,1842.5,86.9000015258789,95.73999786376953,1.8329999446868896,25.59000015258789
2022-01-21,1831.800048828125,85.13999938964844,95.63999938964844,1.746999979019165,28.850000381469727
2022-01-24,1841.699951171875,83.30999755859375,95.91999816894531,1.7350000143051147,29.899999618530273
2022-01-25,1852.699951171875,85.5999984741211,95.94999694824219,1.7829999923706055,31.15999984741211
2022-01-26,1829.9000244140625,87.3499984741211,96.48999786376953,1.8480000495910645,31.959999084472656
2022-01-27,1793.300048828125,86.61000061035156,97.26000213623047,1.8070000410079956,30.489999771118164
2022-01-28,1784.9000244140625,86.81999969482422,97.2699966430664,1.781999945640564,27.65999984741211
2022-01-31,1795.0,88.1500015258789,96.54000091552734,1.781999945640564,24.829999923706055
2022-02-01,1800.300048828125,88.19999694824219,96.38999938964844,1.7999999523162842,21.959999084472656
2022-02-02,1809.199951171875,88.26000213623047,95.94000244140625,1.7660000324249268,22.09000015258789
2022-02-03,1803.0,90.2699966430664,95.37999725341797,1.8270000219345093,24.350000381469727
2022-02-04,1806.5999755859375,92.30999755859375,95.4800033569336,1.9299999475479126,23.219999313354492
2022-02-07,1820.5999755859375,91.31999969482422,95.4000015258789,1.9160000085830688,22.860000610351562
2022-02-08,1826.5999755859375,89.36000061035156,95.63999938964844,1.9539999961853027,21.440000534057617
2022-02-09,1835.199951171875,89.66000366210938,95.48999786376953,1.9290000200271606,19.959999084472656
2022-02-10,1836.199951171875,89.87999725341797,95.55000305175781,2.0309998989105225,23.90999984741211
2022-02-11,1840.800048828125,93.0999984741211,96.08000183105469,1.9550000429153442,27.360000610351562
2022-02-14,1868.0,95.45999908447266,96.37000274658203,1.996000051498413,28.329999923706055
2022-02-15,1854.800048828125,92.06999969482422,95.98999786376953,2.0450000762939453,25.700000762939453
2022-02-16,1870.199951171875,93.66000366210938,95.69999694824219,2.046999931335449,24.290000915527344
2022-02-17,1900.699951171875,91.76000213623047,95.80000305175781,1.972000002861023,28.110000610351562
2022-02-18,1898.5999755859375,91.06999969482422,96.04000091552734,1.9320000410079956,27.75
2022-02-22,1906.0999755859375,92.3499984741211,96.02999877929688,1.9479999542236328,28.809999465942383
2022-02-23,1909.199951171875,92.0999984741211,96.19000244140625,1.9769999980926514,31.020000457763672
2022-02-24,1925.0999755859375,92.80999755859375,97.13999938964844,1.968999981880188,30.31999969482422
2022-02-25,1886.5,91.58999633789062,96.62000274658203,1.9859999418258667,27.59000015258789
2022-02-28,1899.4000244140625,95.72000122070312,96.70999908447266,1.8389999866485596,30.149999618530273
2022-03-01,1942.4000244140625,103.41000366210938,97.41000366210938,1.7070000171661377,33.31999969482422
2022-03-02,1920.9000244140625,110.5999984741211,97.38999938964844,1.8650000095367432,30.739999771118164
2022-03-03,1934.4000244140625,107.66999816894531,97.79000091552734,1.843999981880188,30.479999542236328
2022-03-04,1965.0999755859375,115.68000030517578,98.6500015258789,1.7239999771118164,31.979999542236328
2022-03-07,1993.9000244140625,119.4000015258789,99.29000091552734,1.7510000467300415,36.45000076293945
2022-03-08,2040.0999755859375,123.69999694824219,99.05999755859375,1.871999979019165,35.130001068115234
2022-03-09,1985.9000244140625,108.69999694824219,97.97000122070312,1.9479999542236328,32.45000076293945
2022-03-10,1998.0999755859375,106.0199966430664,98.51000213623047,2.010999917984009,30.229999542236328
2022-03-11,1982.699951171875,109.33000183105469,99.12000274658203,2.003999948501587,30.75
2022-03-14,1959.5999755859375,103.01000213623047,99.05999755859375,2.140000104904175,31.770000457763672
2022-03-15,1928.5,96.44000244140625,99.06999969482422,2.1600000858306885,29.829999923706055
2022-03-16,1908.0,95.04000091552734,98.37999725341797,2.187999963760376,26.670000076293945
2022-03-17,1942.0999755859375,102.9800033569336,98.01000213623047,2.191999912261963,25.670000076293945
2022-03-18,1928.199951171875,104.69999694824219,98.2300033569336,2.1480000019073486,23.8700008392334
2022-03-21,1928.5999755859375,112.12000274658203,98.5,2.315000057220459,23.530000686645508
2022-03-22,1920.699951171875,111.76000213623047,98.48999786376953,2.372999906539917,22.940000534057617
2022-03-23,1936.5999755859375,114.93000030517578,98.62000274658203,2.321000099182129,23.56999969482422
2022-03-24,1961.5999755859375,112.33999633789062,98.79000091552734,2.3410000801086426,21.670000076293945
2022-03-25,1953.800048828125,113.9000015258789,98.80999755859375,2.492000102996826,20.809999465942383
2022-03-28,1939.5999755859375,105.95999908447266,99.08999633789062,2.4769999980926514,19.6299991607666
2022-03-29,1912.0,104.23999786376953,98.4000015258789,2.4000000953674316,18.899999618530273
2022-03-30,1933.5,107.81999969482422,97.79000091552734,2.3580000400543213,19.329999923706055
2022-03-31,1949.199951171875,100.27999877929688,98.30999755859375,2.3269999027252197,20.559999465942383
2022-04-01,1919.0999755859375,99.2699966430664,98.62999725341797,2.377000093460083,19.6299991607666
2022-04-04,1929.199951171875,103.27999877929688,98.98999786376953,2.4119999408721924,18.56999969482422
2022-04-05,1922.9000244140625,101.95999908447266,99.47000122070312,2.555999994277954,21.030000686645508
2022-04-06,1918.4000244140625,96.2300033569336,99.5999984741211,2.6089999675750732,22.100000381469727
2022-04-07,1933.800048828125,96.02999877929688,99.75,2.6519999504089355,21.549999237060547
2022-04-08,1941.5999755859375,98.26000213623047,99.80000305175781,2.7130000591278076,21.15999984741211
2022-04-11,1944.300048828125,94.29000091552734,99.93000030517578,2.7799999713897705,24.3700008392334
2022-04-12,1972.0999755859375,100.5999984741211,100.29000091552734,2.7249999046325684,24.260000228881836
2022-04-13,1981.0,104.25,99.87999725341797,2.687000036239624,21.81999969482422
2022-04-14,1970.9000244140625,106.94999694824219,100.31999969482422,2.828000068664551,22.700000762939453
2022-04-18,1982.9000244140625,108.20999908447266,100.77999877929688,2.861999988555908,22.170000076293945
2022-04-19,1955.699951171875,102.55999755859375,100.95999908447266,2.9130001068115234,21.3700008392334
2022-04-20,1952.300048828125,102.75,100.38999938964844,2.8399999141693115,20.31999969482422
2022-04-21,1944.9000244140625,103.79000091552734,100.58000183105469,2.9170000553131104,22.68000030517578
2022-04-22,1931.0,102.06999969482422,101.22000122070312,2.9059998989105225,28.209999084472656
2022-04-25,1893.199951171875,98.54000091552734,101.75,2.8259999752044678,27.020000457763672
2022-04-26,1901.4000244140625,101.69999694824219,102.30000305175781,2.7720000743865967,33.52000045776367
2022-04-27,1885.9000244140625,102.0199966430664,102.94999694824219,2.818000078201294,31.600000381469727
2022-04-28,1888.699951171875,105.36000061035156,103.62000274658203,2.86299991607666,29.989999771118164
2022-04-29,1909.300048828125,104.69000244140625,102.95999908447266,2.88700008392334,33.400001525878906
2022-05-02,1861.800048828125,105.16999816894531,103.73999786376953,2.996000051498413,32.34000015258789
2022-05-03,1868.800048828125,102.41000366210938,103.47000122070312,2.9600000381469727,29.25
2022-05-04,1867.0,107.80999755859375,102.58999633789062,2.9170000553131104,25.420000076293945
2022-05-05,1874.0,108.26000213623047,103.75,3.065999984741211,31.200000762939453
2022-05-06,1881.199951171875,109.7699966430664,103.66000366210938,3.122999906539917,30.190000534057617
2022-05-09,1857.0999755859375,103.08999633789062,103.6500015258789,3.0789999961853027,34.75
2022-05-10,1839.9000244140625,99.76000213623047,103.91999816894531,2.993000030517578,32.9900016784668
2022-05-11,1852.5999755859375,105.70999908447266,103.8499984741211,2.9210000038146973,32.560001373291016
2022-05-12,1823.800048828125,106.12999725341797,104.8499984741211,2.816999912261963,31.770000457763672
2022-05-13,1807.4000244140625,110.48999786376953,104.55999755859375,2.934999942779541,28.8700008392334
2022-05-16,1813.5,114.19999694824219,104.19000244140625,2.877000093460083,27.469999313354492
2022-05-17,1818.199951171875,112.4000015258789,103.36000061035156,2.9679999351501465,26.100000381469727
2022-05-18,1815.9000244140625,109.58999633789062,103.80999755859375,2.885999917984009,30.959999084472656
2022-05-19,1841.199951171875,112.20999908447266,102.72000122070312,2.8550000190734863,29.350000381469727
2022-05-20,1841.800048828125,113.2300033569336,103.1500015258789,2.7869999408721924,29.43000030517578
2022-05-23,1847.800048828125,110.29000091552734,102.08000183105469,2.8589999675750732,28.479999542236328
2022-05-24,1865.0999755859375,109.7699966430664,101.86000061035156,2.759999990463257,29.450000762939453
2022-05-25,1846.199951171875,110.33000183105469,102.05999755859375,2.749000072479248,28.3700008392334
2022-05-26,1847.4000244140625,114.08999633789062,101.83000183105469,2.75600004196167,27.5
2022-05-27,1851.300048828125,115.06999969482422,101.66999816894531,2.743000030517578,25.719999313354492
2022-05-31,1842.699951171875,114.66999816894531,101.75,2.8440001010894775,26.190000534057617
2022-06-01,1843.300048828125,115.26000213623047,102.55000305175781,2.930999994277954,25.690000534057617
2022-06-02,1866.5,116.87000274658203,101.7699966430664,2.9130001068115234,24.719999313354492
2022-06-03,1845.4000244140625,118.87000274658203,102.13999938964844,2.9570000171661377,24.790000915527344
2022-06-06,1839.199951171875,118.5,102.44000244140625,3.0380001068115234,25.06999969482422
2022-06-07,1847.5,119.41000366210938,102.31999969482422,2.9719998836517334,24.020000457763672
2022-06-08,1851.9000244140625,122.11000061035156,102.54000091552734,3.0290000438690186,23.959999084472656
2022-06-09,1848.800048828125,121.51000213623047,103.22000122070312,3.0439999103546143,26.09000015258789
2022-06-10,1871.5,120.66999816894531,104.1500015258789,3.1559998989105225,27.75
2022-06-13,1828.0,120.93000030517578,105.08000183105469,3.365999937057495,34.02000045776367
2022-06-14,1809.5,118.93000030517578,105.5199966430664,3.4830000400543213,32.689998626708984
2022-06-15,1815.300048828125,115.30999755859375,105.16000366210938,3.3949999809265137,29.6200008392334
2022-06-16,1845.699951171875,117.58999633789062,103.62999725341797,3.306999921798706,32.95000076293945
2022-06-17,1835.5999755859375,109.55999755859375,104.69999694824219,3.239000082015991,31.1299991607666
2022-06-21,1834.5999755859375,110.6500015258789,104.44000244140625,3.306999921798706,30.190000534057617
2022-06-22,1834.300048828125,106.19000244140625,104.19999694824219,3.1559998989105225,28.950000762939453
2022-06-23,1825.699951171875,104.2699966430664,104.43000030517578,3.068000078201294,29.049999237060547
2022-06-24,1826.5,107.62000274658203,104.19000244140625,3.125,27.229999542236328
2022-06-27,1820.9000244140625,109.56999969482422,103.94000244140625,3.194000005722046,26.950000762939453
2022-06-28,1817.5,111.76000213623047,104.51000213623047,3.2060000896453857,28.360000610351562
2022-06-29,1813.699951171875,109.77999877929688,105.11000061035156,3.0929999351501465,28.15999984741211
2022-06-30,1804.0999755859375,105.76000213623047,104.69000244140625,2.9719998836517334,28.709999084472656
2022-07-01,1798.9000244140625,108.43000030517578,105.13999938964844,2.8889999389648438,26.700000762939453
2022-07-05,1761.800048828125,99.5,106.5,2.809000015258789,27.540000915527344
2022-07-06,1734.9000244140625,98.52999877929688,107.0999984741211,2.9130001068115234,26.729999542236328
2022-07-07,1737.9000244140625,102.7300033569336,107.12999725341797,3.007999897003174,26.079999923706055
2022-07-08,1740.5999755859375,104.79000091552734,107.01000213623047,3.1010000705718994,24.639999389648438
2022-07-11,1730.0,104.08999633789062,108.0199966430664,2.990999937057495,26.170000076293945
2022-07-12,1723.300048828125,95.83999633789062,108.06999969482422,2.9579999446868896,27.290000915527344
2022-07-13,1734.199951171875,96.30000305175781,107.95999908447266,2.9040000438690186,26.81999969482422
2022-07-14,1704.5,95.77999877929688,108.54000091552734,2.9600000381469727,26.399999618530273
2022-07-15,1702.4000244140625,97.58999633789062,108.05999755859375,2.930000066757202,24.229999542236328
2022-07-18,1709.199951171875,102.5999984741211,107.37000274658203,2.9600000381469727,25.299999237060547
2022-07-19,1710.0,104.22000122070312,106.68000030517578,3.0190000534057617,24.5
2022-07-20,1699.5,102.26000213623047,107.08000183105469,3.0360000133514404,23.8799991607666
2022-07-21,1712.699951171875,96.3499984741211,106.91000366210938,2.9100000858306885,23.110000610351562
2022-07-22,1727.0999755859375,94.69999694824219,106.7300033569336,2.7829999923706055,23.030000686645508
2022-07-25,1719.0,96.69999694824219,106.4800033569336,2.819999933242798,23.360000610351562
2022-07-26,1717.699951171875,94.9800033569336,107.19000244140625,2.7869999408721924,24.690000534057617
2022-07-27,1719.0999755859375,97.26000213623047,106.44999694824219,2.7339999675750732,23.239999771118164
2022-07-28,1750.300048828125,96.41999816894531,106.3499984741211,2.680999994277954,22.329999923706055
2022-07-29,1762.9000244140625,98.62000274658203,105.9000015258789,2.6419999599456787,21.329999923706055
2022-08-01,1769.0,93.88999938964844,105.44999694824219,2.6059999465942383,22.84000015258789
2022-08-02,1771.0999755859375,94.41999816894531,106.23999786376953,2.740999937057495,23.93000030517578
2022-08-03,1758.0,90.66000366210938,106.51000213623047,2.747999906539917,21.950000762939453
2022-08-04,1788.5,88.54000091552734,105.69000244140625,2.6760001182556152,21.440000534057617
2022-08-05,1772.9000244140625,89.01000213623047,106.62000274658203,2.8399999141693115,21.149999618530273
2022-08-08,1786.800048828125,90.76000213623047,106.44000244140625,2.765000104904175,21.290000915527344
2022-08-09,1794.0,90.5,106.37000274658203,2.796999931335449,21.770000457763672
2022-08-10,1795.5999755859375,91.93000030517578,105.19999694824219,2.7860000133514404,19.739999771118164
2022-08-11,1789.699951171875,94.33999633789062,105.08999633789062,2.888000011444092,20.200000762939453
2022-08-12,1798.5999755859375,92.08999633789062,105.62999725341797,2.8489999771118164,19.530000686645508
2022-08-15,1781.4000244140625,89.41000366210938,106.55000305175781,2.7909998893737793,19.950000762939453
2022-08-16,1773.199951171875,86.52999877929688,106.5,2.8239998817443848,19.690000534057617
2022-08-17,1760.300048828125,88.11000061035156,106.56999969482422,2.8929998874664307,19.899999618530273
2022-08-18,1755.300048828125,90.5,107.4800033569336,2.880000114440918,19.559999465942383
2022-08-19,1747.5999755859375,90.7699966430664,108.16999816894531,2.989000082015991,20.600000381469727
2022-08-22,1734.0,90.2300033569336,109.05000305175781,3.0369999408721924,23.799999237060547
2022-08-23,1746.800048828125,93.73999786376953,108.62000274658203,3.053999900817871,24.110000610351562
2022-08-24,1747.800048828125,94.88999938964844,108.68000030517578,3.1059999465942383,22.81999969482422
2022-08-25,1757.699951171875,92.5199966430664,108.47000122070312,3.0260000228881836,21.780000686645508
2022-08-26,1736.0999755859375,93.05999755859375,108.80000305175781,3.0350000858306885,25.559999465942383
2022-08-29,1736.5999755859375,97.01000213623047,108.83999633789062,3.109999895095825,26.209999084472656
2022-08-30,1723.199951171875,91.63999938964844,108.7699966430664,3.109999895095825,26.209999084472656
2022-08-31,1712.800048828125,89.55000305175781,108.69999694824219,3.132999897003174,25.8700008392334
2022-09-01,1696.5999755859375,86.61000061035156,109.69000244140625,3.265000104904175,25.559999465942383
2022-09-02,1709.800048828125,86.87000274658203,109.52999877929688,3.193000078201294,25.469999313354492
2022-09-06,1700.4000244140625,86.87999725341797,110.20999908447266,3.3399999141693115,26.90999984741211
2022-09-07,1715.300048828125,81.94000244140625,109.83999633789062,3.265000104904175,24.639999389648438
2022-09-08,1708.0,83.54000091552734,109.70999908447266,3.2920000553131104,23.610000610351562
2022-09-09,1716.199951171875,86.79000091552734,109.0,3.321000099182129,22.790000915527344
2022-09-12,1728.0999755859375,87.77999877929688,108.33000183105469,3.361999988555908,23.8700008392334
2022-09-13,1705.0,87.30999755859375,109.81999969482422,3.421999931335449,27.270000457763672
2022-09-14,1696.5,88.4800033569336,109.66000366210938,3.4119999408721924,26.15999984741211
2022-09-15,1665.4000244140625,85.0999984741211,109.73999786376953,3.4590001106262207,26.270000457763672
2022-09-16,1671.699951171875,85.11000061035156,109.76000213623047,3.447999954223633,26.299999237060547
2022-09-19,1666.199951171875,85.7300033569336,109.73999786376953,3.490000009536743,25.760000228881836
2022-09-20,1659.699951171875,84.44999694824219,110.22000122070312,3.571000099182129,27.15999984741211
2022-09-21,1664.5999755859375,82.94000244140625,110.63999938964844,3.509999990463257,27.989999771118164
2022-09-22,1670.800048828125,83.48999786376953,111.3499984741211,3.7079999446868896,27.350000381469727
2022-09-23,1645.300048828125,78.73999786376953,113.19000244140625,3.697000026702881,29.920000076293945
2022-09-26,1623.300048828125,76.70999908447266,114.0999984741211,3.878000020980835,32.2599983215332
2022-09-27,1626.699951171875,78.5,114.11000061035156,3.9639999866485596,32.599998474121094
2022-09-28,1660.4000244140625,82.1500015258789,112.5999984741211,3.7049999237060547,30.18000030517578
2022-09-29,1658.5,81.2300033569336,112.25,3.746999979019165,31.84000015258789
2022-09-30,1662.4000244140625,79.48999786376953,112.12000274658203,3.803999900817871,31.6200008392334
2022-10-03,1692.9000244140625,83.62999725341797,111.75,3.6510000228881836,30.100000381469727
2022-10-04,1721.0999755859375,86.5199966430664,110.06999969482422,3.617000102996826,29.06999969482422
2022-10-05,1711.4000244140625,87.76000213623047,111.06999969482422,3.759000062942505,28.549999237060547
2022-10-06,1711.699951171875,88.44999694824219,112.26000213623047,3.8259999752044678,30.520000457763672
2022-10-07,1700.5,92.63999938964844,112.80000305175781,3.882999897003174,31.360000610351562
2022-10-10,1667.300048828125,91.12999725341797,113.13999938964844,3.888000011444092,32.45000076293945
2022-10-11,1678.699951171875,89.3499984741211,113.22000122070312,3.938999891281128,33.630001068115234
2022-10-12,1670.300048828125,87.2699966430664,113.31999969482422,3.9019999504089355,33.56999969482422
2022-10-13,1670.0,89.11000061035156,112.36000061035156,3.9519999027252197,31.940000534057617
2022-10-14,1641.699951171875,85.61000061035156,113.30999755859375,4.010000228881836,32.02000045776367
2022-10-17,1657.0,85.45999908447266,112.04000091552734,4.014999866485596,31.3700008392334
2022-10-18,1649.0,82.81999969482422,112.12999725341797,3.997999906539917,30.5
2022-10-19,1627.5,85.55000305175781,112.9800033569336,4.126999855041504,30.760000228881836
2022-10-20,1630.800048828125,85.9800033569336,112.87999725341797,4.22599983215332,29.979999542236328
2022-10-21,1651.0,85.05000305175781,112.01000213623047,4.2129998207092285,29.690000534057617
2022-10-24,1648.699951171875,84.58000183105469,111.98999786376953,4.234000205993652,29.850000381469727
2022-10-25,1652.800048828125,85.31999969482422,110.94999694824219,4.107999801635742,28.459999084472656
2022-10-26,1664.0,87.91000366210938,109.69999694824219,4.014999866485596,27.280000686645508
2022-10-27,1660.699951171875,89.08000183105469,110.58999633789062,3.937000036239624,27.389999389648438
2022-10-28,1639.5999755859375,87.9000015258789,110.66999816894531,4.010000228881836,25.75
2022-10-31,1635.9000244140625,86.52999877929688,111.52999877929688,4.077000141143799,25.8799991607666
2022-11-01,1645.0,88.37000274658203,111.4800033569336,4.052000045776367,25.809999465942383
2022-11-02,1645.699951171875,90.0,111.3499984741211,4.059000015258789,25.860000610351562
2022-11-03,1627.300048828125,88.16999816894531,112.93000030517578,4.124000072479248,25.299999237060547
2022-11-04,1672.5,92.61000061035156,110.87999725341797,4.156000137329102,24.549999237060547
2022-11-07,1676.5,91.79000091552734,110.12000274658203,4.214000225067139,24.350000381469727
2022-11-08,1712.0999755859375,88.91000366210938,109.62000274658203,4.125999927520752,25.540000915527344
2022-11-09,1710.0999755859375,85.83000183105469,110.55000305175781,4.151000022888184,26.09000015258789
2022-11-10,1750.300048828125,86.47000122070312,108.20999908447266,3.8289999961853027,23.530000686645508
2022-11-11,1766.0,88.95999908447266,106.29000091552734,3.812999963760376,22.520000457763672
2022-11-14,1773.5999755859375,85.87000274658203,106.66000366210938,3.865000009536743,23.729999542236328
2022-11-15,1773.800048828125,86.91999816894531,106.4000015258789,3.7990000247955322,24.540000915527344
2022-11-16,1773.0,85.58999633789062,106.27999877929688,3.691999912261963,24.110000610351562
2022-11-17,1760.800048828125,81.63999938964844,106.69000244140625,3.7750000953674316,23.93000030517578
2022-11-18,1751.9000244140625,80.08000183105469,106.93000030517578,3.818000078201294,23.1200008392334
2022-11-21,1737.4000244140625,79.7300033569336,107.83999633789062,3.825000047683716,22.360000610351562
2022-11-22,1738.300048828125,80.94999694824219,107.22000122070312,3.757999897003174,21.290000915527344
2022-11-23,1744.9000244140625,77.94000244140625,106.08000183105469,3.7060000896453857,20.350000381469727
2022-11-25,1753.300048828125,76.27999877929688,105.95999908447266,3.690999984741211,20.5
2022-11-28,1740.0999755859375,77.23999786376953,106.68000030517578,3.703000068664551,22.209999084472656
2022-11-29,1748.4000244140625,78.19999694824219,106.81999969482422,3.747999906539917,21.889999389648438
2022-11-30,1746.0,80.55000305175781,105.94999694824219,3.703000068664551,20.579999923706055
2022-12-01,1801.0999755859375,81.22000122070312,104.7300033569336,3.5290000438690186,19.84000015258789
2022-12-02,1795.9000244140625,79.9800033569336,104.55000305175781,3.50600004196167,19.059999465942383
2022-12-05,1767.4000244140625,76.93000030517578,105.29000091552734,3.5989999771118164,20.75
2022-12-06,1769.300048828125,74.25,105.58000183105469,3.513000011444092,22.170000076293945
2022-12-07,1785.5,72.01000213623047,105.0999984741211,3.4079999923706055,22.68000030517578
2022-12-08,1788.699951171875,71.45999908447266,104.7699966430664,3.490999937057495,22.290000915527344
2022-12-09,1798.0999755859375,71.0199966430664,104.80999755859375,3.566999912261963,22.829999923706055
2022-12-12,1780.5,73.16999816894531,105.12999725341797,3.6110000610351562,25.0
2022-12-13,1813.9000244140625,75.38999938964844,103.9800033569336,3.500999927520752,22.549999237060547
2022-12-14,1807.5,77.27999877929688,103.7699966430664,3.503000020980835,21.139999389648438
2022-12-15,1777.199951171875,76.11000061035156,104.55999755859375,3.450000047683716,22.829999923706055
2022-12-16,1790.0,74.29000091552734,104.69999694824219,3.4820001125335693,22.6200008392334
2022-12-19,1787.699951171875,75.19000244140625,104.72000122070312,3.5810000896453857,22.420000076293945
2022-12-20,1815.9000244140625,76.08999633789062,103.97000122070312,3.684000015258789,21.479999542236328
2022-12-21,1815.9000244140625,78.29000091552734,104.16000366210938,3.684000015258789,20.06999969482422
2022-12-22,1787.0,77.48999786376953,104.43000030517578,3.6689999103546143,21.969999313354492
2022-12-23,1795.9000244140625,79.55999755859375,104.30999755859375,3.750999927520752,20.8700008392334
2022-12-27,1814.800048828125,79.52999877929688,104.18000030517578,3.859999895095825,21.649999618530273
2022-12-28,1807.9000244140625,78.95999908447266,104.45999908447266,3.88700008392334,22.139999389648438
2022-12-29,1819.5,78.4000015258789,103.83999633789062,3.8350000381469727,21.440000534057617
2022-12-30,1819.699951171875,80.26000213623047,103.5199966430664,3.878999948501587,21.670000076293945
2023-01-03,1839.699951171875,76.93000030517578,104.5199966430664,3.7929999828338623,22.899999618530273
2023-01-04,1852.800048828125,72.83999633789062,104.25,3.7090001106262207,22.010000228881836
2023-01-05,1834.800048828125,73.66999816894531,105.04000091552734,3.7200000286102295,22.459999084472656
2023-01-06,1864.199951171875,73.7699966430664,103.87999725341797,3.569000005722046,21.1299991607666
2023-01-09,1872.699951171875,74.62999725341797,103.0,3.5169999599456787,21.969999313354492
2023-01-10,1871.5999755859375,75.12000274658203,103.23999786376953,3.621000051498413,20.579999923706055
2023-01-11,1874.5999755859375,77.41000366210938,103.19000244140625,3.553999900817871,21.09000015258789
2023-01-12,1895.5,78.38999938964844,102.25,3.4489998817443848,18.829999923706055
2023-01-13,1918.4000244140625,79.86000061035156,102.19999694824219,3.510999917984009,18.350000381469727
2023-01-17,1907.199951171875,80.18000030517578,102.38999938964844,3.5350000858306885,19.360000610351562
2023-01-18,1904.4000244140625,79.4800033569336,102.36000061035156,3.375,20.34000015258789
2023-01-19,1922.0999755859375,80.33000183105469,102.05999755859375,3.3970000743865967,20.520000457763672
2023-01-20,1926.4000244140625,81.30999755859375,102.01000213623047,3.4839999675750732,19.850000381469727
2023-01-23,1927.0999755859375,81.62000274658203,102.13999938964844,3.5250000953674316,19.809999465942383
2023-01-24,1933.9000244140625,80.12999725341797,101.91999816894531,3.4690001010894775,19.200000762939453
2023-01-25,1941.199951171875,80.1500015258789,101.63999938964844,3.4619998931884766,19.079999923706055
2023-01-26,1929.0999755859375,81.01000213623047,101.83999633789062,3.493000030517578,18.729999542236328
2023-01-27,1928.5999755859375,79.68000030517578,101.93000030517578,3.5179998874664307,18.510000228881836
2023-01-30,1922.9000244140625,77.9000015258789,102.27999877929688,3.5510001182556152,19.940000534057617
2023-01-31,1929.5,78.87000274658203,102.0999984741211,3.5290000438690186,19.399999618530273
2023-02-01,1927.800048828125,76.41000366210938,101.22000122070312,3.3970000743865967,17.8700008392334
2023-02-02,1916.300048828125,75.87999725341797,101.75,3.3959999084472656,18.729999542236328
2023-02-03,1862.9000244140625,73.38999938964844,102.91999816894531,3.5320000648498535,18.329999923706055
2023-02-06,1866.199951171875,74.11000061035156,103.62000274658203,3.634000062942505,19.43000030517578
2023-02-07,1871.699951171875,77.13999938964844,103.43000030517578,3.6740000247955322,18.65999984741211
2023-02-08,1877.4000244140625,78.47000122070312,103.41000366210938,3.6530001163482666,19.6299991607666
2023-02-09,1866.199951171875,78.05999755859375,103.22000122070312,3.683000087738037,20.709999084472656
2023-02-10,1862.800048828125,79.72000122070312,103.62999725341797,3.74399995803833,20.530000686645508
2023-02-13,1851.9000244140625,80.13999938964844,103.3499984741211,3.7170000076293945,20.34000015258789
2023-02-14,1854.0,79.05999755859375,103.2300033569336,3.760999917984009,18.90999984741211
2023-02-15,1834.199951171875,78.58999633789062,103.91999816894531,3.809000015258789,18.229999542236328
2023-02-16,1842.0,78.48999786376953,103.86000061035156,3.8429999351501465,20.170000076293945
2023-02-17,1840.4000244140625,76.33999633789062,103.86000061035156,3.828000068664551,20.020000457763672
2023-02-21,1833.0,76.16000366210938,104.18000030517578,3.9549999237060547,22.8700008392334
2023-02-22,1832.0,73.94999694824219,104.58999633789062,3.9230000972747803,22.290000915527344
2023-02-23,1818.0,75.38999938964844,104.5999984741211,3.878999948501587,21.139999389648438
2023-02-24,1808.800048828125,76.31999969482422,105.20999908447266,3.9489998817443848,21.670000076293945
2023-02-27,1817.0,75.68000030517578,104.66999816894531,3.921999931335449,20.950000762939453
2023-02-28,1828.9000244140625,77.05000305175781,104.87000274658203,3.9159998893737793,20.700000762939453
2023-03-01,1837.699951171875,77.69000244140625,104.4800033569336,3.99399995803833,20.579999923706055
2023-03-02,1833.5,78.16000366210938,105.02999877929688,4.072999954223633,19.59000015258789
2023-03-03,1847.699951171875,79.68000030517578,104.5199966430664,3.9639999866485596,18.489999771118164
2023-03-06,1847.9000244140625,80.45999908447266,104.3499984741211,3.9830000400543213,18.610000610351562
2023-03-07,1813.9000244140625,77.58000183105469,105.62000274658203,3.9749999046325684,19.59000015258789
2023-03-08,1812.699951171875,76.66000366210938,105.66000366210938,3.9760000705718994,19.110000610351562
2023-03-09,1829.300048828125,75.72000122070312,105.30999755859375,3.924999952316284,22.610000610351562
2023-03-10,1862.0,76.68000030517578,104.58000183105469,3.694999933242798,24.799999237060547
2023-03-13,1911.699951171875,74.80000305175781,103.5999984741211,3.515000104904175,26.520000457763672
2023-03-14,1906.199951171875,71.33000183105469,103.5999984741211,3.638000011444092,23.729999542236328
2023-03-15,1926.5999755859375,67.61000061035156,104.6500015258789,3.492000102996826,26.139999389648438
2023-03-16,1919.0,68.3499984741211,104.41999816894531,3.5850000381469727,22.989999771118164
2023-03-17,1969.800048828125,66.73999786376953,103.70999908447266,3.3949999809265137,25.510000228881836
2023-03-20,1979.199951171875,67.63999938964844,103.27999877929688,3.4809999465942383,24.149999618530273
2023-03-21,1938.0,69.33000183105469,103.26000213623047,3.6059999465942383,21.3799991607666
2023-03-22,1946.800048828125,70.9000015258789,102.3499984741211,3.5,22.260000228881836
2023-03-23,1993.800048828125,69.95999908447266,102.52999877929688,3.4059998989105225,22.610000610351562
2023-03-24,1982.0999755859375,69.26000213623047,103.12000274658203,3.380000114440918,21.739999771118164
2023-03-27,1952.4000244140625,72.80999755859375,102.86000061035156,3.5280001163482666,20.600000381469727
2023-03-28,1972.4000244140625,73.19999694824219,102.43000030517578,3.563999891281128,19.969999313354492
2023-03-29,1966.0999755859375,72.97000122070312,102.63999938964844,3.565999984741211,19.1200008392334
2023-03-30,1980.300048828125,74.37000274658203,102.13999938964844,3.5510001182556152,19.020000457763672
2023-03-31,1969.0,75.66999816894531,102.51000213623047,3.49399995803833,18.700000762939453
2023-04-03,1983.9000244140625,80.41999816894531,102.08999633789062,3.430000066757202,18.549999237060547
2023-04-04,2022.199951171875,80.70999908447266,101.58999633789062,3.3369998931884766,19.0
2023-04-05,2020.9000244140625,80.61000061035156,101.8499984741211,3.2869999408721924,19.079999923706055
2023-04-06,2011.9000244140625,80.69999694824219,101.81999969482422,3.2880001068115234,18.399999618530273
2023-04-10,1989.0999755859375,79.73999786376953,102.58000183105469,3.4149999618530273,18.969999313354492
2023-04-11,2004.800048828125,81.52999877929688,102.19999694824219,3.434000015258789,19.100000381469727
2023-04-12,2010.9000244140625,83.26000213623047,101.5,3.4210000038146973,19.09000015258789
2023-04-13,2041.300048828125,82.16000366210938,101.01000213623047,3.4519999027252197,17.799999237060547
2023-04-14,2002.199951171875,82.5199966430664,101.55000305175781,3.5220000743865967,17.06999969482422
2023-04-17,1994.199951171875,80.83000183105469,102.0999984741211,3.5910000801086426,16.950000762939453
2023-04-18,2007.4000244140625,80.86000061035156,101.75,3.572000026702881,16.829999923706055
2023-04-19,1995.199951171875,79.16000366210938,101.97000122070312,3.6019999980926514,16.459999084472656
2023-04-20,2007.5999755859375,77.29000091552734,101.83999633789062,3.5450000762939453,17.170000076293945
2023-04-21,1979.5,77.87000274658203,101.81999969482422,3.569999933242798,16.770000457763672
2023-04-24,1989.0999755859375,78.76000213623047,101.3499984741211,3.515000104904175,16.889999389648438
2023-04-25,1994.0,77.06999969482422,101.86000061035156,3.3959999084472656,18.760000228881836
2023-04-26,1985.699951171875,74.30000305175781,101.47000122070312,3.431999921798706,18.84000015258789
2023-04-27,1989.9000244140625,74.76000213623047,101.5,3.5280001163482666,17.030000686645508
2023-04-28,1990.0999755859375,76.77999877929688,101.66999816894531,3.4519999027252197,15.779999732971191
2023-05-01,1983.4000244140625,75.66000366210938,102.1500015258789,3.5739998817443848,16.079999923706055
2023-05-02,2014.300048828125,71.66000366210938,101.95999908447266,3.438999891281128,17.780000686645508
2023-05-03,2028.5999755859375,68.5999984741211,101.33999633789062,3.4030001163482666,18.34000015258789
2023-05-04,2048.0,68.55999755859375,101.4000015258789,3.3510000705718994,20.09000015258789
2023-05-05,2017.4000244140625,71.33999633789062,101.20999908447266,3.446000099182129,17.190000534057617
2023-05-08,2026.300048828125,73.16000366210938,101.37000274658203,3.5209999084472656,16.979999542236328
2023-05-09,2036.199951171875,73.70999908447266,101.63999938964844,3.5209999084472656,17.709999084472656
2023-05-10,2030.5,72.55999755859375,101.4800033569336,3.438999891281128,16.940000534057617
2023-05-11,2014.699951171875,70.87000274658203,102.05999755859375,3.3970000743865967,16.93000030517578
2023-05-12,2014.5,70.04000091552734,102.68000030517578,3.4630000591278076,17.030000686645508
2023-05-15,2018.0,71.11000061035156,102.43000030517578,3.507999897003174,17.1200008392334
2023-05-16,1988.4000244140625,70.86000061035156,102.55999755859375,3.5490000247955322,17.989999771118164
2023-05-17,1980.699951171875,72.83000183105469,102.87999725341797,3.5810000896453857,16.8700008392334
2023-05-18,1956.5,71.86000061035156,103.58000183105469,3.6480000019073486,16.049999237060547
2023-05-19,1978.699951171875,71.55000305175781,103.19999694824219,3.691999912261963,16.809999465942383
2023-05-22,1974.800048828125,71.98999786376953,103.19999694824219,3.7190001010894775,17.209999084472656
2023-05-23,1972.4000244140625,72.91000366210938,103.48999786376953,3.697999954223633,18.530000686645508
2023-05-24,1962.800048828125,74.33999633789062,103.88999938964844,3.7190001010894775,20.030000686645508
2023-05-25,1943.0999755859375,71.83000183105469,104.20999908447266,3.813999891281128,19.139999389648438
2023-05-26,1944.0999755859375,72.66999816894531,104.20999908447266,3.809999942779541,17.950000762939453
2023-05-30,1958.0,69.45999908447266,104.16999816894531,3.700000047683716,17.459999084472656
2023-05-31,1963.9000244140625,68.08999633789062,104.31999969482422,3.63700008392334,17.940000534057617
2023-06-01,1978.0,70.0999984741211,103.55999755859375,3.6080000400543213,15.649999618530273
2023-06-02,1952.4000244140625,71.73999786376953,104.0199966430664,3.690999984741211,14.600000381469727
2023-06-05,1958.0,72.1500015258789,104.0,3.693000078201294,14.729999542236328
2023-06-06,1965.5,71.73999786376953,104.12999725341797,3.6989998817443848,13.960000038146973
2023-06-07,1942.699951171875,72.52999877929688,104.0999984741211,3.7839999198913574,13.9399995803833
2023-06-08,1963.5999755859375,71.29000091552734,103.33999633789062,3.7139999866485596,13.649999618530273
2023-06-09,1962.199951171875,70.16999816894531,103.55999755859375,3.744999885559082,13.829999923706055
2023-06-12,1955.300048828125,67.12000274658203,103.62999725341797,3.765000104904175,15.010000228881836
2023-06-13,1944.5999755859375,69.41999816894531,103.33999633789062,3.8389999866485596,14.609999656677246
2023-06-14,1955.300048828125,68.2699966430664,103.01000213623047,3.7960000038146973,13.880000114440918
2023-06-15,1957.800048828125,70.62000274658203,102.12000274658203,3.7279999256134033,14.5
2023-06-16,1958.4000244140625,71.77999877929688,102.30000305175781,3.7690000534057617,13.539999961853027
2023-06-20,1935.5,70.5,102.54000091552734,3.7290000915527344,13.880000114440918
2023-06-21,1933.300048828125,72.52999877929688,102.06999969482422,3.7230000495910645,13.199999809265137
2023-06-22,1912.699951171875,69.51000213623047,102.38999938964844,3.7990000247955322,12.90999984741211
2023-06-23,1919.0999755859375,69.16000366210938,102.9000015258789,3.739000082015991,13.4399995803833
2023-06-26,1923.699951171875,69.37000274658203,102.69000244140625,3.7190001010894775,14.25
2023-06-27,1914.0,67.69999694824219,102.48999786376953,3.7679998874664307,13.739999771118164
2023-06-28,1912.300048828125,69.55999755859375,102.91000366210938,3.7100000381469727,13.430000305175781
2023-06-29,1909.199951171875,69.86000061035156,103.33999633789062,3.8540000915527344,13.539999961853027
2023-06-30,1921.0999755859375,70.63999938964844,102.91000366210938,3.819000005722046,13.59000015258789
2023-07-03,1921.699951171875,69.79000091552734,102.98999786376953,3.8580000400543213,13.569999694824219
2023-07-05,1919.5999755859375,71.79000091552734,103.37000274658203,3.944999933242798,14.180000305175781
2023-07-06,1908.699951171875,71.80000305175781,103.16999816894531,4.040999889373779,15.4399995803833
2023-07-07,1926.199951171875,73.86000061035156,102.2699966430664,4.050000190734863,14.829999923706055
2023-07-10,1925.0,72.98999786376953,101.97000122070312,4.00600004196167,15.069999694824219
2023-07-11,1931.300048828125,74.83000183105469,101.7300033569336,3.9800000190734863,14.84000015258789
2023-07-12,1956.199951171875,75.75,100.5199966430664,3.8610000610351562,13.539999961853027
2023-07-13,1959.199951171875,76.88999938964844,99.7699966430664,3.760999917984009,13.609999656677246
2023-07-14,1960.0999755859375,75.41999816894531,99.91000366210938,3.819000005722046,13.34000015258789
2023-07-17,1952.4000244140625,74.1500015258789,99.83999633789062,3.796999931335449,13.479999542236328
2023-07-18,1977.199951171875,75.75,99.94000244140625,3.7890000343322754,13.300000190734863
2023-07-19,1977.5,75.3499984741211,100.27999877929688,3.742000102996826,13.760000228881836
2023-07-20,1968.300048828125,75.62999725341797,100.87999725341797,3.8540000915527344,13.989999771118164
2023-07-21,1964.300048828125,77.06999969482422,101.06999969482422,3.8369998931884766,13.600000381469727
2023-07-24,1960.300048828125,78.73999786376953,101.3499984741211,3.8570001125335693,13.90999984741211
2023-07-25,1962.0999755859375,79.62999725341797,101.3499984741211,3.9119999408721924,13.859999656677246
2023-07-26,1968.9000244140625,78.77999877929688,100.88999938964844,3.8510000705718994,13.1899995803833
2023-07-27,1945.4000244140625,80.08999633789062,101.7699966430664,4.01200008392334,14.40999984741211
2023-07-28,1960.4000244140625,80.58000183105469,101.62000274658203,3.9690001010894775,13.329999923706055
2023-07-31,1970.5,81.80000305175781,101.86000061035156,3.9590001106262207,13.630000114440918
2023-08-01,1940.699951171875,81.37000274658203,102.30000305175781,4.051000118255615,13.930000305175781
2023-08-02,1937.4000244140625,79.48999786376953,102.58999633789062,4.078000068664551,16.09000015258789
2023-08-03,1932.0,81.55000305175781,102.54000091552734,4.189000129699707,15.920000076293945
2023-08-04,1939.5999755859375,82.81999969482422,102.0199966430664,4.059999942779541,17.100000381469727
2023-08-07,1933.5,81.94000244140625,102.05000305175781,4.078000068664551,15.770000457763672
2023-08-08,1924.0999755859375,82.91999816894531,102.52999877929688,4.026000022888184,15.989999771118164
2023-08-09,1915.4000244140625,84.4000015258789,102.48999786376953,4.01200008392334,15.960000038146973
2023-08-10,1914.4000244140625,82.81999969482422,102.5199966430664,4.079999923706055,15.850000381469727
2023-08-11,1912.9000244140625,83.19000244140625,102.83999633789062,4.168000221252441,14.84000015258789
2023-08-14,1910.5999755859375,82.51000213623047,103.19000244140625,4.184000015258789,14.819999694824219
2023-08-15,1902.5,80.98999786376953,103.20999908447266,4.2210001945495605,16.459999084472656
2023-08-16,1896.0999755859375,79.37999725341797,103.41999816894531,4.257999897003174,16.780000686645508
2023-08-17,1884.0999755859375,80.38999938964844,103.44000244140625,4.308000087738037,17.889999389648438
2023-08-18,1886.0999755859375,81.25,103.37999725341797,4.250999927520752,17.299999237060547
2023-08-21,1893.300048828125,80.72000122070312,103.33000183105469,4.3420000076293945,17.1299991607666
2023-08-22,1896.4000244140625,80.3499984741211,103.55999755859375,4.328000068664551,16.969999313354492
2023-08-23,1918.5,78.88999938964844,103.36000061035156,4.197999954223633,15.979999542236328
2023-08-24,1918.199951171875,79.05000305175781,103.9800033569336,4.235000133514404,17.200000762939453
2023-08-25,1911.0999755859375,79.83000183105469,104.08000183105469,4.238999843597412,15.680000305175781
2023-08-28,1917.9000244140625,80.0999984741211,104.05999755859375,4.211999893188477,15.079999923706055
2023-08-29,1936.5,81.16000366210938,103.55000305175781,4.122000217437744,14.449999809265137
2023-08-30,1944.300048828125,81.62999725341797,103.16000366210938,4.118000030517578,13.880000114440918
2023-08-31,1938.199951171875,83.62999725341797,103.62000274658203,4.0929999351501465,13.569999694824219
2023-09-01,1939.800048828125,85.55000305175781,104.23999786376953,4.172999858856201,13.09000015258789
2023-09-05,1926.199951171875,86.69000244140625,104.80999755859375,4.26800012588501,14.010000228881836
2023-09-06,1918.0999755859375,87.54000091552734,104.86000061035156,4.289999961853027,14.449999809265137
2023-09-07,1917.5,86.87000274658203,105.05999755859375,4.260000228881836,14.399999618530273
2023-09-08,1918.4000244140625,87.51000213623047,105.08999633789062,4.257999897003174,13.84000015258789
2023-09-11,1923.300048828125,87.29000091552734,104.56999969482422,4.288000106811523,13.800000190734863
2023-09-12,1911.300048828125,88.83999633789062,104.70999908447266,4.263999938964844,14.229999542236328
2023-09-13,1909.0999755859375,88.5199966430664,104.7699966430664,4.249000072479248,13.479999542236328
2023-09-14,1910.0,90.16000366210938,105.41000366210938,4.288000106811523,12.819999694824219
2023-09-15,1923.699951171875,90.7699966430664,105.31999969482422,4.322000026702881,13.789999961853027
2023-09-18,1931.5,91.4800033569336,105.19999694824219,4.318999767303467,14.0
2023-09-19,1932.0,91.19999694824219,105.19999694824219,4.364999771118164,14.109999656677246
2023-09-20,1945.5999755859375,90.27999877929688,105.16000366210938,4.348999977111816,15.140000343322754
2023-09-21,1919.199951171875,89.62999725341797,105.36000061035156,4.480000019073486,17.540000915527344
2023-09-22,1925.4000244140625,90.02999877929688,105.58000183105469,4.438000202178955,17.200000762939453
2023-09-25,1916.5999755859375,89.68000030517578,106.0,4.541999816894531,16.899999618530273
2023-09-26,1900.4000244140625,90.38999938964844,106.2300033569336,4.558000087738037,18.940000534057617
2023-09-27,1871.5999755859375,93.68000030517578,106.66999816894531,4.625999927520752,18.219999313354492
2023-09-28,1860.4000244140625,91.70999908447266,106.22000122070312,4.5970001220703125,17.34000015258789
2023-09-29,1848.0999755859375,90.79000091552734,106.16999816894531,4.572999954223633,17.520000457763672
2023-10-02,1830.0,88.81999969482422,106.9000015258789,4.683000087738037,17.610000610351562
2023-10-03,1824.5999755859375,89.2300033569336,107.0,4.802000045776367,19.780000686645508
2023-10-04,1818.5,84.22000122070312,106.80000305175781,4.735000133514404,18.579999923706055
2023-10-05,1816.5999755859375,82.30999755859375,106.33000183105469,4.7170000076293945,18.489999771118164
2023-10-06,1830.199951171875,82.79000091552734,106.04000091552734,4.783999919891357,17.450000762939453
2023-10-09,1849.5,86.37999725341797,106.08000183105469,4.796999931335449,17.700000762939453
2023-10-10,1861.0,85.97000122070312,105.83000183105469,4.65500020980835,17.030000686645508
2023-10-11,1872.800048828125,83.48999786376953,105.81999969482422,4.59499979019165,16.09000015258789
2023-10-12,1869.300048828125,82.91000366210938,106.56999969482422,4.711999893188477,16.690000534057617
2023-10-13,1927.4000244140625,87.69000244140625,106.6500015258789,4.629000186920166,19.31999969482422
2023-10-16,1921.0999755859375,86.66000366210938,106.23999786376953,4.711999893188477,17.209999084472656
2023-10-17,1922.699951171875,86.66000366210938,106.25,4.8470001220703125,17.8799991607666
2023-10-18,1955.300048828125,88.31999969482422,106.56999969482422,4.9039998054504395,19.219999313354492
2023-10-19,1968.4000244140625,89.37000274658203,106.25,4.98799991607666,21.399999618530273
2023-10-20,1982.5,88.75,106.16000366210938,4.923999786376953,21.709999084472656
2023-10-23,1976.300048828125,85.48999786376953,105.54000091552734,4.8379998207092285,20.3700008392334
2023-10-24,1975.0,83.73999786376953,106.2699966430664,4.840000152587891,18.969999313354492
2023-10-25,1984.0999755859375,85.38999938964844,106.52999877929688,4.953000068664551,20.190000534057617
2023-10-26,1987.199951171875,83.20999908447266,106.5999984741211,4.84499979019165,20.68000030517578
2023-10-27,1988.5999755859375,85.54000091552734,106.55999755859375,4.84499979019165,21.270000457763672
2023-10-30,1996.199951171875,82.30999755859375,106.12000274658203,4.875,19.75
2023-10-31,1985.199951171875,81.0199966430664,106.66000366210938,4.875,18.139999389648438
2023-11-01,1978.800048828125,80.44000244140625,106.87999725341797,4.789000034332275,16.8700008392334
2023-11-02,1985.5999755859375,82.45999908447266,106.12000274658203,4.669000148773193,15.65999984741211
2023-11-03,1991.5,80.51000213623047,105.0199966430664,4.558000087738037,14.90999984741211
2023-11-06,1981.5999755859375,80.81999969482422,105.22000122070312,4.6620001792907715,14.890000343322754
2023-11-07,1966.800048828125,77.37000274658203,105.54000091552734,4.571000099182129,14.8100004196167
2023-11-08,1951.5,75.33000183105469,105.58999633789062,4.5229997634887695,14.449999809265137
2023-11-09,1964.199951171875,75.73999786376953,105.91000366210938,4.630000114440918,15.289999961853027
2023-11-10,1932.5999755859375,77.16999816894531,105.86000061035156,4.627999782562256,14.170000076293945
2023-11-13,1945.5,78.26000213623047,105.66000366210938,4.631999969482422,14.760000228881836
2023-11-14,1961.800048828125,78.26000213623047,104.11000061035156,4.440999984741211,14.15999984741211
2023-11-15,1960.0999755859375,76.66000366210938,104.38999938964844,4.534999847412109,14.180000305175781
2023-11-16,1983.9000244140625,72.9000015258789,104.37000274658203,4.445000171661377,14.319999694824219
2023-11-17,1981.5999755859375,75.88999938964844,103.81999969482422,4.440999984741211,13.800000190734863
2023-11-20,1977.699951171875,77.5999984741211,103.47000122070312,4.421999931335449,13.40999984741211
2023-11-21,1999.300048828125,77.7699966430664,103.58999633789062,4.418000221252441,13.350000381469727
2023-11-22,1991.4000244140625,77.0999984741211,103.91999816894531,4.415999889373779,12.850000381469727
2023-11-24,2002.199951171875,75.54000091552734,103.4000015258789,4.4720001220703125,12.460000038146973
2023-11-27,2011.800048828125,74.86000061035156,103.19999694824219,4.388999938964844,12.6899995803833
2023-11-28,2039.699951171875,76.41000366210938,102.75,4.335999965667725,12.6899995803833
2023-11-29,2047.0999755859375,77.86000061035156,102.7699966430664,4.270999908447266,12.979999542236328
2023-11-30,2038.0999755859375,75.95999908447266,103.5,4.3520002365112305,12.920000076293945
2023-12-01,2071.0,74.06999969482422,103.2699966430664,4.22599983215332,12.630000114440918
2023-12-04,2024.0999755859375,73.04000091552734,103.63999938964844,4.288000106811523,13.079999923706055
2023-12-05,2018.5,72.31999969482422,104.05000305175781,4.171000003814697,12.850000381469727
2023-12-06,2030.5,69.37999725341797,104.1500015258789,4.120999813079834,12.970000267028809
2023-12-07,2029.9000244140625,69.33999633789062,103.54000091552734,4.129000186920166,13.0600004196167
2023-12-08,1998.300048828125,71.2300033569336,104.01000213623047,4.244999885559082,12.350000381469727
2023-12-11,1978.0,71.31999969482422,104.0999984741211,4.238999843597412,12.630000114440918
2023-12-12,1977.800048828125,68.61000061035156,103.87000274658203,4.205999851226807,12.069999694824219
2023-12-13,1982.300048828125,69.47000122070312,102.87000274658203,4.0329999923706055,12.1899995803833
2023-12-14,2030.199951171875,71.58000183105469,101.95999908447266,3.930000066757202,12.479999542236328
2023-12-15,2021.0999755859375,71.43000030517578,102.55000305175781,3.927999973297119,12.279999732971191
2023-12-18,2026.300048828125,72.47000122070312,102.51000213623047,3.9539999961853027,12.5600004196167
2023-12-19,2038.4000244140625,73.44000244140625,102.16999816894531,3.921999931335449,12.529999732971191
2023-12-20,2034.5,74.22000122070312,102.41000366210938,3.877000093460083,13.670000076293945
2023-12-21,2039.0999755859375,73.88999938964844,101.83999633789062,3.8940000534057617,13.649999618530273
2023-12-22,2057.10009765625,73.55999755859375,101.69999694824219,3.9010000228881836,13.029999732971191
2023-12-26,2058.199951171875,75.56999969482422,101.47000122070312,3.885999917984009,12.989999771118164
2023-12-27,2081.89990234375,74.11000061035156,100.98999786376953,3.7890000343322754,12.430000305175781
2023-12-28,2073.89990234375,71.7699966430664,101.2300033569336,3.8499999046325684,12.470000267028809
2023-12-29,2062.39990234375,71.6500015258789,101.33000183105469,3.865999937057495,12.449999809265137
2024-01-02,2064.39990234375,70.37999725341797,102.19999694824219,3.946000099182129,13.199999809265137
2024-01-03,2034.199951171875,72.69999694824219,102.45999908447266,3.9070000648498535,14.039999961853027
2024-01-04,2042.300048828125,72.19000244140625,102.41999816894531,3.990999937057495,14.130000114440918
2024-01-05,2042.4000244140625,73.80999755859375,102.41000366210938,4.041999816894531,13.350000381469727
2024-01-08,2026.5999755859375,70.7699966430664,102.20999908447266,4.001999855041504,13.079999923706055
2024-01-09,2026.4000244140625,72.23999786376953,102.56999969482422,4.019000053405762,12.760000228881836
2024-01-10,2021.699951171875,71.37000274658203,102.36000061035156,4.03000020980835,12.6899995803833
2024-01-11,2014.300048828125,72.0199966430664,102.29000091552734,3.9769999980926514,12.4399995803833
2024-01-12,2046.699951171875,72.68000030517578,102.4000015258789,3.950000047683716,12.699999809265137
2024-01-16,2026.0,72.4000015258789,103.36000061035156,4.065999984741211,13.84000015258789
2024-01-17,2002.5999755859375,72.55999755859375,103.44999694824219,4.105999946594238,14.789999961853027
2024-01-18,2018.5999755859375,74.08000183105469,103.54000091552734,4.144000053405762,14.130000114440918
2024-01-19,2026.5,73.41000366210938,103.29000091552734,4.145999908447266,13.300000190734863
2024-01-22,2019.800048828125,75.19000244140625,103.33000183105469,4.093999862670898,13.1899995803833
2024-01-23,2023.699951171875,74.37000274658203,103.62000274658203,4.142000198364258,12.550000190734863
2024-01-24,2013.9000244140625,75.08999633789062,103.23999786376953,4.177999973297119,13.140000343322754
2024-01-25,2016.9000244140625,77.36000061035156,103.56999969482422,4.131999969482422,13.449999809265137
2024-01-26,2016.800048828125,78.01000213623047,103.47000122070312,4.159999847412109,13.260000228881836
2024-01-29,2025.199951171875,76.77999877929688,103.61000061035156,4.091000080108643,13.600000381469727
2024-01-30,2031.5,77.81999969482422,103.4000015258789,4.059000015258789,13.3100004196167
2024-01-31,2048.39990234375,75.8499984741211,103.2699966430664,3.9670000076293945,14.350000381469727
2024-02-01,2053.0,73.81999969482422,103.05000305175781,3.86299991607666,13.880000114440918
2024-02-02,2036.0999755859375,72.27999877929688,103.91999816894531,4.0329999923706055,13.850000381469727
2024-02-05,2025.699951171875,72.77999877929688,104.44999694824219,4.164000034332275,13.670000076293945
2024-02-06,2034.5,73.30999755859375,104.18000030517578,4.090000152587891,13.0600004196167
2024-02-07,2035.199951171875,73.86000061035156,104.04000091552734,4.110000133514404,12.829999923706055
2024-02-08,2032.199951171875,76.22000122070312,104.1500015258789,4.170000076293945,12.789999961853027
2024-02-09,2023.300048828125,76.83999633789062,104.08000183105469,4.186999797821045,12.930000305175781
2024-02-12,2018.199951171875,76.91999816894531,104.16999816894531,4.171999931335449,13.930000305175781
2024-02-13,1992.9000244140625,77.87000274658203,104.95999908447266,4.315999984741211,15.850000381469727
2024-02-14,1990.300048828125,76.63999938964844,104.72000122070312,4.267000198364258,14.380000114440918
2024-02-15,2002.0999755859375,78.02999877929688,104.30000305175781,4.239999771118164,14.010000228881836
2024-02-16,2011.5,79.19000244140625,104.27999877929688,4.295000076293945,14.239999771118164
2024-02-20,2027.5,78.18000030517578,104.08000183105469,4.275000095367432,15.420000076293945
2024-02-21,2022.300048828125,77.91000366210938,104.01000213623047,4.324999809265137,15.34000015258789
2024-02-22,2019.699951171875,78.61000061035156,103.95999908447266,4.327000141143799,14.539999961853027
2024-02-23,2038.5999755859375,76.48999786376953,103.94000244140625,4.260000228881836,13.75
2024-02-26,2028.5,77.58000183105469,103.83000183105469,4.298999786376953,13.739999771118164
2024-02-27,2034.0,78.87000274658203,103.83000183105469,4.315000057220459,13.430000305175781
2024-02-28,2033.0,78.54000091552734,103.9800033569336,4.27400016784668,13.84000015258789
2024-02-29,2045.699951171875,78.26000213623047,104.16000366210938,4.251999855041504,13.399999618530273
2024-03-01,2086.89990234375,79.97000122070312,103.86000061035156,4.179999828338623,13.109999656677246
2024-03-04,2117.699951171875,78.73999786376953,103.83000183105469,4.218999862670898,13.489999771118164
2024-03-05,2133.5,78.1500015258789,103.80000305175781,4.13700008392334,14.460000038146973
2024-03-06,2150.300048828125,79.12999725341797,103.37000274658203,4.104000091552734,14.5
2024-03-07,2158.0,78.93000030517578,102.81999969482422,4.0920000076293945,14.4399995803833
2024-03-08,2178.60009765625,78.01000213623047,102.73999786376953,4.089000225067139,14.739999771118164
2024-03-11,2182.5,77.93000030517578,102.87000274658203,4.104000091552734,15.220000267028809
2024-03-12,2160.39990234375,77.55999755859375,102.95999908447266,4.15500020980835,13.84000015258789
2024-03-13,2175.39990234375,79.72000122070312,102.79000091552734,4.191999912261963,13.75
2024-03-14,2163.0,81.26000213623047,103.36000061035156,4.297999858856201,14.399999618530273
2024-03-15,2157.300048828125,81.04000091552734,103.43000030517578,4.303999900817871,14.40999984741211
2024-03-18,2160.699951171875,82.72000122070312,103.58000183105469,4.340000152587891,14.329999923706055
2024-03-19,2156.300048828125,83.47000122070312,103.80999755859375,4.296999931335449,13.819999694824219
2024-03-20,2157.89990234375,81.68000030517578,103.41000366210938,4.2729997634887695,13.039999961853027
2024-03-21,2182.39990234375,81.06999969482422,104.0,4.270999908447266,12.920000076293945
2024-03-22,2158.10009765625,80.62999725341797,104.43000030517578,4.2179999351501465,13.0600004196167
2024-03-25,2174.800048828125,81.94999694824219,104.2300033569336,4.252999782562256,13.1899995803833
2024-03-26,2175.60009765625,81.62000274658203,104.29000091552734,4.234000205993652,13.239999771118164
2024-03-27,2190.60009765625,81.3499984741211,104.3499984741211,4.196000099182129,12.779999732971191
2024-03-28,2217.39990234375,83.16999816894531,104.55000305175781,4.205999851226807,13.010000228881836
2024-04-01,2236.5,83.70999908447266,105.0199966430664,4.328999996185303,13.649999618530273
2024-04-02,2261.0,85.1500015258789,104.81999969482422,4.364999771118164,14.609999656677246
2024-04-03,2294.39990234375,85.43000030517578,104.25,4.355000019073486,14.329999923706055
2024-04-04,2288.800048828125,86.58999633789062,104.12000274658203,4.309000015258789,16.350000381469727
2024-04-05,2325.699951171875,86.91000366210938,104.30000305175781,4.377999782562256,16.030000686645508
2024-04-08,2331.699951171875,86.43000030517578,104.13999938964844,4.423999786376953,15.1899995803833
2024-04-09,2343.5,85.2300033569336,104.1500015258789,4.366000175476074,14.979999542236328
2024-04-10,2329.60009765625,86.20999908447266,105.25,4.559999942779541,15.800000190734863
2024-04-11,2354.800048828125,85.0199966430664,105.27999877929688,4.576000213623047,14.90999984741211
2024-04-12,2356.199951171875,85.66000366210938,106.04000091552734,4.499000072479248,17.309999465942383
2024-04-15,2365.800048828125,85.41000366210938,106.20999908447266,4.627999782562256,19.229999542236328
2024-04-16,2390.800048828125,85.36000061035156,106.26000213623047,4.658999919891357,18.399999618530273
2024-04-17,2371.699951171875,82.69000244140625,105.94999694824219,4.585000038146973,18.209999084472656
2024-04-18,2382.300048828125,82.7300033569336,106.1500015258789,4.646999835968018,18.0
2024-04-19,2398.39990234375,83.13999938964844,106.1500015258789,4.614999771118164,18.709999084472656
2024-04-22,2332.199951171875,82.8499984741211,106.08000183105469,4.623000144958496,16.940000534057617
2024-04-23,2327.699951171875,83.36000061035156,105.69000244140625,4.5980000495910645,15.6899995803833
2024-04-24,2324.5,82.80999755859375,105.86000061035156,4.6519999504089355,15.970000267028809
2024-04-25,2329.800048828125,83.56999969482422,105.5999984741211,4.705999851226807,15.369999885559082
2024-04-26,2334.800048828125,83.8499984741211,105.94000244140625,4.669000148773193,15.029999732971191
2024-04-29,2345.39990234375,82.62999725341797,105.58000183105469,4.613999843597412,14.670000076293945
2024-04-30,2291.39990234375,81.93000030517578,106.22000122070312,4.685999870300293,15.649999618530273
2024-05-01,2299.89990234375,79.0,105.76000213623047,4.59499979019165,15.390000343322754
2024-05-02,2299.199951171875,78.94999694824219,105.30000305175781,4.571000099182129,14.680000305175781
2024-05-03,2299.0,78.11000061035156,105.02999877929688,4.5,13.489999771118164
2024-05-06,2321.60009765625,78.4800033569336,105.05000305175781,4.488999843597412,13.489999771118164
2024-05-07,2315.199951171875,78.37999725341797,105.41000366210938,4.4629998207092285,13.229999542236328
2024-05-08,2313.60009765625,78.98999786376953,105.55000305175781,4.492000102996826,13.0
2024-05-09,2332.10009765625,79.26000213623047,105.2300033569336,4.448999881744385,12.6899995803833
2024-05-10,2367.300048828125,78.26000213623047,105.30999755859375,4.504000186920166,12.550000190734863
2024-05-13,2336.10009765625,79.12000274658203,105.22000122070312,4.480999946594238,13.600000381469727
2024-05-14,2353.39990234375,78.0199966430664,105.01000213623047,4.445000171661377,13.420000076293945
2024-05-15,2388.699951171875,78.62999725341797,104.3499984741211,4.355999946594238,12.449999809265137
2024-05-16,2380.0,79.2300033569336,104.45999908447266,4.376999855041504,12.420000076293945
2024-05-17,2412.199951171875,80.05999755859375,104.44999694824219,4.420000076293945,11.989999771118164
2024-05-20,2433.89990234375,79.80000305175781,104.56999969482422,4.436999797821045,12.149999618530273
2024-05-21,2421.699951171875,79.26000213623047,104.66000366210938,4.414000034332275,11.859999656677246
2024-05-22,2389.199951171875,77.56999969482422,104.94000244140625,4.434000015258789,12.289999961853027
2024-05-23,2335.0,76.87000274658203,105.11000061035156,4.474999904632568,12.770000457763672
2024-05-24,2332.5,77.72000122070312,104.72000122070312,4.4670000076293945,11.930000305175781
2024-05-28,2355.199951171875,79.83000183105469,104.61000061035156,4.541999816894531,12.920000076293945
2024-05-29,2340.300048828125,79.2300033569336,105.0999984741211,4.624000072479248,14.279999732971191
2024-05-30,2342.89990234375,77.91000366210938,104.72000122070312,4.553999900817871,14.470000267028809
2024-05-31,2322.89990234375,76.98999786376953,104.66999816894531,4.513999938964844,12.920000076293945
2024-06-03,2346.60009765625,74.22000122070312,104.13999938964844,4.4019999504089355,13.109999656677246
2024-06-04,2325.5,73.25,104.11000061035156,4.335999965667725,13.15999984741211
2024-06-05,2354.10009765625,74.06999969482422,104.2699966430664,4.289000034332275,12.630000114440918
2024-06-06,2370.300048828125,75.55000305175781,104.0999984741211,4.281000137329102,12.579999923706055
2024-06-07,2305.199951171875,75.52999877929688,104.88999938964844,4.429999828338623,12.220000267028809
2024-06-10,2307.699951171875,77.73999786376953,105.1500015258789,4.468999862670898,12.739999771118164
2024-06-11,2307.5,77.9000015258789,105.2300033569336,4.4039998054504395,12.850000381469727
2024-06-12,2336.0,78.5,104.6500015258789,4.295000076293945,12.039999961853027
2024-06-13,2300.199951171875,78.62000274658203,105.19999694824219,4.23799991607666,11.9399995803833
2024-06-14,2331.39990234375,78.44999694824219,105.55000305175781,4.2129998207092285,12.65999984741211
2024-06-17,2312.39990234375,80.33000183105469,105.31999969482422,4.2789998054504395,12.75
2024-06-18,2330.39990234375,81.56999969482422,105.26000213623047,4.2170000076293945,12.300000190734863
2024-06-20,2353.800048828125,82.16999816894531,105.58999633789062,4.254000186920166,13.279999732971191
2024-06-21,2316.39990234375,80.7300033569336,105.80000305175781,4.256999969482422,13.199999809265137
2024-06-24,2330.0,81.62999725341797,105.47000122070312,4.248000144958496,13.329999923706055
2024-06-25,2316.60009765625,80.83000183105469,105.61000061035156,4.23799991607666,12.84000015258789
2024-06-26,2299.199951171875,80.9000015258789,106.05000305175781,4.315999984741211,12.550000190734863
2024-06-27,2324.5,81.73999786376953,105.91000366210938,4.288000106811523,12.239999771118164
2024-06-28,2327.699951171875,81.54000091552734,105.87000274658203,4.3429999351501465,12.4399995803833
2024-07-01,2327.60009765625,83.37999725341797,105.9000015258789,4.479000091552734,12.220000267028809
2024-07-02,2323.0,82.80999755859375,105.72000122070312,4.435999870300293,12.029999732971191
2024-07-03,2359.800048828125,83.87999725341797,105.4000015258789,4.355000019073486,12.09000015258789
2024-07-05,2388.5,83.16000366210938,104.87999725341797,4.271999835968018,12.479999542236328
2024-07-08,2355.199951171875,82.33000183105469,105.01000213623047,4.269000053405762,12.369999885559082
2024-07-09,2360.10009765625,81.41000366210938,105.12000274658203,4.300000190734863,12.510000228881836
2024-07-10,2372.199951171875,82.0999984741211,105.05000305175781,4.28000020980835,12.850000381469727
2024-07-11,2415.0,82.62000274658203,104.44000244140625,4.192999839782715,12.920000076293945
2024-07-12,2414.0,82.20999908447266,104.08999633789062,4.189000129699707,12.460000038146973
2024-07-15,2422.89990234375,81.91000366210938,104.19000244140625,4.229000091552734,13.119999885559082
2024-07-16,2462.39990234375,80.76000213623047,104.2699966430664,4.166999816894531,13.1899995803833
2024-07-17,2454.800048828125,82.8499984741211,103.75,4.145999908447266,14.479999542236328
2024-07-18,2451.800048828125,82.81999969482422,104.16999816894531,4.189000129699707,15.930000305175781
2024-07-19,2395.5,80.12999725341797,104.4000015258789,4.238999843597412,16.520000457763672
2024-07-22,2392.0,79.77999877929688,104.30999755859375,4.260000228881836,14.90999984741211
2024-07-23,2404.60009765625,76.95999908447266,104.44999694824219,4.238999843597412,14.720000267028809
2024-07-24,2413.300048828125,77.58999633789062,104.38999938964844,4.285999774932861,18.040000915527344
2024-07-25,2351.89990234375,78.27999877929688,104.36000061035156,4.25600004196167,18.459999084472656
2024-07-26,2380.0,77.16000366210938,104.31999969482422,4.199999809265137,16.389999389648438
2024-07-29,2377.300048828125,75.80999755859375,104.55999755859375,4.177999973297119,16.600000381469727
2024-07-30,2405.0,74.7300033569336,104.55000305175781,4.14300012588501,17.690000534057617
2024-07-31,2426.5,77.91000366210938,104.0999984741211,4.109000205993652,16.360000610351562
2024-08-01,2435.0,76.30999755859375,104.41999816894531,3.9760000705718994,18.59000015258789
2024-08-02,2425.699951171875,73.5199966430664,103.20999908447266,3.7920000553131104,23.389999389648438
2024-08-05,2401.699951171875,72.94000244140625,102.69000244140625,3.7850000858306885,38.56999969482422
2024-08-06,2389.10009765625,73.19999694824219,102.97000122070312,3.888000011444092,27.709999084472656
2024-08-07,2390.5,75.2300033569336,103.19999694824219,3.9679999351501465,27.850000381469727
2024-08-08,2422.199951171875,76.19000244140625,103.20999908447266,3.996999979019165,23.790000915527344
2024-08-09,2432.10009765625,76.83999633789062,103.13999938964844,3.941999912261963,20.3700008392334
2024-08-12,2462.39990234375,80.05999755859375,103.13999938964844,3.9089999198913574,20.709999084472656
2024-08-13,2466.699951171875,78.3499984741211,102.55999755859375,3.8519999980926514,18.1200008392334
2024-08-14,2439.39990234375,76.9800033569336,102.56999969482422,3.819999933242798,16.190000534057617
2024-08-15,2453.10009765625,78.16000366210938,102.9800033569336,3.9260001182556152,15.229999542236328
2024-08-16,2498.60009765625,76.6500015258789,102.45999908447266,3.8919999599456787,14.800000190734863
2024-08-19,2501.800048828125,74.37000274658203,101.88999938964844,3.867000102996826,14.649999618530273
2024-08-20,2511.300048828125,74.04000091552734,101.44000244140625,3.818000078201294,15.880000114440918
2024-08-21,2508.39990234375,71.93000030517578,101.04000091552734,3.7780001163482666,16.270000457763672
2024-08-22,2478.89990234375,73.01000213623047,101.51000213623047,3.861999988555908,17.549999237060547
2024-08-23,2508.39990234375,74.83000183105469,100.72000122070312,3.806999921798706,15.859999656677246
2024-08-26,2517.699951171875,77.41999816894531,100.8499984741211,3.818000078201294,16.149999618530273
2024-08-27,2516.0,75.52999877929688,100.55000305175781,3.8329999446868896,15.430000305175781
2024-08-28,2501.0,74.5199966430664,101.08999633789062,3.8410000801086426,17.110000610351562
2024-08-29,2525.699951171875,75.91000366210938,101.33999633789062,3.867000102996826,15.649999618530273
2024-08-30,2493.800048828125,73.55000305175781,101.69999694824219,3.9110000133514404,15.0
2024-09-03,2489.89990234375,70.33999633789062,101.83000183105469,3.8440001010894775,20.719999313354492
2024-09-04,2493.39990234375,69.19999694824219,101.36000061035156,3.7679998874664307,21.31999969482422
2024-09-05,2511.39990234375,69.1500015258789,101.11000061035156,3.7309999465942383,19.899999618530273
2024-09-06,2493.5,67.66999816894531,101.18000030517578,3.7100000381469727,22.3799991607666
2024-09-09,2501.800048828125,68.70999908447266,101.55000305175781,3.697000026702881,19.450000762939453
2024-09-10,2512.300048828125,65.75,101.62999725341797,3.6459999084472656,19.079999923706055
2024-09-11,2512.10009765625,67.30999755859375,101.68000030517578,3.6530001163482666,17.690000534057617
2024-09-12,2551.199951171875,68.97000122070312,101.37000274658203,3.680000066757202,17.06999969482422
2024-09-13,2581.300048828125,68.6500015258789,101.11000061035156,3.6500000953674316,16.559999465942383
2024-09-16,2580.39990234375,70.08999633789062,100.76000213623047,3.621000051498413,17.139999389648438
2024-09-17,2564.300048828125,71.19000244140625,100.88999938964844,3.6419999599456787,17.610000610351562
2024-09-18,2570.699951171875,70.91000366210938,100.5999984741211,3.684999942779541,18.229999542236328
2024-09-19,2588.0,71.94999694824219,100.61000061035156,3.740000009536743,16.329999923706055
2024-09-20,2619.89990234375,71.91999816894531,100.72000122070312,3.7279999256134033,16.149999618530273
2024-09-23,2626.5,70.37000274658203,100.91999816894531,3.739000082015991,15.890000343322754
2024-09-24,2651.199951171875,71.55999755859375,100.37000274658203,3.7360000610351562,15.390000343322754
2024-09-25,2659.199951171875,69.69000244140625,100.91999816894531,3.7809998989105225,15.40999984741211
2024-09-26,2669.89990234375,67.66999816894531,100.55999755859375,3.7909998893737793,15.369999885559082
2024-09-27,2644.300048828125,68.18000030517578,100.41999816894531,3.749000072479248,16.959999084472656
2024-09-30,2636.10009765625,68.16999816894531,100.77999877929688,3.802000045776367,16.729999542236328
2024-10-01,2667.300048828125,69.83000183105469,101.19000244140625,3.743000030517578,19.260000228881836
2024-10-02,2647.10009765625,70.0999984741211,101.68000030517578,3.7850000858306885,18.899999618530273
2024-10-03,2657.10009765625,73.70999908447266,101.98999786376953,3.8499999046325684,20.489999771118164
2024-10-04,2645.800048828125,74.37999725341797,102.5199966430664,3.9809999465942383,19.209999084472656
2024-10-07,2644.800048828125,77.13999938964844,102.54000091552734,4.026000022888184,22.639999389648438
2024-10-08,2615.0,73.56999969482422,102.55000305175781,4.0329999923706055,21.420000076293945
2024-10-09,2606.0,73.23999786376953,102.93000030517578,4.066999912261963,20.860000610351562
2024-10-10,2620.60009765625,75.8499984741211,102.98999786376953,4.0960001945495605,20.93000030517578
2024-10-11,2657.60009765625,75.55999755859375,102.88999938964844,4.072999954223633,20.459999084472656
2024-10-14,2647.800048828125,73.83000183105469,103.30000305175781,4.0980000495910645,19.700000762939453
2024-10-15,2661.39990234375,70.58000183105469,103.26000213623047,4.038000106811523,20.639999389648438
2024-10-16,2674.0,70.38999938964844,103.58999633789062,4.015999794006348,19.579999923706055
2024-10-17,2691.0,70.66999816894531,103.83000183105469,4.0960001945495605,19.110000610351562
2024-10-18,2713.699951171875,69.22000122070312,103.48999786376953,4.072999954223633,18.030000686645508
2024-10-21,2723.10009765625,70.55999755859375,104.01000213623047,4.182000160217285,18.3700008392334
2024-10-22,2744.199951171875,72.08999633789062,104.08000183105469,4.203999996185303,18.200000762939453
2024-10-23,2714.39990234375,70.7699966430664,104.43000030517578,4.242000102996826,19.239999771118164
2024-10-24,2734.89990234375,70.19000244140625,104.05999755859375,4.199999809265137,19.079999923706055
2024-10-25,2740.89990234375,71.77999877929688,104.26000213623047,4.23199987411499,20.329999923706055
2024-10-28,2742.89990234375,67.37999725341797,104.31999969482422,4.2779998779296875,19.799999237060547
2024-10-29,2768.39990234375,67.20999908447266,104.27999877929688,4.27400016784668,19.34000015258789
2024-10-30,2788.5,68.61000061035156,103.98999786376953,4.265999794006348,20.350000381469727
2024-10-31,2738.300048828125,69.26000213623047,103.9800033569336,4.283999919891357,23.15999984741211
2024-11-01,2738.60009765625,69.48999786376953,104.27999877929688,4.361000061035156,21.8799991607666
2024-11-04,2736.10009765625,71.47000122070312,103.88999938964844,4.309000015258789,21.979999542236328
2024-11-05,2740.300048828125,71.98999786376953,103.41999816894531,4.289000034332275,20.489999771118164
2024-11-06,2667.60009765625,71.69000244140625,105.08999633789062,4.426000118255615,16.270000457763672
2024-11-07,2698.39990234375,72.36000061035156,104.51000213623047,4.341000080108643,15.199999809265137
2024-11-08,2687.5,70.37999725341797,105.0,4.306000232696533,14.9399995803833
2024-11-11,2611.199951171875,68.04000091552734,105.54000091552734,4.308000087738037,14.970000267028809
2024-11-12,2600.0,68.12000274658203,106.0199966430664,4.432000160217285,14.710000038146973
2024-11-13,2580.800048828125,68.43000030517578,106.4800033569336,4.451000213623047,14.020000457763672
2024-11-14,2568.199951171875,68.69999694824219,106.66999816894531,4.418000221252441,14.3100004196167
2024-11-15,2565.699951171875,67.0199966430664,106.69000244140625,4.427999973297119,16.139999389648438
2024-11-18,2610.60009765625,69.16000366210938,106.27999877929688,4.414000034332275,15.579999923706055
2024-11-19,2627.10009765625,69.38999938964844,106.20999908447266,4.379000186920166,16.350000381469727
2024-11-20,2648.199951171875,68.87000274658203,106.68000030517578,4.406000137329102,17.15999984741211
2024-11-21,2672.10009765625,70.0999984741211,106.97000122070312,4.432000160217285,16.8700008392334
2024-11-22,2709.89990234375,71.23999786376953,107.48999786376953,4.409999847412109,15.239999771118164
2024-11-25,2616.800048828125,68.94000244140625,106.81999969482422,4.264999866485596,14.600000381469727
2024-11-26,2620.300048828125,68.7699966430664,107.01000213623047,4.302000045776367,14.100000381469727
2024-11-27,2639.89990234375,68.72000122070312,106.08000183105469,4.242000102996826,14.100000381469727
2024-11-29,2657.0,68.0,105.73999786376953,4.177999973297119,13.510000228881836
2024-12-02,2634.89990234375,68.0999984741211,106.44999694824219,4.196000099182129,13.34000015258789
2024-12-03,2644.699951171875,69.94000244140625,106.37000274658203,4.2230000495910645,13.300000190734863
2024-12-04,2653.800048828125,68.54000091552734,106.33999633789062,4.179999828338623,13.449999809265137
2024-12-05,2626.60009765625,68.30000305175781,105.70999908447266,4.179999828338623,13.539999961853027
2024-12-06,2638.60009765625,67.19999694824219,105.97000122070312,4.151000022888184,12.770000457763672
2024-12-09,2664.89990234375,68.37000274658203,106.1500015258789,4.198999881744385,14.1899995803833
2024-12-10,2697.60009765625,68.58999633789062,106.4000015258789,4.2210001945495605,14.180000305175781
2024-12-11,2733.800048828125,70.29000091552734,106.70999908447266,4.270999908447266,13.579999923706055
2024-12-12,2687.5,70.0199966430664,106.95999908447266,4.323999881744385,13.920000076293945
2024-12-13,2656.0,71.29000091552734,107.0,4.39900016784668,13.8100004196167
2024-12-16,2651.39990234375,70.70999908447266,106.86000061035156,4.396999835968018,14.6899995803833
2024-12-17,2644.39990234375,70.08000183105469,106.95999908447266,4.385000228881836,15.869999885559082
2024-12-18,2636.5,70.58000183105469,108.02999877929688,4.49399995803833,27.6200008392334
2024-12-19,2592.199951171875,69.91000366210938,108.41000366210938,4.570000171661377,24.09000015258789
2024-12-20,2628.699951171875,69.45999908447266,107.62000274658203,4.52400016784668,18.360000610351562
2024-12-23,2612.300048828125,69.23999786376953,108.04000091552734,4.598999977111816,16.780000686645508
2024-12-24,2620.0,70.0999984741211,108.26000213623047,4.591000080108643,14.270000457763672
2024-12-26,2638.800048828125,69.62000274658203,108.12999725341797,4.578999996185303,14.729999542236328
2024-12-27,2617.199951171875,70.5999984741211,108.0,4.61899995803833,15.949999809265137
2024-12-30,2606.10009765625,70.98999786376953,108.12999725341797,4.545000076293945,17.399999618530273
2024-12-31,2629.199951171875,71.72000122070312,108.48999786376953,4.572999954223633,17.350000381469727
2025-01-02,2658.89990234375,73.12999725341797,109.38999938964844,4.574999809265137,17.93000030517578
2025-01-03,2645.0,73.95999908447266,108.94999694824219,4.5960001945495605,16.1299991607666
2025-01-06,2638.39990234375,73.55999755859375,108.26000213623047,4.618000030517578,16.040000915527344
2025-01-07,2656.699951171875,74.25,108.54000091552734,4.683000087738037,17.81999969482422
2025-01-08,2664.5,73.31999969482422,109.08999633789062,4.692999839782715,17.700000762939453
2025-01-09,2683.800048828125,73.91999816894531,109.18000030517578,,
2025-01-10,2708.5,76.56999969482422,109.6500015258789,4.776000022888184,19.540000915527344
2025-01-13,2673.5,78.81999969482422,109.95999908447266,4.802999973297119,19.190000534057617
2025-01-14,2677.5,77.5,109.2699966430664,4.788000106811523,18.709999084472656
2025-01-15,2712.5,80.04000091552734,109.08999633789062,4.6529998779296875,16.1200008392334
2025-01-16,2746.39990234375,78.68000030517578,108.95999908447266,4.605999946594238,16.600000381469727
2025-01-17,2744.300048828125,77.87999725341797,109.3499984741211,4.609000205993652,15.970000267028809
2025-01-21,2755.0,75.88999938964844,108.05999755859375,4.573999881744385,15.0600004196167
2025-01-22,2767.60009765625,75.44000244140625,108.16999816894531,4.598999977111816,15.100000381469727
2025-01-23,2763.10009765625,74.62000274658203,108.05000305175781,4.638000011444092,15.020000457763672
2025-01-24,2777.300048828125,74.66000366210938,107.44000244140625,4.625999927520752,14.850000381469727
2025-01-27,2737.5,73.16999816894531,107.33999633789062,4.5279998779296875,17.899999618530273
2025-01-28,2766.800048828125,73.7699966430664,107.87000274658203,4.551000118255615,16.40999984741211
2025-01-29,2769.10009765625,72.62000274658203,108.0,4.554999828338623,16.559999465942383
2025-01-30,2823.0,72.7300033569336,107.80000305175781,4.51200008392334,15.84000015258789
2025-01-31,2812.5,72.52999877929688,108.37000274658203,4.568999767303467,16.43000030517578
2025-02-03,2833.89990234375,73.16000366210938,108.98999786376953,4.543000221252441,18.6200008392334
2025-02-04,2853.300048828125,72.69999694824219,107.95999908447266,4.513000011444092,17.209999084472656
2025-02-05,2871.60009765625,71.02999877929688,107.58000183105469,4.421999931335449,15.770000457763672
2025-02-06,2856.0,70.61000061035156,107.69000244140625,4.440000057220459,15.5
2025-02-07,2867.300048828125,71.0,108.04000091552734,4.486999988555908,16.540000915527344
2025-02-10,2914.300048828125,72.31999969482422,108.31999969482422,4.493000030517578,15.8100004196167
2025-02-11,2912.5,73.31999969482422,107.95999908447266,4.5370001792907715,16.020000457763672
2025-02-12,2909.0,71.37000274658203,107.94000244140625,4.63700008392334,15.890000343322754
2025-02-13,2925.89990234375,71.29000091552734,107.30999755859375,4.525000095367432,15.100000381469727
2025-02-14,2883.60009765625,70.73999786376953,106.56999969482422,4.4720001220703125,14.770000457763672
2025-02-18,2931.60009765625,71.8499984741211,107.05000305175781,4.544000148773193,15.350000381469727
2025-02-19,2919.39990234375,72.25,107.16999816894531,4.534999847412109,15.270000457763672
2025-02-20,2940.0,72.56999969482422,106.33999633789062,4.5,15.65999984741211
2025-02-21,2937.60009765625,70.4000015258789,106.61000061035156,4.420000076293945,18.209999084472656
2025-02-24,2947.89990234375,70.69999694824219,106.5999984741211,4.39300012588501,18.979999542236328
2025-02-25,2904.5,68.93000030517578,106.30999755859375,4.297999858856201,19.43000030517578
2025-02-26,2916.800048828125,68.62000274658203,106.41999816894531,4.249000072479248,19.100000381469727
2025-02-27,2883.199951171875,70.3499984741211,107.23999786376953,4.284999847412109,21.1299991607666
2025-02-28,2836.800048828125,69.76000213623047,107.61000061035156,4.230999946594238,19.6299991607666
2025-03-03,2890.199951171875,68.37000274658203,106.75,4.179999828338623,22.780000686645508
2025-03-04,2909.60009765625,68.26000213623047,105.73999786376953,4.210000038146973,23.510000228881836
2025-03-05,2915.300048828125,66.30999755859375,105.73999786376953,4.264999866485596,21.93000030517578
2025-03-06,2916.60009765625,66.36000061035156,104.05999755859375,4.285999774932861,24.8700008392334
2025-03-07,2904.699951171875,67.04000091552734,103.83999633789062,4.316999912261963,23.3700008392334
2025-03-10,2891.0,66.02999877929688,103.91000366210938,4.2129998207092285,27.860000610351562
2025-03-11,2912.89990234375,66.25,103.44000244140625,4.288000106811523,26.920000076293945
2025-03-12,2939.10009765625,67.68000030517578,103.61000061035156,4.317999839782715,24.229999542236328
2025-03-13,2984.300048828125,66.55000305175781,103.83000183105469,4.27400016784668,24.65999984741211
2025-03-14,2994.5,67.18000030517578,103.72000122070312,4.308000087738037,21.770000457763672
2025-03-17,3000.0,67.58000183105469,103.37000274658203,4.306000232696533,20.510000228881836
2025-03-18,3035.10009765625,66.9000015258789,103.23999786376953,4.281000137329102,21.700000762939453
2025-03-19,3035.89990234375,67.16000366210938,103.43000030517578,4.25600004196167,19.899999618530273
2025-03-20,3040.0,68.26000213623047,103.8499984741211,4.232999801635742,19.799999237060547
2025-03-21,3018.199951171875,68.27999877929688,104.08999633789062,4.251999855041504,19.280000686645508
2025-03-24,3013.10009765625,69.11000061035156,104.26000213623047,4.330999851226807,17.479999542236328
2025-03-25,3023.699951171875,69.0,104.18000030517578,4.307000160217285,17.149999618530273
2025-03-26,3020.89990234375,69.6500015258789,104.55000305175781,4.3379998207092285,18.329999923706055
2025-03-27,3060.199951171875,69.91999816894531,104.06999969482422,4.36899995803833,18.690000534057617
2025-03-28,3086.5,69.36000061035156,104.04000091552734,4.255000114440918,21.649999618530273
2025-03-31,3122.800048828125,71.4800033569336,104.20999908447266,4.245999813079834,22.280000686645508
2025-04-01,3118.89990234375,71.19999694824219,104.26000213623047,4.156000137329102,21.770000457763672
2025-04-02,3139.89990234375,71.70999908447266,103.80999755859375,4.196000099182129,21.510000228881836
2025-04-03,3097.0,66.94999694824219,102.06999969482422,4.054999828338623,30.020000457763672
2025-04-04,3012.0,61.9900016784668,103.0199966430664,3.984999895095825,45.310001373291016
2025-04-07,2951.300048828125,60.70000076293945,103.26000213623047,4.15500020980835,46.97999954223633
2025-04-08,2968.39990234375,59.58000183105469,102.95999908447266,4.26200008392334,52.33000183105469
2025-04-09,3056.5,62.349998474121094,102.9000015258789,4.400000095367432,33.619998931884766
2025-04-10,3155.199951171875,60.06999969482422,100.87000274658203,4.394000053405762,40.720001220703125
2025-04-11,3222.199951171875,61.5,99.77999877929688,4.493000030517578,37.560001373291016
2025-04-14,3204.800048828125,61.529998779296875,99.63999938964844,4.363999843597412,30.889999389648438
2025-04-15,3218.699951171875,61.33000183105469,100.22000122070312,4.322999954223633,30.1200008392334
2025-04-16,3326.60009765625,62.470001220703125,99.37999725341797,4.2789998054504395,32.63999938964844
2025-04-17,3308.699951171875,64.68000030517578,99.37999725341797,4.333000183105469,29.649999618530273
2025-04-21,3406.199951171875,63.08000183105469,98.27999877929688,4.40500020980835,33.81999969482422
2025-04-22,3400.800048828125,64.30999755859375,98.91999816894531,4.388999938964844,30.56999969482422
2025-04-23,3276.300048828125,62.27000045776367,99.83999633789062,4.38700008392334,28.450000762939453
2025-04-24,3332.0,62.790000915527344,99.29000091552734,4.304999828338623,26.469999313354492
2025-04-25,3282.39990234375,63.02000045776367,99.47000122070312,4.265999794006348,24.84000015258789
2025-04-28,3332.5,62.04999923706055,99.01000213623047,4.216000080108643,25.149999618530273
2025-04-29,3318.800048828125,60.41999816894531,99.23999786376953,4.172999858856201,24.170000076293945
2025-04-30,3305.0,58.209999084472656,99.47000122070312,4.177000045776367,24.700000762939453
2025-05-01,3210.0,59.2400016784668,100.25,4.230999946594238,24.600000381469727
2025-05-02,3231.89990234375,58.290000915527344,100.0,4.322000026702881,22.68000030517578
2025-05-05,3311.300048828125,57.130001068115234,99.83000183105469,4.3429999351501465,23.639999389648438
2025-05-06,3411.39990234375,59.09000015258789,99.23999786376953,4.308000087738037,24.760000228881836
2025-05-07,3381.39990234375,58.06999969482422,99.61000061035156,4.275000095367432,23.549999237060547
2025-05-08,3296.60009765625,59.90999984741211,100.63999938964844,4.373000144958496,22.479999542236328
2025-05-09,3335.39990234375,61.02000045776367,100.33999633789062,4.375,21.899999618530273
2025-05-12,3220.0,61.95000076293945,101.79000091552734,4.456999778747559,18.389999389648438
2025-05-13,3240.300048828125,63.66999816894531,101.0,4.499000072479248,18.219999313354492
2025-05-14,3181.39990234375,63.150001525878906,101.04000091552734,4.5279998779296875,18.6200008392334
2025-05-15,3220.699951171875,61.619998931884766,100.87999725341797,4.454999923706055,17.829999923706055
2025-05-16,3182.0,62.4900016784668,101.08999633789062,4.440999984741211,17.239999771118164
2025-05-19,3228.89990234375,62.689998626708984,100.43000030517578,4.474999904632568,18.139999389648438
2025-05-20,3280.300048828125,62.560001373291016,100.12000274658203,4.480999946594238,18.09000015258789
2025-05-21,3309.300048828125,61.56999969482422,99.55999755859375,4.5960001945495605,20.8700008392334
2025-05-22,3292.300048828125,61.20000076293945,99.95999908447266,4.552999973297119,20.280000686645508
2025-05-23,3363.60009765625,61.529998779296875,99.11000061035156,4.508999824523926,22.290000915527344
2025-05-26,,,98.93000030517578,,
2025-05-27,3299.10009765625,60.88999938964844,99.5199966430664,4.434000015258789,18.959999084472656
2025-05-28,3293.60009765625,61.84000015258789,99.87999725341797,4.4770002365112305,19.309999465942383
2025-05-29,3317.10009765625,60.939998626708984,99.27999877929688,4.423999786376953,19.18000030517578
2025-05-30,3288.89990234375,60.790000915527344,99.33000183105469,4.415999889373779,18.56999969482422
2025-06-02,3370.60009765625,62.52000045776367,98.69999694824219,4.461999893188477,18.360000610351562
2025-06-03,3350.199951171875,63.40999984741211,99.25,4.460000038146973,17.690000534057617
2025-06-04,3373.5,62.849998474121094,98.79000091552734,4.364999771118164,17.610000610351562
2025-06-05,3350.699951171875,63.369998931884766,98.73999786376953,4.394000053405762,18.479999542236328
2025-06-06,3322.699951171875,64.58000183105469,99.19000244140625,4.510000228881836,16.770000457763672
2025-06-09,3332.10009765625,65.29000091552734,98.94000244140625,4.48199987411499,17.15999984741211
2025-06-10,3320.89990234375,64.9800033569336,99.05000305175781,4.473999977111816,16.950000762939453
2025-06-11,3321.300048828125,68.1500015258789,98.62999725341797,4.4120001792907715,17.260000228881836
2025-06-12,3380.89990234375,68.04000091552734,97.91999816894531,4.35699987411499,18.020000457763672
2025-06-13,3431.199951171875,72.9800033569336,98.18000030517578,4.423999786376953,20.81999969482422
2025-06-16,3396.39990234375,71.7699966430664,98.0,4.452000141143799,19.110000610351562
2025-06-17,3386.60009765625,74.83999633789062,98.81999969482422,4.39300012588501,21.600000381469727
2025-06-18,3389.800048828125,75.13999938964844,98.91000366210938,4.396999835968018,20.139999389648438
2025-06-20,3368.10009765625,74.93000030517578,98.70999908447266,4.375,20.6200008392334
2025-06-23,3377.699951171875,68.51000213623047,98.41999816894531,4.320000171661377,19.829999923706055
2025-06-24,3317.39990234375,64.37000274658203,97.86000061035156,4.293000221252441,17.479999542236328
2025-06-25,3327.10009765625,64.91999816894531,97.68000030517578,4.293000221252441,16.760000228881836
2025-06-26,3333.5,65.23999786376953,97.1500015258789,4.252999782562256,16.59000015258789
2025-06-27,3273.699951171875,65.5199966430664,97.4000015258789,4.2829999923706055,16.31999969482422
2025-06-30,3294.39990234375,65.11000061035156,96.87999725341797,4.230000019073486,16.729999542236328
2025-07-01,3336.699951171875,65.44999694824219,96.81999969482422,4.250999927520752,16.829999923706055
2025-07-02,3348.0,67.44999694824219,96.77999877929688,4.293000221252441,16.639999389648438
2025-07-03,3331.60009765625,67.0,97.18000030517578,4.3480000495910645,16.3799991607666
2025-07-04,3332.5,66.5,,,
2025-07-07,3332.199951171875,67.93000030517578,97.4800033569336,4.394999980926514,17.790000915527344
2025-07-08,3307.0,68.33000183105469,97.51000213623047,4.414999961853027,16.809999465942383
2025-07-09,3311.60009765625,68.37999725341797,97.47000122070312,4.3420000076293945,15.9399995803833
2025-07-10,3317.39990234375,66.56999969482422,97.6500015258789,4.3460001945495605,15.779999732971191
2025-07-11,3356.0,68.44999694824219,97.8499984741211,4.422999858856201,16.399999618530273
2025-07-14,3351.5,66.9800033569336,98.08000183105469,4.427000045776367,17.200000762939453
2025-07-15,3329.800048828125,66.5199966430664,98.62000274658203,4.488999843597412,17.3799991607666
2025-07-16,3352.5,66.37999725341797,98.38999938964844,4.454999923706055,17.15999984741211
2025-07-17,3340.10009765625,67.54000091552734,98.7300033569336,4.4629998207092285,16.520000457763672
2025-07-18,3353.0,67.33999633789062,98.4800033569336,4.432000160217285,16.40999984741211
2025-07-21,3401.89990234375,67.19999694824219,97.8499984741211,4.372000217437744,16.649999618530273
2025-07-22,3439.199951171875,66.20999908447266,97.38999938964844,4.335999965667725,16.5
2025-07-23,3394.10009765625,65.25,97.20999908447266,4.388000011444092,15.369999885559082
2025-07-24,3371.0,66.02999877929688,97.37999725341797,4.4079999923706055,15.390000343322754
2025-07-25,3334.0,65.16000366210938,97.6500015258789,4.386000156402588,14.930000305175781
2025-07-28,3309.10009765625,66.70999908447266,98.66000366210938,4.420000076293945,15.029999732971191
2025-07-29,3323.39990234375,69.20999908447266,98.91000366210938,4.329999923706055,15.979999542236328
2025-07-30,3295.800048828125,70.0,99.94000244140625,4.375999927520752,15.479999542236328
2025-07-31,3293.199951171875,69.26000213623047,100.02999877929688,4.360000133514404,16.719999313354492
2025-08-01,3347.699951171875,67.33000183105469,98.69000244140625,4.21999979019165,20.3799991607666
2025-08-04,3374.39990234375,66.29000091552734,98.77999877929688,4.199999809265137,17.520000457763672
2025-08-05,3381.89990234375,65.16000366210938,98.77999877929688,4.196000099182129,17.850000381469727
2025-08-06,3380.0,64.3499984741211,98.18000030517578,4.21999979019165,16.770000457763672
2025-08-07,3400.300048828125,63.880001068115234,98.4000015258789,4.24399995803833,16.56999969482422
2025-08-08,3439.10009765625,63.880001068115234,98.18000030517578,4.284999847412109,15.149999618530273
2025-08-11,3353.10009765625,63.959999084472656,98.5199966430664,4.2729997634887695,16.25
2025-08-12,3348.89990234375,63.16999816894531,98.0999984741211,4.293000221252441,14.729999542236328
2025-08-13,3358.699951171875,62.650001525878906,97.83999633789062,4.23799991607666,14.489999771118164
2025-08-14,3335.199951171875,63.959999084472656,98.25,4.293000221252441,14.829999923706055
2025-08-15,3336.0,62.79999923706055,97.8499984741211,4.328000068664551,15.09000015258789
2025-08-18,3331.699951171875,63.41999816894531,98.16999816894531,4.341000080108643,14.989999771118164
2025-08-19,3313.39990234375,62.349998474121094,98.2699966430664,4.302000045776367,15.569999694824219
2025-08-20,3343.39990234375,63.209999084472656,98.22000122070312,4.296000003814697,15.6899995803833
2025-08-21,3336.89990234375,63.52000045776367,98.62000274658203,4.329999923706055,16.600000381469727
2025-08-22,3374.39990234375,63.65999984741211,97.72000122070312,4.260000228881836,14.220000267028809
2025-08-25,3373.800048828125,64.80000305175781,98.43000030517578,4.275000095367432,14.789999961853027
2025-08-26,3388.60009765625,63.25,98.2300033569336,4.257999897003174,14.619999885559082
2025-08-27,3404.60009765625,64.1500015258789,98.2300033569336,4.23799991607666,14.850000381469727
2025-08-28,3431.800048828125,64.5999984741211,97.80999755859375,4.206999778747559,14.430000305175781
2025-08-29,3473.699951171875,64.01000213623047,97.7699966430664,4.2270002365112305,15.359999656677246
2025-09-02,3549.39990234375,65.58999633789062,98.4000015258789,4.2769999504089355,17.170000076293945
2025-09-03,3593.199951171875,63.970001220703125,98.13999938964844,4.210999965667725,16.350000381469727
2025-09-04,3565.800048828125,63.47999954223633,98.3499984741211,4.176000118255615,15.300000190734863
2025-09-05,3613.199951171875,61.869998931884766,97.7699966430664,4.085999965667725,15.180000305175781
2025-09-08,3638.10009765625,62.2599983215332,97.44999694824219,4.046000003814697,15.109999656677246
2025-09-09,3643.300048828125,62.630001068115234,97.79000091552734,4.073999881744385,15.039999961853027
2025-09-10,3643.60009765625,63.66999816894531,97.77999877929688,4.0320000648498535,15.350000381469727
2025-09-11,3636.89990234375,62.369998931884766,97.54000091552734,4.011000156402588,14.710000038146973
2025-09-12,3649.39990234375,62.689998626708984,97.55000305175781,4.060999870300293,14.760000228881836
2025-09-15,3682.199951171875,63.29999923706055,97.30000305175781,4.033999919891357,15.6899995803833
2025-09-16,3688.89990234375,64.5199966430664,96.62999725341797,4.026000022888184,16.360000610351562
2025-09-17,3681.800048828125,64.05000305175781,96.87000274658203,4.076000213623047,15.720000267028809
2025-09-18,3643.699951171875,63.56999969482422,97.3499984741211,4.104000091552734,15.699999809265137
2025-09-19,3671.5,62.68000030517578,97.63999938964844,4.138999938964844,15.449999809265137
2025-09-22,3740.699951171875,62.63999938964844,97.33000183105469,4.14300012588501,16.100000381469727
2025-09-23,3780.60009765625,63.40999984741211,97.26000213623047,4.119999885559082,16.639999389648438
2025-09-24,3732.10009765625,64.98999786376953,97.87000274658203,4.146999835968018,16.18000030517578
2025-09-25,3736.89990234375,64.9800033569336,98.55000305175781,4.171999931335449,16.739999771118164
2025-09-26,3775.300048828125,65.72000122070312,98.1500015258789,4.186999797821045,15.289999961853027
2025-09-29,3820.89990234375,63.45000076293945,97.91000366210938,4.140999794006348,16.1200008392334
2025-09-30,3840.800048828125,62.369998931884766,97.7699966430664,4.1479997634887695,16.280000686645508
2025-10-01,3867.5,61.779998779296875,97.70999908447266,4.105999946594238,16.290000915527344
2025-10-02,3839.699951171875,60.47999954223633,97.8499984741211,4.0879998207092285,16.6299991607666
2025-10-03,3880.800048828125,60.880001068115234,97.72000122070312,4.11899995803833,16.649999618530273
2025-10-06,3948.5,61.689998626708984,98.11000061035156,4.1620001792907715,16.3700008392334
2025-10-07,3976.60009765625,61.72999954223633,98.58000183105469,4.126999855041504,17.239999771118164
2025-10-08,4043.300048828125,62.54999923706055,98.8499984741211,4.129000186920166,16.299999237060547
2025-10-09,3946.300048828125,61.5099983215332,99.54000091552734,4.1479997634887695,16.43000030517578
2025-10-10,3975.89990234375,58.900001525878906,98.9800033569336,4.051000118255615,21.65999984741211
2025-10-13,4108.60009765625,59.4900016784668,99.2699966430664,4.051000118255615,19.030000686645508
2025-10-14,4138.7001953125,58.70000076293945,99.05000305175781,4.021999835968018,20.809999465942383
2025-10-15,4176.89990234375,58.27000045776367,98.79000091552734,4.046000003814697,20.639999389648438
2025-10-16,4280.2001953125,57.459999084472656,98.38999938964844,3.9760000705718994,25.309999465942383
2025-10-17,4189.89990234375,57.540000915527344,98.43000030517578,4.006999969482422,20.780000686645508
2025-10-20,4336.39990234375,57.52000045776367,98.58999633789062,3.9860000610351562,18.229999542236328
2025-10-21,4087.699951171875,57.81999969482422,98.93000030517578,3.9630000591278076,17.8700008392334
2025-10-22,4044.39990234375,58.5,98.9000015258789,3.953000068664551,18.600000381469727
2025-10-23,4125.5,61.790000915527344,98.94000244140625,3.990999937057495,17.299999237060547
2025-10-24,4118.39990234375,61.5,98.94999694824219,3.996999979019165,16.3700008392334
2025-10-27,4001.89990234375,61.310001373291016,98.77999877929688,3.996999979019165,15.789999961853027
2025-10-28,3966.199951171875,60.150001525878906,98.69000244140625,3.9830000400543213,16.420000076293945
2025-10-29,3983.699951171875,60.47999954223633,99.22000122070312,4.058000087738037,16.920000076293945
2025-10-30,4001.300048828125,60.56999969482422,99.52999877929688,4.0929999351501465,16.90999984741211
2025-10-31,3982.199951171875,60.97999954223633,99.80000305175781,4.10099983215332,17.440000534057617
2025-11-03,4000.300048828125,61.04999923706055,99.87000274658203,4.105999946594238,17.170000076293945
2025-11-04,3947.699951171875,60.560001373291016,100.22000122070312,4.089000225067139,19.0
2025-11-05,3980.300048828125,59.599998474121094,100.19999694824219,4.1570000648498535,18.010000228881836
2025-11-06,3979.89990234375,59.43000030517578,99.7300033569336,4.0929999351501465,19.5
2025-11-07,3999.39990234375,59.75,99.5999984741211,4.0929999351501465,19.079999923706055
2025-11-10,4111.7998046875,60.130001068115234,99.62000274658203,4.110000133514404,17.600000381469727
2025-11-11,4106.7998046875,61.040000915527344,99.45999908447266,4.119999885559082,17.280000686645508
2025-11-12,4204.39990234375,58.4900016784668,99.4800033569336,4.065000057220459,17.510000228881836
2025-11-13,4186.89990234375,58.689998626708984,99.18000030517578,4.111999988555908,20.0
2025-11-14,4087.60009765625,60.09000015258789,99.2699966430664,4.1479997634887695,19.829999923706055
2025-11-17,4068.300048828125,59.90999984741211,99.58999633789062,4.132999897003174,22.3799991607666
2025-11-18,4061.300048828125,60.7400016784668,99.55000305175781,4.123000144958496,24.690000534057617
2025-11-19,4077.699951171875,59.439998626708984,100.2300033569336,4.132999897003174,23.65999984741211
2025-11-20,4056.5,59.13999938964844,100.16000366210938,4.105999946594238,26.420000076293945
2025-11-21,4076.699951171875,58.060001373291016,100.18000030517578,4.063000202178955,23.43000030517578
2025-11-24,4091.89990234375,58.84000015258789,100.13999938964844,4.038000106811523,20.520000457763672
2025-11-25,4139.2001953125,57.95000076293945,99.66000366210938,4.001999855041504,18.559999465942383
2025-11-26,4165.2001953125,58.650001525878906,99.5999984741211,3.997999906539917,17.190000534057617
2025-11-28,4218.2998046875,58.54999923706055,99.45999908447266,4.017000198364258,16.350000381469727
2025-12-01,4239.2998046875,59.31999969482422,99.41000366210938,4.0960001945495605,17.239999771118164
2025-12-02,4186.60009765625,58.63999938964844,99.36000061035156,4.085999965667725,16.59000015258789
2025-12-03,4199.2998046875,58.95000076293945,98.8499984741211,4.057000160217285,16.079999923706055
2025-12-04,4211.7998046875,59.66999816894531,98.98999786376953,4.107999801635742,15.779999732971191
2025-12-05,4212.89990234375,60.08000183105469,98.98999786376953,4.138999938964844,15.40999984741211
2025-12-08,4187.2001953125,58.880001068115234,99.08999633789062,4.171999931335449,16.65999984741211
2025-12-09,4206.7001953125,58.25,99.22000122070312,4.185999870300293,16.93000030517578
2025-12-10,4196.39990234375,58.459999084472656,98.79000091552734,4.164000034332275,15.770000457763672
2025-12-11,4285.5,57.599998474121094,98.3499984741211,4.140999794006348,14.850000381469727
2025-12-12,4300.10009765625,57.439998626708984,98.4000015258789,4.193999767303467,15.739999771118164
2025-12-15,4306.7001953125,56.81999969482422,98.1500015258789,4.182000160217285,16.5
2025-12-16,4304.5,55.27000045776367,98.1500015258789,4.14900016784668,16.479999542236328
2025-12-17,4347.5,55.939998626708984,98.37000274658203,4.151000022888184,17.6200008392334
2025-12-18,4339.5,56.150001525878906,98.43000030517578,4.116000175476074,16.8700008392334
2025-12-19,4361.39990234375,56.65999984741211,98.5999984741211,4.151000022888184,14.90999984741211
2025-12-22,4444.60009765625,58.0099983215332,98.29000091552734,4.169000148773193,14.079999923706055
2025-12-23,4482.7998046875,58.380001068115234,97.94000244140625,4.169000148773193,14.0
2025-12-24,4480.60009765625,58.349998474121094,97.9800033569336,4.136000156402588,13.470000267028809
2025-12-26,4529.10009765625,56.7400016784668,98.0199966430664,4.136000156402588,13.600000381469727
2025-12-29,4325.10009765625,58.08000183105469,98.04000091552734,4.116000175476074,14.199999809265137
2025-12-30,4370.10009765625,57.95000076293945,98.23999786376953,4.130000114440918,14.329999923706055
2025-12-31,4325.60009765625,57.41999816894531,98.27999877929688,4.163000106811523,14.949999809265137
2026-01-02,4314.39990234375,57.31999969482422,98.41999816894531,4.186999797821045,14.510000228881836
2026-01-05,4436.89990234375,58.31999969482422,98.2699966430664,4.164999961853027,14.899999618530273
2026-01-06,4482.2001953125,57.130001068115234,98.58000183105469,4.178999900817871,14.75
2026-01-07,4449.2998046875,55.9900016784668,98.68000030517578,4.138000011444092,15.380000114440918
2026-01-08,4449.7001953125,57.7599983215332,98.93000030517578,4.183000087738037,15.449999809265137
2026-01-09,4490.2998046875,59.119998931884766,99.12999725341797,4.171000003814697,14.489999771118164
2026-01-12,4604.2998046875,59.5,98.86000061035156,4.186999797821045,15.119999885559082
2026-01-13,4589.2001953125,61.150001525878906,99.12999725341797,4.171000003814697,15.979999542236328
2026-01-14,4626.2998046875,62.02000045776367,99.12999725341797,4.139999866485596,16.75
2026-01-15,4616.2998046875,59.189998626708984,99.31999969482422,4.159999847412109,15.84000015258789
2026-01-16,4588.39990234375,59.439998626708984,99.38999938964844,4.230999946594238,15.859999656677246
2026-01-20,4759.60009765625,60.34000015258789,98.63999938964844,4.295000076293945,20.09000015258789
2026-01-21,4831.7998046875,60.619998931884766,98.76000213623047,4.252999782562256,16.899999618530273
2026-01-22,4908.7998046875,59.36000061035156,98.36000061035156,4.249000072479248,15.640000343322754
2026-01-23,4976.2001953125,61.06999969482422,97.5999984741211,4.238999843597412,16.09000015258789
2026-01-26,5079.7001953125,60.630001068115234,97.04000091552734,4.2129998207092285,16.149999618530273
2026-01-27,5079.89990234375,62.38999938964844,96.22000122070312,4.2230000495910645,16.350000381469727
2026-01-28,5301.60009765625,63.209999084472656,96.44999694824219,4.250999927520752,16.350000381469727
2026-01-29,5318.39990234375,65.41999816894531,96.27999877929688,4.2270002365112305,16.8799991607666
2026-01-30,4713.89990234375,65.20999908447266,96.98999786376953,4.241000175476074,17.440000534057617
2026-02-02,4622.5,62.13999938964844,97.61000061035156,4.275000095367432,16.34000015258789
2026-02-03,4903.7001953125,63.209999084472656,97.44000244140625,4.27400016784668,18.0
2026-02-04,4920.39990234375,65.13999938964844,97.62000274658203,4.275000095367432,18.639999389648438
2026-02-05,4861.39990234375,63.290000915527344,97.81999969482422,4.210000038146973,21.770000457763672
2026-02-06,4951.2001953125,63.54999923706055,97.62999725341797,4.205999851226807,20.3700008392334
2026-02-09,5050.89990234375,64.36000061035156,96.81999969482422,4.197999954223633,17.360000610351562
2026-02-10,5003.7998046875,63.959999084472656,96.80000305175781,4.146999835968018,17.790000915527344
2026-02-11,5071.60009765625,64.62999725341797,96.83000183105469,4.171999931335449,17.649999618530273
2026-02-12,4923.7001953125,62.84000015258789,96.93000030517578,4.104000091552734,20.81999969482422
2026-02-13,5022.0,62.88999938964844,96.87999725341797,4.056000232696533,20.600000381469727
2026-02-17,4882.89990234375,62.33000183105469,97.16000366210938,4.052000045776367,20.290000915527344
2026-02-18,4986.5,65.19000244140625,97.69999694824219,4.078999996185303,19.6200008392334
2026-02-19,4975.89990234375,66.43000030517578,97.93000030517578,4.074999809265137,20.229999542236328
2026-02-20,5059.2998046875,66.38999938964844,97.80000305175781,4.085999965667725,19.09000015258789
2026-02-23,5204.7001953125,66.30999755859375,97.69999694824219,4.0289998054504395,21.010000228881836
2026-02-24,5155.7998046875,65.62999725341797,97.87999725341797,4.0329999923706055,19.549999237060547
2026-02-25,5206.39990234375,65.41999816894531,97.69999694824219,4.047999858856201,17.93000030517578
2026-02-26,5176.5,65.20999908447266,97.79000091552734,4.017000198364258,18.6299991607666
2026-02-27,5230.5,67.0199966430664,97.61000061035156,3.9619998931884766,19.860000610351562
2026-03-02,5294.39990234375,71.2300033569336,98.37999725341797,4.047999858856201,21.440000534057617
2026-03-03,5107.39990234375,74.55999755859375,99.05000305175781,4.056000232696533,23.56999969482422
2026-03-04,5120.2001953125,74.66000366210938,98.7699966430664,4.079999923706055,21.149999618530273
2026-03-05,5065.2998046875,81.01000213623047,99.31999969482422,4.145999908447266,23.75
2026-03-06,5146.10009765625,90.9000015258789,98.98999786376953,4.132999897003174,29.489999771118164
2026-03-09,5091.5,94.7699966430664,99.18000030517578,4.136000156402588,25.5
2026-03-10,5229.7001953125,83.44999694824219,98.83000183105469,4.136000156402588,24.93000030517578
2026-03-11,5167.39990234375,87.25,99.2300033569336,4.208000183105469,24.229999542236328
2026-03-12,5115.7998046875,95.7300033569336,99.73999786376953,4.2729997634887695,27.290000915527344
2026-03-13,5052.5,98.70999908447266,100.36000061035156,4.284999847412109,27.190000534057617
2026-03-16,4994.0,93.5,99.70999908447266,4.21999979019165,23.510000228881836
2026-03-17,5001.0,96.20999908447266,99.58000183105469,4.202000141143799,22.3700008392334
2026-03-18,4889.89990234375,96.31999969482422,100.08999633789062,4.258999824523926,25.09000015258789
2026-03-19,4600.7001953125,96.13999938964844,99.2300033569336,4.281000137329102,24.059999465942383
2026-03-20,4570.39990234375,98.31999969482422,99.6500015258789,4.390999794006348,26.780000686645508
2026-03-23,4404.10009765625,88.12999725341797,98.94999694824219,4.334000110626221,26.149999618530273
2026-03-24,4399.2998046875,92.3499984741211,99.43000030517578,4.392000198364258,26.950000762939453
2026-03-25,4549.7998046875,90.31999969482422,99.5999984741211,4.328000068664551,25.329999923706055
2026-03-26,4375.5,94.4800033569336,99.9000015258789,4.415999889373779,27.440000534057617
2026-03-27,4492.0,99.63999938964844,100.1500015258789,4.440000057220459,31.049999237060547
2026-03-30,4526.0,102.87999725341797,100.51000213623047,4.3420000076293945,30.610000610351562
2026-03-31,4647.60009765625,101.37999725341797,99.95999908447266,4.310999870300293,25.25
2026-04-01,4783.2001953125,100.12000274658203,99.6500015258789,4.318999767303467,24.540000915527344
2026-04-02,4651.5,111.54000091552734,100.02999877929688,4.313000202178955,23.8700008392334
2026-04-06,4656.7998046875,112.41000366210938,99.9800033569336,4.335000038146973,24.170000076293945
2026-04-07,4657.10009765625,112.94999694824219,99.63999938964844,4.3429999351501465,25.780000686645508
2026-04-08,4749.5,94.41000366210938,99.12999725341797,4.290999889373779,21.040000915527344
2026-04-09,4792.2001953125,97.87000274658203,98.81999969482422,4.293000221252441,19.489999771118164
2026-04-10,4761.89990234375,96.56999969482422,98.6500015258789,4.316999912261963,19.229999542236328
2026-04-13,4742.39990234375,99.08000183105469,98.37000274658203,4.296999931335449,19.1200008392334
2026-04-14,4825.0,91.27999877929688,98.12000274658203,4.25600004196167,18.360000610351562
2026-04-15,4800.0,91.29000091552734,98.05999755859375,4.2820000648498535,18.170000076293945
2026-04-16,4785.39990234375,94.69000244140625,98.22000122070312,4.309000015258789,17.940000534057617
2026-04-17,4857.60009765625,83.8499984741211,98.0999984741211,4.245999813079834,17.479999542236328
2026-04-20,4806.60009765625,89.61000061035156,98.05000305175781,4.25,18.8700008392334
2026-04-21,4698.39990234375,92.12999725341797,98.41000366210938,4.291999816894531,19.5
2026-04-22,4732.5,92.95999908447266,98.58999633789062,4.294000148773193,18.920000076293945
2026-04-23,4705.10009765625,95.8499984741211,98.80000305175781,4.322999954223633,19.309999465942383
2026-04-24,4722.2998046875,94.4000015258789,98.51000213623047,4.309999942779541,18.709999084472656
2026-04-27,4675.39990234375,96.37000274658203,98.4800033569336,4.335999965667725,18.020000457763672
2026-04-28,4591.5,99.93000030517578,98.62000274658203,4.354000091552734,17.829999923706055
2026-04-29,4545.2001953125,106.87999725341797,98.91999816894531,4.418000221252441,18.809999465942383
2026-04-30,4614.7001953125,105.06999969482422,98.08000183105469,4.389999866485596,16.889999389648438
2026-05-01,4629.89990234375,101.94000244140625,98.20999908447266,4.377999782562256,16.989999771118164
2026-05-04,4519.5,106.41999816894531,98.47000122070312,4.446000099182129,18.290000915527344
2026-05-05,4555.7998046875,102.2699966430664,98.4800033569336,4.415999889373779,17.3799991607666
2026-05-06,4681.89990234375,95.08000183105469,98.0199966430664,4.355999946594238,17.389999389648438
2026-05-07,4699.7998046875,94.80999755859375,98.25,4.392000198364258,17.079999923706055
2026-05-08,4720.39990234375,95.41999816894531,97.83999633789062,4.363999843597412,17.190000534057617
2026-05-11,4718.7001953125,98.06999969482422,97.94000244140625,4.409999847412109,18.3799991607666
2026-05-12,4677.60009765625,102.18000030517578,98.29000091552734,4.4629998207092285,17.989999771118164
2026-05-13,4697.7001953125,101.0199966430664,98.4800033569336,4.480999946594238,17.8700008392334
2026-05-14,4678.10009765625,101.16999816894531,98.87999725341797,4.460999965667725,17.260000228881836
2026-05-15,4555.7998046875,105.41999816894531,99.2699966430664,4.59499979019165,18.43000030517578
2026-05-18,4552.5,108.66000366210938,98.97000122070312,4.623000144958496,17.81999969482422
2026-05-19,4506.2998046875,107.7699966430664,99.30000305175781,4.666999816894531,18.059999465942383
2026-05-20,4531.2998046875,98.26000213623047,99.11000061035156,4.572000026702881,17.440000534057617
2026-05-21,4539.7998046875,96.3499984741211,99.19000244140625,4.585999965667725,16.760000228881836
2026-05-22,4521.0,96.5999984741211,99.31999969482422,4.558000087738037,16.700000762939453
2026-05-25,,,,,16.59000015258789
2026-05-26,4500.39990234375,93.88999938964844,99.16999816894531,4.493000030517578,17.010000228881836
2026-05-27,4447.5,88.68000030517578,99.20999908447266,4.480999946594238,16.290000915527344
2026-05-28,4499.2998046875,88.9000015258789,99.0199966430664,4.454999923706055,15.739999771118164
2026-05-29,4560.5,87.36000061035156,98.91000366210938,4.453000068664551,15.319999694824219
2026-06-01,4475.2001953125,92.16000366210938,99.19999694824219,4.474999904632568,16.049999237060547
2026-06-02,4489.10009765625,93.76000213623047,99.22000122070312,4.454999923706055,15.770000457763672
2026-06-03,4436.7001953125,96.0199966430664,99.52999877929688,4.491000175476074,16.059999465942383
2026-06-04,4475.7998046875,93.04000091552734,99.41000366210938,4.4770002365112305,15.399999618530273
2026-06-05,4337.10009765625,90.54000091552734,100.06999969482422,4.535999774932861,21.510000228881836
2026-06-08,4335.89990234375,91.30000305175781,100.05000305175781,4.552000045776367,18.920000076293945
2026-06-09,4260.0,88.19999694824219,99.91000366210938,4.5279998779296875,19.8700008392334
2026-06-10,4108.2001953125,90.02999877929688,99.94999694824219,4.541999816894531,22.219999313354492
2026-06-11,4090.300048828125,87.70999908447266,99.86000061035156,4.4629998207092285,19.440000534057617
2026-06-12,4215.0,84.87999725341797,99.75,4.486999988555908,17.68000030517578
2026-06-15,4328.0,80.75,99.62999725341797,4.468999862670898,16.200000762939453
2026-06-16,4330.89990234375,76.05000305175781,99.54000091552734,4.427999973297119,16.40999984741211
2026-06-17,4358.89990234375,76.79000091552734,100.08999633789062,4.4629998207092285,18.440000534057617
2026-06-18,4224.10009765625,76.5999984741211,100.8499984741211,4.451000213623047,16.399999618530273
2026-06-22,4181.89990234375,74.81999969482422,101.0199966430664,4.508999824523926,17.280000686645508
2026-06-23,4129.89990234375,73.20999908447266,101.41000366210938,4.493000030517578,19.489999771118164
2026-06-24,3990.300048828125,70.33999633789062,101.61000061035156,4.4019999504089355,18.6299991607666
2026-06-25,4030.5,71.91999816894531,101.43000030517578,4.392000198364258,18.889999389648438
2026-06-26,4078.699951171875,69.2300033569336,101.36000061035156,4.372000217437744,18.40999984741211
2026-06-29,4022.300048828125,70.75,101.11000061035156,4.374000072479248,17.649999618530273
2026-06-30,4022.89990234375,69.5,101.19000244140625,4.418000221252441,16.450000762939453
2026-07-01,4068.300048828125,68.58000183105469,101.38999938964844,4.474999904632568,16.59000015258789
2026-07-02,4112.7001953125,68.69000244140625,100.86000061035156,4.485000133514404,16.149999618530273
2026-07-06,4155.10009765625,68.55000305175781,100.8499984741211,4.479000091552734,15.569999694824219
2026-07-07,4145.2998046875,70.44000244140625,101.13999938964844,4.5289998054504395,16.1299991607666
2026-07-08,4070.89990234375,73.5199966430664,101.05000305175781,4.568999767303467,16.899999618530273
2026-07-09,4130.60009765625,72.08000183105469,100.94000244140625,4.539000034332275,15.84000015258789
2026-07-10,4104.10009765625,71.41000366210938,100.97000122070312,4.568999767303467,15.029999732971191
2026-07-13,3997.0,78.13999938964844,101.27999877929688,4.609000205993652,17.15999984741211
2026-07-14,4061.10009765625,79.33999633789062,100.94000244140625,4.585000038146973,16.5
2026-07-15,4044.0,79.5999984741211,100.5,4.545000076293945,15.670000076293945
2026-07-16,3985.60009765625,78.94999694824219,100.7300033569336,4.568999767303467,16.729999542236328
2026-07-17,4012.699951171875,82.48999786376953,100.75,4.540999889373779,18.770000457763672
2026-07-20,4010.300048828125,83.2300033569336,100.98999786376953,4.5980000495910645,18.649999618530273
2026-07-21,4071.10009765625,84.91000366210938,101.18000030517578,4.627999782562256,17.049999237060547
2026-07-22,4146.89990234375,86.83000183105469,101.13999938964844,4.6570000648498535,16.639999389648438
2026-07-23,4046.60009765625,92.19000244140625,101.43000030517578,4.703000068664551,18.700000762939453
2026-07-24,4067.60009765625,89.30999755859375,101.47000122070312,4.678999900817871,18.579999923706055
2026-07-27,4074.5,82.61000061035156,101.51000213623047,4.640999794006348,18.670000076293945
2026-07-28,4036.300048828125,79.26000213623047,101.37999725341797,4.604000091552734,18.209999084472656
2026-07-29,4034.699951171875,84.45999908447266,100.80000305175781,4.622000217437744,20.65999984741211
2026-07-30,4100.10009765625,83.58999633789062,100.01000213623047,4.663000106811523,17.09000015258789
2026-07-31,4049.10009765625,84.66999816894531,99.80000305175781,4.744999885559082,15.989999771118164
2026-08-03,4033.699951171875,80.33999633789062,99.95999908447266,4.685999870300293,15.859999656677246
2026-08-04,4095.39990234375,75.7699966430664,99.88999938964844,4.626999855041504,16.5
2026-08-05,4245.7998046875,75.22000122070312,99.69000244140625,4.617000102996826,15.8100004196167
2026-08-06,4242.0,77.29000091552734,99.97000122070312,4.670000076293945,15.149999618530273
2026-08-07,4340.7001953125,78.18000030517578,99.5999984741211,4.659999847412109,14.899999618530273
2026-08-10,4361.7998046875,82.12999725341797,99.80999755859375,4.698999881744385,15.460000038146973
2026-08-11,4383.0,83.19999694824219,99.81999969482422,4.684000015258789,15.279999732971191
2026-08-12,4408.89990234375,83.2699966430664,100.01000213623047,4.682000160217285,14.550000190734863
2026-08-13,4363.60009765625,81.25,99.95999908447266,4.640999794006348,14.630000114440918
2026-08-14,4380.39990234375,82.4000015258789,99.66999816894531,4.696000099182129,14.25
2026-08-17,4417.7998046875,84.5,99.63999938964844,4.723999977111816,15.1899995803833
2026-08-18,4366.0,84.94000244140625,99.6500015258789,4.705999851226807,15.84000015258789
2026-08-19,4489.39990234375,85.83000183105469,98.83000183105469,4.6529998779296875,14.890000343322754
2026-08-20,4516.2998046875,87.83000183105469,98.9000015258789,4.696000099182129,16.010000228881836
2026-08-21,4624.10009765625,87.05999755859375,98.80000305175781,4.73799991607666,15.130000114440918
2026-08-24,4640.7998046875,85.01000213623047,99.0,4.703999996185303,15.850000381469727
2026-08-25,4638.10009765625,82.36000061035156,98.91999816894531,4.638999938964844,15.449999809265137
2026-08-26,4598.2001953125,82.2300033569336,99.16999816894531,4.664000034332275,15.210000038146973
2026-08-27,4609.7001953125,83.52999877929688,99.16000366210938,4.671999931335449,14.510000228881836
2026-08-28,4478.10009765625,83.4000015258789,99.69999694824219,4.71999979019165,14.430000305175781
2026-08-31,4431.10009765625,85.76000213623047,99.43000030517578,4.757999897003174,14.920000076293945
2026-09-01,4348.0,90.22000122070312,99.66999816894531,4.796000003814697,16.34000015258789
2026-09-02,4366.2998046875,91.01000213623047,99.55999755859375,4.796000003814697,15.199999809265137
2026-09-03,4491.7001953125,91.30000305175781,99.0,4.76200008392334,14.319999694824219
2026-09-04,4429.7998046875,91.4800033569336,99.16000366210938,4.783999919891357,14.529999732971191
