date,regime,prob_0,prob_1,prob_2,prob_3,prob_4,confidence
2004-02-03,1,9.701728255783406e-05,0.987253827096625,8.960751899763682e-06,0.012636361559415867,3.833309502064741e-06,0.987253827096625
2004-02-04,1,5.953982818965013e-05,0.9926758638792554,6.503720847004802e-07,0.0072608174260991275,3.1284943710006863e-06,0.9926758638792554
2004-02-05,1,3.0036474477778212e-05,0.9949869452590576,7.698220492042505e-07,0.004980141469352504,2.1069750626034016e-06,0.9949869452590576
2004-02-06,1,6.676643753901205e-05,0.9925903451022712,1.0038423938163261e-08,0.007316742605708027,2.6135816057475683e-05,0.9925903451022712
2004-02-09,1,7.377076808246862e-05,0.9900833738181574,6.549846499433378e-09,0.009801748265924193,4.1100597989775e-05,0.9900833738181574
2004-02-10,1,6.077989705476101e-05,0.989508524870947,1.3219810287365644e-08,0.010375406943375631,5.527506881236788e-05,0.989508524870947
2004-02-11,1,9.987907632148708e-05,0.9828500799675662,4.9349865698559065e-08,0.01698973025586944,6.026135037690165e-05,0.9828500799675662
2004-02-12,1,6.0125322019014045e-05,0.9871905333688079,2.5433677894214126e-08,0.012689256045349477,6.005983014656086e-05,0.9871905333688079
2004-02-13,1,0.0005230087568425994,0.9961074412627312,1.1217383658565843e-11,0.0030975108892889076,0.0002720390799196166,0.9961074412627312
2004-02-17,1,0.0008604829351401421,0.9984694744420985,5.771052920543271e-08,0.0006271017159785525,4.288319625320128e-05,0.9984694744420985
2004-02-18,1,0.0006912685890218083,0.9985024336762856,9.663684001699559e-11,0.000686452362266079,0.00011984527578985459,0.9985024336762856
2004-02-19,1,0.000563098093681356,0.9986731699874175,3.10998107225238e-09,0.0004965343286675756,0.0002671944802525309,0.9986731699874175
2004-02-20,1,8.917097707075654e-05,0.9984522332464567,1.398296099027791e-07,0.000945044429543052,0.0005134115173193247,0.9984522332464567
2004-02-23,1,0.00011021065156587336,0.9982307888626247,1.0594405575887088e-09,0.001005201242404353,0.0006537981839649283,0.9982307888626247
2004-02-24,1,7.717975657342579e-05,0.9981186877302332,1.2936764450377713e-09,0.0008413221681920108,0.0009628090513241914,0.9981186877302332
2004-02-25,1,1.5736115022782033e-05,0.9903612984250352,6.358384573813404e-11,0.005592952832462852,0.004030012563894684,0.9903612984250352
2004-02-26,1,3.131603186964683e-05,0.9934124879925198,6.076041904470719e-12,0.002687723097584185,0.003868472871950833,0.9934124879925198
2004-02-27,1,0.000715230747683609,0.9974596200734573,2.367169181845603e-17,0.0010238832904030384,0.0008012658884567576,0.9974596200734573
2004-03-01,1,0.0007184109799085926,0.9969829636513697,1.922686062532715e-16,0.0014328599388983541,0.0008657654298238336,0.9969829636513697
2004-03-02,1,0.0008826111156739616,0.9982084626556036,1.1116579768507209e-12,0.0007411327171443894,0.00016779351046550852,0.9982084626556036
2004-03-03,1,0.0009761732820006153,0.9983057264690897,1.4733312100489703e-11,0.0006252601993295819,9.284003484641172e-05,0.9983057264690897
2004-03-04,1,0.001496128927105962,0.9973516266310842,1.4433416255711684e-09,0.0010225658766351378,0.00012967712183290593,0.9973516266310842
2004-03-05,1,0.004414165341470572,0.9875666390343383,1.073153484913542e-07,0.007736713528575761,0.0002823747802661904,0.9875666390343383
2004-03-08,1,0.014909328072444283,0.9504078503548283,0.00010316707517120566,0.03453478944972388,4.486504783275395e-05,0.9504078503548283
2004-03-09,1,0.018322571964270687,0.9350619157969476,5.2466834820741536e-05,0.04650664715322833,5.6398250732152106e-05,0.9350619157969476
2004-03-10,1,0.026210005793858106,0.9396993199394094,4.0910102125510895e-05,0.033945893287099994,0.00010387087750646523,0.9396993199394094
2004-03-11,1,0.02003034444981895,0.941626828039734,0.0002365232221424959,0.03805956059469145,4.674369361345598e-05,0.941626828039734
2004-03-12,1,0.009376988051365847,0.9427082897416245,0.003859149508899138,0.04404810478570316,7.467912406663813e-06,0.9427082897416245
2004-03-15,1,0.005809209226801582,0.907259015236657,0.05667460285381647,0.030255499990342244,1.672692382679418e-06,0.907259015236657
2004-03-16,1,0.018553557604863494,0.8980120399542079,0.022780558982215135,0.06065144101617483,2.4024425385983284e-06,0.8980120399542079
2004-03-17,1,0.03623380342411933,0.8611560862451622,0.0522777342026588,0.05032490444849552,7.471679563500177e-06,0.8611560862451622
2004-03-18,1,0.01853395184964502,0.944382184521247,0.008080355081955136,0.028998516628225914,4.9919189276118e-06,0.944382184521247
2004-03-19,1,0.05914073220476726,0.9246191530675444,0.0012689533955510686,0.014970432086609076,7.292455283684471e-07,0.9246191530675444
2004-03-22,1,0.06407269005565583,0.8969619898782429,0.0011695536599084016,0.037794419685790934,1.3467204027368884e-06,0.8969619898782429
2004-03-23,1,0.09271057567401658,0.8619067454468081,0.0016745352102100703,0.04370730890136185,8.347676031486869e-07,0.8619067454468081
2004-03-24,2,0.08418303423352169,0.06488339272669812,0.8496006839484127,0.0013328740385775324,1.5052789927568527e-08,0.8496006839484127
2004-03-25,1,0.27701542889598363,0.385823438365918,0.33186321345371245,0.00529788714403454,3.2140351851401266e-08,0.385823438365918
2004-03-26,1,0.1852703623945494,0.549885371682969,0.26068018098604356,0.004164027179387616,5.77570505357767e-08,0.549885371682969
2004-03-29,1,0.14095328399196835,0.7095744879002973,0.143098788985581,0.006373377012672453,6.210948116881695e-08,0.7095744879002973
2004-03-30,1,0.08490461206378584,0.7511230494888048,0.15976576734181996,0.004206549606027922,2.1499561057091503e-08,0.7511230494888048
2004-03-31,1,0.08522127180739116,0.819177123883831,0.08585908478702728,0.009742427482790176,9.203896005224197e-08,0.819177123883831
2004-04-01,1,0.08332095970334218,0.8973333340391465,0.0034073616291516477,0.015938259731604097,8.489675646446061e-08,0.8973333340391465
2004-04-02,1,0.020773976236363532,0.9694855015164535,1.2286926329571226e-05,0.009728223411482065,1.1909372045504713e-08,0.9694855015164535
2004-04-05,1,0.004987100319966434,0.9906724111143056,1.4065837464048682e-05,0.004326415554459088,7.1738051759497495e-09,0.9906724111143056
2004-04-06,1,0.006181219434770157,0.9898324200269577,0.00011012150740325857,0.0038762342177132486,4.813155641651427e-09,0.9898324200269577
2004-04-07,1,0.001847789993287409,0.9938361260901721,0.0006952390876891631,0.003620844527095862,3.0175506588156757e-10,0.9938361260901721
2004-04-08,1,0.0013303828529562301,0.9941546177450745,2.2315854043764964e-05,0.0044926830517439936,4.961820653852909e-10,0.9941546177450745
2004-04-12,1,0.0014934237899511804,0.9933956573078901,4.713224586625999e-06,0.005106203588241011,2.0893304930742277e-09,0.9933956573078901
2004-04-13,1,0.0004454569275825739,0.9992457299905508,5.014434395610646e-07,0.00030614806472396746,2.1635737028252215e-06,0.9992457299905508
2004-04-14,1,0.00015643955838824067,0.9992609068348235,3.036617902330541e-06,0.0005788346658557002,7.823230303747118e-07,0.9992609068348235
2004-04-15,1,0.00010023740857333215,0.9993563063120087,1.521487779264672e-06,0.0005414306290853658,5.04162553482889e-07,0.9993563063120087
2004-04-16,1,0.0001837815360389424,0.9992346549036895,6.239683547637511e-06,0.0005745742192404934,7.496574831507924e-07,0.9992346549036895
2004-04-19,1,0.00019627427011347258,0.999293240933578,2.953707637231558e-06,0.0005067924425757561,7.386460958166676e-07,0.999293240933578
2004-04-20,1,0.0004309519689947554,0.9991526356356071,8.79466109092542e-05,0.00032728299696891376,1.182787519752453e-06,0.9991526356356071
2004-04-21,1,0.00031841562642213547,0.9992000993385809,0.0001326606160906177,0.00034832196413232504,5.024547742650726e-07,0.9992000993385809
2004-04-22,1,0.0004579127681717124,0.998823384128597,0.00033691139480933086,0.0003814224325591503,3.692758632780664e-07,0.998823384128597
2004-04-23,1,0.0002788799859392853,0.9910984940330104,0.008338962477110284,0.00028337793140000245,2.855725402146253e-07,0.9910984940330104
2004-04-26,1,0.0003222901089734439,0.9822269854982968,0.01704523857131764,0.0004053737740408443,1.1204737068781247e-07,0.9822269854982968
2004-04-27,1,0.00045489779013171657,0.9756028865943777,0.023619745711670546,0.00032239517411904335,7.472970074328116e-08,0.9756028865943777
2004-04-28,1,4.176501386602302e-05,0.9928361859288635,0.006816390636733563,0.0003017692074105202,3.889213126387017e-06,0.9928361859288635
2004-04-29,1,6.71997446746654e-05,0.936679280347962,0.06299217698350222,0.0002591724485358124,2.1704753250328505e-06,0.936679280347962
2004-04-30,2,1.3591731692643505e-05,0.09031010995274691,0.909621854956377,5.43215664455566e-05,1.2179273702669793e-07,0.909621854956377
2004-05-03,2,4.386443396861695e-05,0.12859127490483424,0.8713256940235979,3.9044585132644954e-05,1.2205246619800765e-07,0.8713256940235979
2004-05-04,2,7.111453306973797e-05,0.15807990702112698,0.8418344339306415,1.4407107945964468e-05,1.3740721518047384e-07,0.8418344339306415
2004-05-05,2,0.00010707746588523017,0.19166419241578675,0.8082155546896177,1.3000971219071606e-05,1.7445749216601308e-07,0.8082155546896177
2004-05-06,2,0.00017203313890217824,0.28019000271978106,0.7196185526066304,1.9097402436139067e-05,3.1413225010720883e-07,0.7196185526066304
2004-05-07,2,3.3196854445518725e-05,0.4483078836974098,0.5516303126108891,2.6356620723585236e-05,2.2502165321865894e-06,0.5516303126108891
2004-05-10,1,4.398482181839597e-05,0.730376182422302,0.2695320183306952,3.718369934621669e-05,1.0630725837828492e-05,0.730376182422302
2004-05-11,1,0.0001324339717927347,0.9251855783410599,0.07459232240198102,8.62901035604824e-05,3.375181605605404e-06,0.9251855783410599
2004-05-12,1,0.00044250814536248614,0.9899347912763986,0.009598862437081641,1.6240894944024694e-05,7.597246213319564e-06,0.9899347912763986
2004-05-13,1,0.0004553532513710781,0.9888375466802277,0.01068797671363022,1.4080317501661644e-05,5.043037269240416e-06,0.9888375466802277
2004-05-14,1,0.0005061682883667702,0.9855316658044203,0.01393959327327937,1.951074404905452e-05,3.0618898848436e-06,0.9855316658044203
2004-05-17,1,0.00039986553757199566,0.9706603671483375,0.02890015806858028,3.743593439062171e-05,2.173311120019372e-06,0.9706603671483375
2004-05-18,1,0.00037258126003675746,0.960498746731972,0.039095618390435405,3.2028976015710214e-05,1.0246415400945115e-06,0.960498746731972
2004-05-19,1,0.0002335237722565572,0.9885935503679096,0.011151574505170252,9.276321358960212e-06,1.2075033304273133e-05,0.9885935503679096
2004-05-20,1,0.0003264087637873043,0.9737887203269278,0.02585065130805244,2.7623058558339834e-05,6.5965426736391045e-06,0.9737887203269278
2004-05-21,1,5.21895420325142e-05,0.9998494556614155,3.551493423759471e-05,1.549278606728265e-05,4.7347076246285055e-05,0.9998494556614155
2004-05-24,1,4.257414213528114e-05,0.9998878888042916,8.414268643537452e-06,1.0897001486481866e-05,5.022578344387433e-05,0.9998878888042916
2004-05-25,1,3.895357494417357e-05,0.999873621804953,1.4850714616408918e-07,7.601440027353886e-06,7.967467293016572e-05,0.999873621804953
2004-05-26,1,0.000629405323367082,0.9993562206634445,4.021314859134819e-08,8.511753222046313e-06,5.822046818537948e-06,0.9993562206634445
2004-05-27,1,0.000307552598255973,0.9996121261937281,2.273791844207993e-13,6.026877060530957e-06,7.429433072797077e-05,0.9996121261937281
2004-05-28,1,0.00022442654809281702,0.9996635041740389,1.439309911339076e-13,5.152679562231317e-06,0.00010691659816213634,0.9996635041740389
2004-06-01,1,0.00021099935791442983,0.9995539718844885,6.948811567571882e-14,6.624652432116506e-06,0.00022840410509596598,0.9995539718844885
2004-06-02,1,0.0011062501104861131,0.9987050301823795,6.689954844306347e-15,2.4053099856989686e-05,0.00016466660727013758,0.9987050301823795
2004-06-03,1,0.0015537200776804406,0.9982591525986176,1.4624851959844547e-15,3.2089609725971735e-05,0.00015503771397378663,0.9982591525986176
2004-06-04,1,0.002395143627505889,0.9972461956248325,9.341658984565753e-17,6.572669381095618e-05,0.0002929340538511174,0.9972461956248325
2004-06-07,1,0.011158113760942001,0.9887227897764317,4.516571572425506e-13,9.928734805260128e-05,1.9809114121323e-05,0.9887227897764317
2004-06-08,1,0.015212947950582598,0.9845665145346717,1.1403985724201457e-12,0.00021008462069434385,1.0452892910971459e-05,0.9845665145346717
2004-06-09,1,0.012048426968777377,0.9878110793037105,1.31276024158827e-13,9.30169203660921e-05,4.7476807015261106e-05,0.9878110793037105
2004-06-10,1,0.01191513158509736,0.9879710828814328,2.8050567658941383e-13,7.469851825432293e-05,3.9087014935452926e-05,0.9879710828814328
2004-06-14,1,0.02931408708021345,0.9705519608397295,5.3543119391186385e-12,8.012567252130097e-05,5.3826402181197426e-05,0.9705519608397295
2004-06-15,1,0.029471415149554994,0.9703693192629013,1.996179884421746e-13,5.5704901584462395e-05,0.00010356068575904574,0.9703693192629013
2004-06-16,1,0.02478075721614706,0.9748587321893759,5.4371952130904685e-15,3.2143562651244254e-05,0.0003283670318200926,0.9748587321893759
2004-06-17,1,0.01221681720256103,0.9876545343987513,9.214628512345963e-14,1.3365758278659867e-05,0.00011528264031626268,0.9876545343987513
2004-06-18,1,0.013534461786193169,0.9862301341089577,4.263488245234903e-15,2.2590552245307395e-05,0.00021281355259983824,0.9862301341089577
2004-06-21,1,0.028744893871986112,0.9708010793179619,9.350761300843183e-16,1.687632852869281e-05,0.00043715048152158267,0.9708010793179619
2004-06-22,1,0.036177891525203405,0.9637745368628687,2.314779322288807e-13,8.073457636088035e-06,3.949815406008225e-05,0.9637745368628687
2004-06-23,1,0.07432459647032474,0.9256011413817545,7.372306588887294e-13,1.887226421662493e-05,5.5389882967271145e-05,0.9256011413817545
2004-06-24,1,0.017592352406960634,0.9822935103263136,3.857893264998132e-10,0.00011002483010265311,4.112050834340165e-06,0.9822935103263136
2004-06-25,1,0.017861253427882737,0.9820339559998902,4.215904603496962e-10,0.00010066901611804605,4.121134518786185e-06,0.9820339559998902
2004-06-28,1,0.03993625156563229,0.9599472745068032,6.446138961334446e-07,0.00011558639055780371,2.429231111181788e-07,0.9599472745068032
2004-06-29,1,0.011667314495164866,0.9880623801108481,2.031678182476566e-06,0.0002681125193349395,1.6119647041106553e-07,0.9880623801108481
2004-06-30,1,0.019095107498721852,0.9806044179276989,9.368046613227274e-05,0.0002065920682614002,2.0203918609332904e-07,0.9806044179276989
2004-07-01,1,0.003421732539884196,0.9948856720380794,0.0016232473884397465,6.932191414343565e-05,2.611945277786519e-08,0.9948856720380794
2004-07-02,1,0.003346810519748129,0.9956900593375438,0.0008400760092897618,0.00012303172495190846,2.2408466732745562e-08,0.9956900593375438
2004-07-06,1,0.001154644724122274,0.9986847774223877,9.425442745502681e-05,6.603448402717012e-05,2.8894200782312964e-07,0.9986847774223877
2004-07-07,1,0.0002609813199313313,0.9996669944350373,1.3583558769199538e-06,6.732867698376412e-05,3.3372121711535846e-06,0.9996669944350373
2004-07-08,1,9.085735628252589e-05,0.9998253121752393,1.1131594710905798e-05,6.669703806344161e-05,6.0018357038360625e-06,0.9998253121752393
2004-07-09,1,0.00019146932511080657,0.9996817968595565,6.136007809595617e-05,6.369693057179789e-05,1.6768066652759328e-06,0.9996817968595565
2004-07-12,1,0.0002945969346823734,0.9996100631605079,2.2931963305367265e-05,7.139002567744905e-05,1.0179158268442776e-06,0.9996100631605079
2004-07-13,1,7.828306625214569e-05,0.9996755225099325,1.6766409181322433e-05,0.00022872889507924535,6.99119555255887e-07,0.9996755225099325
2004-07-14,1,6.421360231809742e-05,0.9988516704472339,0.0007142172120217059,0.00036925448471164036,6.442537145197404e-07,0.9988516704472339
2004-07-15,1,0.00010486381438191707,0.9988600973108528,0.0008632275119305801,0.0001711079099808351,7.034528536517814e-07,0.9988600973108528
2004-07-16,1,0.0002722061976870627,0.9992417177483881,0.0002972103868713212,0.00018796686591046426,8.988011428594738e-07,0.9992417177483881
2004-07-19,1,0.0005218695922230477,0.9989992352354637,0.00022174164349245568,0.0002563637345866962,7.897942341077276e-07,0.9989992352354637
2004-07-20,1,0.0002241318092651495,0.9975903444560057,0.001836312083143337,0.00034879445933103304,4.1719225456060544e-07,0.9975903444560057
2004-07-21,1,0.0003201827952433733,0.9985930393668258,0.0009819763809342922,0.00010366522992317309,1.1362270737111456e-06,0.9985930393668258
2004-07-22,1,0.00023044316527391761,0.9974896440992829,0.002063031983821024,0.00021455882703911593,2.3219245830889394e-06,0.9974896440992829
2004-07-23,1,0.0007858220459833672,0.9986616289294327,0.0003506732305555034,0.00019646195290217886,5.413841126604266e-06,0.9986616289294327
2004-07-26,1,0.0006223057631540368,0.9988686706199025,0.00030991854913812387,0.00019397086054823953,5.1342072568040595e-06,0.9988686706199025
2004-07-27,1,0.00022197739582606324,0.9957661660356978,0.003562515400087572,0.00043603538847980733,1.3305779909639681e-05,0.9957661660356978
2004-07-28,1,0.00045651276169617126,0.9991689181061916,0.00013532953623988437,0.0001820198601609608,5.7219735711504436e-05,0.9991689181061916
2004-07-29,1,0.0005402564361682793,0.9992924096943314,5.984725026231647e-05,9.878689968726806e-05,8.699719550806907e-06,0.9992924096943314
2004-07-30,1,0.0009581452776910667,0.998958449013841,2.297850253919164e-05,4.6766662582056e-05,1.3660543347004045e-05,0.998958449013841
2004-08-02,1,0.0014456914550745258,0.9982318577031369,0.00024172455325137206,6.865741349639852e-05,1.2068875040862046e-05,0.9982318577031369
2004-08-03,1,0.005231197760042959,0.9641317062919941,0.030517042379526224,0.00011962718843110763,4.263800052480677e-07,0.9641317062919941
2004-08-04,1,0.01962058050300079,0.5029110202331901,0.4772600320586512,0.00020836609495049745,1.110206826388723e-09,0.5029110202331901
2004-08-05,1,0.014863121362052813,0.7534135318583971,0.23137612690774081,0.00034721675658515365,3.1152248026949005e-09,0.7534135318583971
2004-08-06,1,0.014982479755625482,0.97491849332841,0.008831902758146786,0.0012671042086948815,1.9949122971506803e-08,0.97491849332841
2004-08-09,1,0.011370660580265953,0.9597536504277168,0.02723818135812998,0.001637487974712173,1.965917533293657e-08,0.9597536504277168
2004-08-10,1,0.013239317952697272,0.9735938912917222,0.012577240465636907,0.0005895337361392423,1.655380486055192e-08,0.9735938912917222
2004-08-11,1,0.012916722307199651,0.983705515111535,0.002290465897696708,0.001087243234695712,5.344887299087908e-08,0.983705515111535
2004-08-12,1,0.011515508804351402,0.9850844215418512,0.0020571754861625907,0.001342809492807324,8.467482760711857e-08,0.9850844215418512
2004-08-13,1,0.016255181682136962,0.9749642346500549,0.007786201984434084,0.0009942849657440266,9.671763022542773e-08,0.9749642346500549
2004-08-16,1,0.009644901858559622,0.989380279600924,0.0006566362332798796,0.0003178775195019677,3.047877344337295e-07,0.989380279600924
2004-08-17,1,0.011518328838477867,0.988234341907002,5.973918711858016e-05,0.0001856546353530594,1.9354320484305883e-06,0.988234341907002
2004-08-18,1,0.0075365541047133855,0.9916687821333756,3.54503739887831e-05,0.000758237999928137,9.753879937105192e-07,0.9916687821333756
2004-08-19,1,0.00918783203955115,0.989638620218861,0.0003741945655505456,0.000798865798594186,4.873774434593933e-07,0.989638620218861
2004-08-20,1,0.0034303437504576116,0.9963755919445146,9.755971395787183e-06,0.00018235590269795484,1.9524309342517644e-06,0.9963755919445146
2004-08-23,1,0.0034820233719465537,0.9955951091332959,0.0007454226330203646,0.00017700940602531013,4.3545571156967446e-07,0.9955951091332959
2004-08-24,1,0.004669742198361587,0.9806520272998748,0.014460789936700642,0.00021722680736466218,2.1375769815068117e-07,0.9806520272998748
2004-08-25,1,0.004219139188185068,0.9955053892751077,2.5970966651023075e-05,0.0002488332531336959,6.673169225817629e-07,0.9955053892751077
2004-08-26,1,0.005613122774610089,0.9941601714013372,1.6206819789378068e-05,0.0002097791127101941,7.198915529427261e-07,0.9941601714013372
2004-08-27,1,0.006269573650931032,0.9932870713963553,3.885535801671297e-06,0.0004384794113338453,9.90005577777996e-07,0.9932870713963553
2004-08-30,1,0.00510147618130401,0.9939919966650631,3.7452179318207517e-07,0.0009050717725196928,1.0808593196530756e-06,0.9939919966650631
2004-08-31,1,0.007657500998837936,0.9913804822915336,1.1609471916350961e-07,0.0009604035833891427,1.4970315205413799e-06,0.9913804822915336
2004-09-01,1,0.0022730421975430664,0.9961371680535474,5.514459637782215e-09,0.0015862595458575655,3.5246885919991835e-06,0.9961371680535474
2004-09-02,1,0.0020089465554102995,0.9955406033617611,2.0851532925586915e-08,0.002449112690053148,1.3165412421500745e-06,0.9955406033617611
2004-09-03,1,0.004460241523587972,0.9933028721683409,1.22388687518806e-07,0.002223579330391747,1.3184588991119214e-05,0.9933028721683409
2004-09-07,1,0.008966076157040105,0.9884845284115596,2.3824924703707222e-08,0.0025324384402425075,1.693316623352214e-05,0.9884845284115596
2004-09-08,1,0.010611612430614141,0.9874724142607849,8.298031648366161e-09,0.0019018806062048171,1.4084404364327415e-05,0.9874724142607849
2004-09-09,1,0.004707975220540533,0.9930734873889487,4.768217033917395e-09,0.002212654340341675,5.878281952299906e-06,0.9930734873889487
2004-09-10,1,0.004596404552049352,0.9931019557772629,5.503089523004096e-12,0.0022981071916639527,3.5324735206011606e-06,0.9931019557772629
2004-09-13,1,0.0038288958531284803,0.9922392236679195,1.138691932509559e-13,0.00392984750328949,2.0329755486167222e-06,0.9922392236679195
2004-09-14,1,0.003735475981756599,0.9919807059826152,2.205165952023609e-12,0.00428280124838105,1.0167850415186546e-06,0.9919807059826152
2004-09-15,1,0.005344583208397398,0.9905506052199479,5.079902376274104e-13,0.004102861562685371,1.9500084617096896e-06,0.9905506052199479
2004-09-16,1,0.008632651784213803,0.9852933273638028,7.245026607689884e-13,0.006071973201893667,2.0476493648879764e-06,0.9852933273638028
2004-09-17,1,0.0062266014545372984,0.9901153787784139,9.992870286530296e-15,0.0036515815414077902,6.438225630941774e-06,0.9901153787784139
2004-09-20,1,0.004917605490365308,0.9908832587033416,3.388495375529382e-12,0.0041987704505806285,3.653523241419989e-07,0.9908832587033416
2004-09-21,1,0.005265732470123652,0.9920894393478457,1.9180430698683128e-12,0.002643661998605324,1.1661815074312013e-06,0.9920894393478457
2004-09-22,1,0.004834924793324918,0.9941462086007735,3.8240557259305076e-17,0.0009945938243227372,2.4272781578305145e-05,0.9941462086007735
2004-09-23,1,0.005518956168080095,0.992813751810471,1.962646767372506e-12,0.001662846382073953,4.445637411359491e-06,0.992813751810471
2004-09-24,1,0.004827186880800997,0.9919857005324207,6.352968051514395e-12,0.0031806269798162093,6.485600608328568e-06,0.9919857005324207
2004-09-27,1,0.005365562989479104,0.9909729106791405,1.5229046415500945e-12,0.0036499506765891674,1.1575653268907399e-05,0.9909729106791405
2004-09-28,1,0.005872867161316995,0.9932791506469819,2.6057775208728326e-11,0.0008009632379436364,4.7018927699450486e-05,0.9932791506469819
2004-09-29,1,0.0039103524993293155,0.9953868359895198,4.7810020405785895e-11,0.0006664098428529428,3.6401620487555866e-05,0.9953868359895198
2004-09-30,1,0.006195181910659175,0.9935005556847347,1.1875263568618307e-09,0.0003017443537142654,2.5168633654717728e-06,0.9935005556847347
2004-10-01,1,0.0030420020443950647,0.9968760013191045,1.6490881925353603e-10,7.686097464336815e-05,5.135496948072045e-06,0.9968760013191045
2004-10-04,1,0.0024432240170716786,0.9975326046872406,2.6654541959742294e-11,3.5595971343932212e-06,2.0611671898621596e-05,0.9975326046872406
2004-10-05,1,0.0021998690091896735,0.9977715925479077,2.436748211034854e-10,1.0312277057418893e-05,1.8225922170881245e-05,0.9977715925479077
2004-10-06,1,0.001734233061590711,0.9982218494085471,3.2967484929767963e-09,2.0453371617538607e-05,2.3460861496355484e-05,0.9982218494085471
2004-10-07,1,0.002857313026757005,0.9971253667233444,7.2742831963805e-08,1.0384920298019678e-05,6.8625867682219095e-06,0.9971253667233444
2004-10-08,1,0.029769967938730713,0.9330425127147394,0.03679641687006234,0.00038682316404401774,4.2793124227511795e-06,0.9330425127147394
2004-10-11,1,0.036979877640238155,0.9103189347432096,0.05191165888386598,0.0007871570535556155,2.371679130199928e-06,0.9103189347432096
2004-10-12,2,0.050090985514326,0.3511576480794131,0.598422828812846,0.0003284021843420782,1.3540907181426417e-07,0.598422828812846
2004-10-13,1,0.09379298271699514,0.5247496791875665,0.37904926059324395,0.002407139825723986,9.376764704653131e-07,0.5247496791875665
2004-10-14,2,0.06259728113674734,0.2629299275801359,0.6707186418958742,0.0037536226531570223,5.267340853377891e-07,0.6707186418958742
2004-10-15,2,0.05222752634857619,0.13556832887376202,0.8103394222650694,0.0018645863559117733,1.361566803704674e-07,0.8103394222650694
2004-10-18,2,0.04480993232280518,0.12780666805147078,0.8263535255991477,0.0010298567903272058,1.723624833193554e-08,0.8263535255991477
2004-10-19,2,0.06734310317722482,0.30185753828170564,0.6277783742413025,0.0030209462242351995,3.807553243518699e-08,0.6277783742413025
2004-10-20,2,0.015909310146359542,0.057104262704404087,0.926587753150228,0.00039866824433283253,5.754675944312602e-09,0.926587753150228
2004-10-21,2,0.023286285811960624,0.06916969250080869,0.907002803704134,0.0005412146965929274,3.286504127353165e-09,0.907002803704134
2004-10-22,2,0.024318459806271404,0.052632636419668324,0.9227618410853438,0.0002870596262546656,3.0624621480707014e-09,0.9227618410853438
2004-10-25,2,0.07275032729171159,0.21029676038855583,0.7144402445622036,0.002512657857337286,9.900192365122531e-09,0.7144402445622036
2004-10-26,2,0.07860792957167638,0.33659246340278276,0.5783028129985998,0.0064967878131700655,6.2137715825252564e-09,0.5783028129985998
2004-10-27,1,0.02358912196537655,0.7546764757078744,0.22015709505277753,0.0015773060204578929,1.2535143026846524e-09,0.7546764757078744
2004-10-28,1,0.03642233378826629,0.8932019206199497,0.06848372177351815,0.001892023144291497,6.739746268953137e-10,0.8932019206199497
2004-10-29,1,0.02853572013220299,0.7802226096171543,0.1894364040944742,0.001805265776886556,3.792818162902717e-10,0.7802226096171543
2004-11-01,1,0.010082040679521054,0.768347700363596,0.22039531080355854,0.0011749481080184168,4.530665184412834e-11,0.768347700363596
2004-11-02,1,0.014559091961973079,0.8890976421755128,0.09537329433673761,0.00096997129134409,2.34431930424514e-10,0.8890976421755128
2004-11-03,1,0.02646039393831033,0.6157512511814781,0.35763476959929014,0.0001535828114042954,2.4695177042819386e-09,0.6157512511814781
2004-11-04,1,0.030203500933461393,0.9660587750778585,0.003307954360457936,0.0004297300435227966,3.9584700073528565e-08,0.9660587750778585
2004-11-05,1,0.023268189609269758,0.9746200008298738,0.0018777599550969238,0.0002340042579309705,4.5347829132853675e-08,0.9746200008298738
2004-11-08,1,0.02943792710368126,0.9677826881577428,0.0025481005268232363,0.00023122470008766395,5.9511665103118995e-08,0.9677826881577428
2004-11-09,1,0.026408288653784324,0.9723628091956188,0.00012321666077986975,0.0011056083379048026,7.715191215628124e-08,0.9723628091956188
2004-11-10,1,0.014996778431233147,0.9836390235735021,3.582686214134245e-05,0.001328344146145454,2.6986978206078323e-08,0.9836390235735021
2004-11-11,1,0.05854352488083729,0.9390108035783176,4.7257338400871385e-07,0.0024449451002912454,2.5386717031020156e-07,0.9390108035783176
2004-11-12,1,0.06769910321390513,0.9292368189938998,6.339762325128309e-07,0.0030632260262670147,2.1778969486849964e-07,0.9292368189938998
2004-11-15,1,0.06031025509349312,0.937361836083492,3.2365889209125417e-07,0.0023273365922918256,2.485718310621084e-07,0.937361836083492
2004-11-16,1,0.08305375483662027,0.9149003446440082,8.486367173769458e-08,0.002045278319248581,5.373364520926658e-07,0.9149003446440082
2004-11-17,1,0.12590062675870617,0.8700960088063578,1.467196330535939e-07,0.004002507471231249,7.102440714025509e-07,0.8700960088063578
2004-11-18,1,0.1419070528874523,0.8536989797060192,1.5975258367994038e-07,0.004393127776065659,6.798778790057079e-07,0.8536989797060192
2004-11-19,1,0.04064917408236551,0.957791800936344,3.4794008091389557e-06,0.0015554675425651,7.803791570559006e-08,0.957791800936344
2004-11-22,1,0.062379888780104586,0.9372183051443637,1.2592469472682793e-05,0.0003890099314043558,2.0367465542168688e-07,0.9372183051443637
2004-11-23,1,0.06371755076794111,0.9357910290287582,5.919831019967769e-05,0.0004320296539746801,1.9223912707403403e-07,0.9357910290287582
2004-11-24,1,0.025239611305153425,0.9744499963257319,8.435238874709666e-05,0.00022588149925094453,1.584811158090382e-07,0.9744499963257319
2004-11-29,1,0.006526766783196798,0.992469253827643,0.0007746958671229793,0.0002292080024466696,7.551959002276707e-08,0.992469253827643
2004-11-30,1,0.01619656991621431,0.9834427086766722,0.00015615123436021091,0.00020438177892084471,1.8839383237275833e-07,0.9834427086766722
2004-12-01,1,0.02238876975049485,0.9767697328805329,6.250069075033425e-10,0.0008399026754138203,1.594068552328007e-06,0.9767697328805329
2004-12-02,1,0.0769239829632478,0.9218487134852823,2.441321617933126e-08,0.0012257328934583056,1.546244795261268e-06,0.9218487134852823
2004-12-03,1,0.031469002922830114,0.8896053592180141,6.237606754703608e-10,0.07892561913897875,1.8096415689623863e-08,0.8896053592180141
2004-12-06,1,0.024630236219943903,0.963309213040717,2.946174614453757e-08,0.012060517705847313,3.5717453781434203e-09,0.963309213040717
2004-12-07,1,0.12097802607460637,0.8614130763218184,9.006316619297042e-10,0.017608849348426436,4.735451752860007e-08,0.8614130763218184
2004-12-08,1,0.004004416458117144,0.9871710397658172,2.2594183732423399e-13,0.00882443256306798,1.1121277240939396e-07,0.9871710397658172
2004-12-09,1,0.0017823699757211233,0.9944890914421979,2.2832977701930435e-12,0.003728522150216941,1.6429580151883967e-08,0.9944890914421979
2004-12-10,1,0.004622431201455917,0.9899222584331441,1.9579196600689132e-11,0.005455260580696565,4.9765124070288735e-08,0.9899222584331441
2004-12-13,1,0.0032697414898723146,0.9934567809128355,5.218704467960732e-10,0.0032734267109003437,5.0364522170046855e-08,0.9934567809128355
2004-12-14,1,0.0030071881976806818,0.9942938811537932,3.376147691099389e-11,0.0026988146407464163,1.1597401788205049e-07,0.9942938811537932
2004-12-15,1,0.002621261689860159,0.994935787861486,4.729101772368893e-09,0.00244262596672484,3.197528277867851e-07,0.994935787861486
2004-12-16,1,0.001072056769715736,0.9967283473712069,1.2416547891213267e-08,0.0021993462963924714,2.3714613659010391e-07,0.9967283473712069
2004-12-17,1,0.0014458107646664,0.9947784711437436,3.820918191400017e-08,0.0037746829912036627,9.968912041244376e-07,0.9947784711437436
2004-12-20,1,0.0019487542246989142,0.9935168599754405,9.430723407076125e-09,0.004533125433662395,1.2509354751057643e-06,0.9935168599754405
2004-12-21,1,0.00457561470870529,0.9936230553540776,1.657139656187701e-10,0.001799644480055864,1.6852914473442238e-06,0.9936230553540776
2004-12-22,1,0.004874820389060541,0.9927099609736754,2.476282966855899e-11,0.0024137811124737125,1.4375000267052696e-06,0.9927099609736754
2004-12-23,1,0.006163562392162449,0.9915815754236227,1.6962008041488576e-11,0.0022530624735594734,1.7996936941936481e-06,0.9915815754236227
2004-12-27,1,0.012206289855966588,0.9586651607611206,8.761330980327538e-18,0.029110143223862427,1.8406159051058348e-05,0.9586651607611206
2004-12-28,1,0.017953590163624866,0.9592009089371507,5.183062139226096e-19,0.022782352971175247,6.314792804997566e-05,0.9592009089371507
2004-12-29,1,0.0021021292598601454,0.9316156760027728,1.5120105389833515e-21,0.06590860653307269,0.00037358820429380285,0.9316156760027728
2004-12-30,1,0.0004192125623246969,0.9912454801829376,9.408288770627042e-15,0.008330495896831762,4.8113578973514385e-06,0.9912454801829376
2005-01-03,1,0.0007792233771450335,0.9968000518567177,1.9092629884348735e-14,0.0023351407223048,8.558404381389732e-05,0.9968000518567177
2005-01-04,1,0.0006111434181769573,0.9752528621151855,2.1236904093736883e-13,0.02282849397162666,0.001307500494797917,0.9752528621151855
2005-01-05,1,0.0007151195027600501,0.9826014514639042,8.027010935450054e-14,0.015826717906121935,0.0008567111271330387,0.9826014514639042
2005-01-06,1,0.00019208801740773734,0.7693682359083014,6.566358405241302e-14,0.2084359614148318,0.022003714659393957,0.7693682359083014
2005-01-07,1,0.003436900380607182,0.9751550602408094,3.1014158182390473e-15,0.019721565143796475,0.00168647423478368,0.9751550602408094
2005-01-10,1,0.004269968000656766,0.9830762847105827,1.121967785562179e-15,0.011537641699483799,0.0011161055892756398,0.9830762847105827
2005-01-11,1,0.002787269430737804,0.9835371767957541,6.036129313287745e-15,0.012305903214977348,0.0013696505585252057,0.9835371767957541
2005-01-12,1,0.003486345498519833,0.9858482277169076,1.7850766507518083e-14,0.009201644631466891,0.0014637821530882474,0.9858482277169076
2005-01-13,1,0.004761615970999531,0.9690688686627218,1.2585574016003626e-14,0.02281949710068063,0.003350018265584819,0.9690688686627218
2005-01-14,1,0.0016010483485022105,0.9922005867806227,1.5988222718684862e-18,0.00496096045617227,0.0012374044147031643,0.9922005867806227
2005-01-18,1,0.001915844662359143,0.9921517101505126,3.723642405796997e-19,0.004252053129929602,0.0016803920571979746,0.9921517101505126
2005-01-19,1,0.0011891496187833564,0.9971212838716781,8.003961446083598e-24,0.0008821803890685914,0.0008073861204708325,0.9971212838716781
2005-01-20,1,0.0012784233023415577,0.9970431265891916,5.462782292236623e-23,0.0010856432140540803,0.0005928068944119411,0.9970431265891916
2005-01-21,1,0.002205021629717583,0.9922314485081413,1.5735189032669111e-18,0.005411722929321775,0.00015180693281921783,0.9922314485081413
2005-01-24,1,0.001840907862187845,0.9922460436370791,2.164301591818557e-17,0.005690001452497651,0.0002230470482346216,0.9922460436370791
2005-01-25,1,0.0007222969999548037,0.9845189976801132,8.35527881925055e-17,0.014508830534103375,0.0002498747858283619,0.9845189976801132
2005-01-26,1,0.000912364184734013,0.9964690001833113,3.061130929603549e-12,0.0022877811370166454,0.0003308544918767233,0.9964690001833113
2005-01-27,1,0.0008604969939627112,0.997231792415346,1.7474438213010758e-12,0.0016651398795417209,0.00024257070940175688,0.997231792415346
2005-01-28,1,0.008202910272961312,0.9914558861484083,1.782646366129733e-11,0.00033772115423620966,3.482406567153512e-06,0.9914558861484083
2005-01-31,1,0.004857788029501883,0.9947528935602281,1.495159007019342e-11,0.0003754219820254916,1.3896413292634254e-05,0.9947528935602281
2005-02-01,1,0.0024672654363664804,0.9952227725038318,1.1499375552189746e-14,0.0023088119014889013,1.150158302119263e-06,0.9952227725038318
2005-02-02,1,0.00323837001059765,0.99575233408085,2.6569163641358087e-14,0.0010091963158359747,9.959269047083008e-08,0.99575233408085
2005-02-03,1,0.0024444131812178358,0.9966930955463765,8.249530989879839e-14,0.0008623268014191556,1.6447090366839982e-07,0.9966930955463765
2005-02-04,1,0.024576861163730715,0.9733504018884419,9.292715704606411e-08,0.002072621008480632,2.3012190050281337e-08,0.9733504018884419
2005-02-07,1,0.026034294597072388,0.9724792696095954,1.1548664727702313e-07,0.0014862889072409348,3.139944420081622e-08,0.9724792696095954
2005-02-08,1,0.024011978361788106,0.9744278909123991,1.4093912447411265e-07,0.0015599607272820972,2.9059406167943862e-08,0.9744278909123991
2005-02-09,1,0.030095769001446226,0.9677924877104355,5.061474252147211e-08,0.002111659227823671,3.344555196685943e-08,0.9677924877104355
2005-02-10,1,0.013246157232896943,0.9854968200312445,1.9610997026539727e-06,0.0012550525922170608,9.043938761076798e-09,0.9854968200312445
2005-02-11,1,0.035705145833225906,0.9624438914567758,9.901136435108305e-05,0.0017519409268726815,1.0418774265042098e-08,0.9624438914567758
2005-02-14,1,0.048172156328795714,0.9493827189810967,0.0006484224889737538,0.001796691341173623,1.0859959970567463e-08,0.9493827189810967
2005-02-15,1,0.04570659005095787,0.9520819448570441,0.0005076221744971526,0.0017038320162236923,1.0901277364467999e-08,0.9520819448570441
2005-02-16,1,0.016583578553807037,0.9819420261843519,0.00030607379577599536,0.001168315577383696,5.8886815398032834e-09,0.9819420261843519
2005-02-17,1,0.011844657760187848,0.9865714439504528,7.696307824309918e-05,0.0015069323059389793,2.905177479960567e-09,0.9865714439504528
2005-02-18,1,0.014357834956918232,0.984431982287399,6.877753835658705e-08,0.0012100873840984617,2.6594045571883877e-08,0.984431982287399
2005-02-22,1,0.0005163602809092841,0.9573456913769438,0.04142302194728999,0.0007149263473841995,4.7473336134918294e-11,0.9573456913769438
2005-02-23,1,0.0007013095223919508,0.6455062417443335,0.35336980687788494,0.00042264182571127965,2.967804891463066e-11,0.6455062417443335
2005-02-24,2,5.7574070895611425e-05,0.17137123589678177,0.8284811308483783,9.00591820889422e-05,1.855347047671412e-12,0.8284811308483783
2005-02-25,2,6.516702479367301e-05,0.17307161184929898,0.826764213392358,9.90077315756617e-05,1.974105518859786e-12,0.826764213392358
2005-02-28,2,1.951918533365769e-05,0.08940425915331278,0.9105026615439611,7.356011557597459e-05,1.8162360142191304e-12,0.9105026615439611
2005-03-01,2,3.685885707435176e-05,0.07962540556963278,0.9203019736251682,3.5761947580923936e-05,5.429613741184149e-13,0.9203019736251682
2005-03-02,2,1.8820799532041837e-05,0.06182397490666928,0.9381076830434106,4.95212489762178e-05,1.4122678197517773e-12,0.9381076830434106
2005-03-03,2,2.5883602202897262e-05,0.07288318487933812,0.9270153825896259,7.554892172324904e-05,7.109333519254402e-12,0.9270153825896259
2005-03-04,2,7.638507212938751e-05,0.06799730254749208,0.9318426284397656,8.368392046201297e-05,2.0150201680929935e-11,0.9318426284397656
2005-03-07,2,0.00010210968390758547,0.06347647238616348,0.936352995376668,6.842251787647521e-05,3.538353954113487e-11,0.936352995376668
2005-03-08,2,0.00012103258919923753,0.08334011307008443,0.9163312664587744,0.00020758782042480298,6.151767046849788e-11,0.9163312664587744
2005-03-09,2,6.348121459532809e-05,0.08183341208510451,0.917941738998896,0.00016136764710468065,5.429921570920791e-11,0.917941738998896
2005-03-10,2,7.517721117414805e-05,0.09894810430877347,0.9008283818306346,0.0001483366197569689,2.9661036578764866e-11,0.9008283818306346
2005-03-11,2,9.641988943174032e-05,0.12309426033145512,0.8764857322974252,0.00032358746626546386,1.542255537727879e-11,0.8764857322974252
2005-03-14,2,0.00017562648508792877,0.3093319055608077,0.6895666802448522,0.0009257876782298604,3.102192034993126e-11,0.6895666802448522
2005-03-15,2,0.00013077232952490866,0.22079629683536547,0.7784399180565772,0.0006330127666779466,1.1853855254143995e-11,0.7784399180565772
2005-03-16,2,3.785159188335025e-05,0.13323429715645763,0.8663261880804701,0.00040166315769914266,1.3489504100535695e-11,0.8663261880804701
2005-03-17,2,5.937348949042041e-05,0.1332002760271714,0.8664895542759384,0.0002507961939914967,1.3407991376359735e-11,0.8664895542759384
2005-03-18,2,4.866772434899306e-05,0.11137394209267086,0.8882846608517452,0.00029272931228178277,1.895350816345064e-11,0.8882846608517452
2005-03-21,2,0.000103069113476921,0.17868936809178954,0.8210120201637983,0.00019554244467336548,1.8626149295040495e-10,0.8210120201637983
2005-03-22,1,0.012682114394554814,0.8821329331659513,0.1036505117859483,0.0015342575673707654,1.8308617529388454e-07,0.8821329331659513
2005-03-23,2,0.0037443201283237026,0.47457792551178535,0.5214067680664367,0.0002709835576575734,2.7357959675867502e-09,0.5214067680664367
2005-03-24,1,0.0031514865085409344,0.5560494029493993,0.440509829584256,0.0002892780345134774,2.9232908169904982e-09,0.5560494029493993
2005-03-28,1,0.003022584994144002,0.6419344019086342,0.35476735772041046,0.00027564759813470004,7.778676914338682e-09,0.6419344019086342
2005-03-29,1,0.004208343972219956,0.6875929295173234,0.30790074847071064,0.0002979673877905301,1.0651955558018144e-08,0.6875929295173234
2005-03-30,1,0.006846062584747341,0.7397009917360372,0.25318024779198534,0.0002726861167772582,1.1770453507485445e-08,0.7397009917360372
2005-03-31,2,0.00471589738814538,0.4100710568939664,0.5850711150729213,0.00014192599773809271,4.647228458932735e-09,0.5850711150729213
2005-04-01,1,0.00404205293205615,0.825991550703531,0.16967714059582317,0.00028924684196747193,8.926622221843998e-09,0.825991550703531
2005-04-04,1,0.0009456520975173246,0.5805537632693458,0.4180750998344719,0.00042548396384256944,8.348228332799009e-10,0.5805537632693458
2005-04-05,1,0.0017279033589143208,0.8298430471934417,0.1679533347527811,0.0004757133582727394,1.3365910581352024e-09,0.8298430471934417
2005-04-06,1,0.004618000771613992,0.9629168185293273,0.03182992330535001,0.0006352501151235458,7.278585205488793e-09,0.9629168185293273
2005-04-07,1,0.005314861860221418,0.9907542199974282,0.003453895103557507,0.00047701058491587435,1.2453876588860366e-08,0.9907542199974282
2005-04-08,1,0.005128097034565336,0.9887989758672957,0.005506907604339484,0.0005660116748231441,7.818976658041404e-09,0.9887989758672957
2005-04-11,1,0.009750432845926525,0.9886726694564382,0.0011054630062133778,0.0004714030029107494,3.168851116250239e-08,0.9886726694564382
2005-04-12,1,0.03668633287162864,0.9620327355479122,0.0008251886281502549,0.00045570748387675395,3.546843176726754e-08,0.9620327355479122
2005-04-13,1,0.024839201245913017,0.9741444720328452,3.751559974851407e-05,0.0009787849461318056,2.6175361691938915e-08,0.9741444720328452
2005-04-14,1,0.01927776620996063,0.9801708969046387,1.0523402269482905e-09,0.0005503130157867592,1.0228172737878747e-06,0.9801708969046387
2005-04-15,1,0.0368020079882228,0.9619886140290258,1.0997075388692947e-09,0.001209066572860497,3.103101840051307e-07,0.9619886140290258
2005-04-18,1,0.057276671615823,0.9414925713338349,8.270178970809805e-10,0.0012300056853649997,7.505379597074429e-07,0.9414925713338349
2005-04-19,1,0.12039755496212089,0.879338328976162,3.043437619504593e-06,0.0002609974234283762,7.520066907326613e-08,0.879338328976162
2005-04-20,1,0.08989415825843822,0.9097059284401837,1.1806799386372814e-05,0.00038807982895516346,2.6673036915411725e-08,0.9097059284401837
2005-04-21,1,0.007583454355904182,0.9921341975205925,1.208965974081309e-10,0.00028224202003305344,1.0598257377899443e-07,0.9921341975205925
2005-04-22,1,0.009173439140540574,0.9905187884454477,1.5247933414411966e-09,0.0003076994440492533,7.1445169002957e-08,0.9905187884454477
2005-04-25,1,0.010484597394414699,0.9891723777290726,1.920957882691234e-09,0.00034297285091275186,5.010464190027809e-08,0.9891723777290726
2005-04-26,1,0.01048669071617613,0.9891509851325725,9.04016888530207e-10,0.0003622587611092585,6.448612527861088e-08,0.9891509851325725
2005-04-27,1,0.029857200925473965,0.9694201504665684,3.7876923021090744e-08,0.0007225867456420581,2.3985392375003838e-08,0.9694201504665684
2005-04-28,1,0.047198915895718195,0.9518236431327716,2.378641099635105e-09,0.000977385838899716,5.275396970871565e-08,0.9518236431327716
2005-04-29,1,0.1700761235107015,0.8282027512522971,1.2516834753271625e-08,0.0017209665801027384,1.4614006335975236e-07,0.8282027512522971
2005-05-02,1,0.05015890356503167,0.9487313733238392,2.1563773880031303e-11,0.0011092530768467323,4.700127182186364e-07,0.9487313733238392
2005-05-03,1,0.059239363507796156,0.9391278974185806,7.267850624617531e-11,0.0016324056688081499,3.3333213617465316e-07,0.9391278974185806
2005-05-04,1,0.05341736532148447,0.9453934539180765,9.126180309108609e-10,0.0011889559639176456,2.2388390350483184e-07,0.9453934539180765
2005-05-05,1,0.032038911763705984,0.967211639547109,3.5940077063704485e-09,0.0007492976685381045,1.4742663947670808e-07,0.967211639547109
2005-05-06,1,0.016027779589245825,0.9834954673118507,5.6756929654671595e-09,0.00047659290717769865,1.5451603317138943e-07,0.9834954673118507
2005-05-09,1,0.011247049457272087,0.9881828205876797,2.8434146499581017e-09,0.0005699701047948744,1.5700683872366738e-07,0.9881828205876797
2005-05-10,1,0.009429735968929494,0.9900316303201625,9.007685304222042e-09,0.0005384899253999676,1.3477782301802167e-07,0.9900316303201625
2005-05-11,1,0.013344549402151207,0.9862417105099838,1.0278692954873417e-07,0.00041343099237439637,2.0630856081940436e-07,0.9862417105099838
2005-05-12,1,0.062417781277651435,0.937223506556183,3.483478337491579e-05,0.00032382155875897996,5.5824031552378796e-08,0.937223506556183
2005-05-13,1,0.08584864554542633,0.9138662827738967,5.588937144074064e-05,0.00022907762091382188,1.0468832203988831e-07,0.9138662827738967
2005-05-16,1,0.0688490589878621,0.9306053195960736,7.714143932925021e-05,0.0004683825420212333,9.743471408505945e-08,0.9306053195960736
2005-05-17,1,0.04147945912465488,0.9565624329937277,1.3594515906539855e-06,0.0019566569100071063,9.152001962260514e-08,0.9565624329937277
2005-05-18,1,0.07700187697034967,0.9220918384816693,2.398695726564793e-10,0.0009051561452740228,1.1281628377825378e-06,0.9220918384816693
2005-05-19,1,0.2274236411062419,0.7719197878250292,2.3836549303555325e-09,0.0006546338134612468,1.93487161315462e-06,0.7719197878250292
2005-05-20,1,0.21712764863632802,0.7820811822950773,6.13256179187103e-11,0.0007802233218686042,1.0945685400833678e-05,0.7820811822950773
2005-05-23,1,0.09248662702887302,0.9072003128118713,6.872609621767428e-11,0.0003073997358029337,5.660354726297357e-06,0.9072003128118713
2005-05-24,1,0.09485720316746944,0.9049964379188437,4.268335831165349e-10,0.000141890191907905,4.46829494577018e-06,0.9049964379188437
2005-05-25,1,0.025991132198459464,0.9739565652347395,8.776268222960756e-10,4.832739781667383e-05,3.97429135794737e-06,0.9739565652347395
2005-05-26,1,0.030169670942329505,0.9698097805334155,1.2788465895762634e-10,1.1445393609527938e-05,9.103002760978773e-06,0.9698097805334155
2005-05-27,1,0.03292510418012297,0.9670281438498587,8.327481569851752e-06,3.771244339350528e-05,7.120450558809788e-07,0.9670281438498587
2005-05-31,1,0.13727500620151611,0.8625394021078417,0.0001726740567984729,1.282676142290122e-05,9.087242006331399e-08,0.8625394021078417
2005-06-01,1,0.044046879909334063,0.9559364099734624,5.3499767685422316e-06,1.089329100995432e-05,4.668494256940633e-07,0.9559364099734624
2005-06-02,1,0.03803474949774683,0.961944592683155,2.669319611827356e-10,1.098570616636938e-05,9.671845999181165e-06,0.961944592683155
2005-06-03,1,0.02127166316624677,0.9787093274671224,2.4316245242112635e-10,9.913239079034967e-06,9.095884389069377e-06,0.9787093274671224
2005-06-06,1,0.022243661356799473,0.9777378635943212,2.351294903122258e-11,9.282515393691103e-06,9.192509972805822e-06,0.9777378635943212
2005-06-07,1,0.04433616159420198,0.9556407002256532,1.795387147802221e-11,1.4162154558919322e-05,8.976007631846032e-06,0.9556407002256532
2005-06-08,1,0.047046531542626883,0.9529344137525806,1.921705196849394e-12,4.14543353437216e-06,1.4909269335774435e-05,0.9529344137525806
2005-06-09,1,0.02055152048227063,0.9794233991579698,4.569199193654938e-12,6.0508007913899e-06,1.902955439895397e-05,0.9794233991579698
2005-06-10,1,0.0030650676767464526,0.9968410017520428,5.908404858666067e-16,2.3995666844377572e-05,6.993490436634384e-05,0.9968410017520428
2005-06-13,1,0.002163494857186515,0.9976511137633035,4.736560383421385e-15,4.2721592873568435e-05,0.0001426697866319442,0.9976511137633035
2005-06-14,1,0.00208413525749692,0.9977729963786195,5.016134992948691e-15,1.597226216912032e-05,0.00012689610170865358,0.9977729963786195
2005-06-15,1,0.0021561893872385275,0.9976794989476605,6.706733365534444e-15,1.0592787742872236e-05,0.000153718877351649,0.9976794989476605
2005-06-16,1,0.004275716546482395,0.9955031503842166,9.547459227266128e-10,3.828168301881966e-05,0.00018285043153667843,0.9955031503842166
2005-06-17,1,0.004019136484804597,0.994973068995066,8.644666807969715e-09,0.0001450477072465081,0.0008627381682158538,0.994973068995066
2005-06-20,1,0.0021138535661985357,0.9950592707636311,3.0230858870063635e-10,7.176250410937433e-05,0.002755112863751589,0.9950592707636311
2005-06-21,1,0.0034326975749134096,0.9964733803432324,1.4570949778335691e-09,1.1835821114095157e-05,8.208480364535474e-05,0.9964733803432324
2005-06-22,1,0.009375279488889427,0.9905630896737017,6.363722993540336e-09,1.8174479674957465e-05,4.344999401090102e-05,0.9905630896737017
2005-06-23,1,0.00978372924519542,0.9899594026154576,2.4609196641346833e-08,0.00024277371575985208,1.4069814389642419e-05,0.9899594026154576
2005-06-24,1,0.01161575597031391,0.9880478098012592,4.2244303682926296e-09,0.0003028435641797341,3.358643981603822e-05,0.9880478098012592
2005-06-27,1,0.012845865740133204,0.9867647727884142,1.0377182294782343e-09,0.000347813583420835,4.154685031308273e-05,0.9867647727884142
2005-06-28,1,0.01194769386212131,0.9408482947964,1.9136965224732774e-09,0.04720347859515722,5.308326254007032e-07,0.9408482947964
2005-06-29,1,0.03144436272868661,0.959786745154087,7.1903092218631e-09,0.008768848635774418,3.629114290476554e-08,0.959786745154087
2005-06-30,1,0.07238595237030561,0.723411960027613,4.91313732591019e-11,0.20420208578709753,1.765853202050302e-09,0.723411960027613
2005-07-01,1,0.008064315073095477,0.9660811671223727,7.090289697667506e-08,0.02585442742949345,1.947214176824315e-08,0.9660811671223727
2005-07-05,1,0.006764478765104361,0.9573771321610138,6.057494171389388e-08,0.035857967298503914,3.61200435728918e-07,0.9573771321610138
2005-07-06,1,0.006154281934100647,0.8963844087141425,7.693664637455264e-07,0.09745929491683347,1.2450684604823815e-06,0.8963844087141425
2005-07-07,1,0.009103455678722068,0.8769296252590856,1.0677630031939817e-06,0.1139641980945112,1.6532046770876097e-06,0.8769296252590856
2005-07-08,1,0.007299811062904012,0.9680065490874694,1.6965988390524965e-07,0.02469325564873755,2.1454100579948775e-07,0.9680065490874694
2005-07-11,1,0.00712124884670082,0.9820352653534619,5.9592612524442e-07,0.010842825994883691,6.38788283819804e-08,0.9820352653534619
2005-07-12,1,0.005628094761505165,0.9864133112822163,6.242193765808165e-06,0.007952289568145967,6.219436667524179e-08,0.9864133112822163
2005-07-13,1,0.004535946196682103,0.9877176896347519,1.5879545883487865e-05,0.007730432198913691,5.242376842254746e-08,0.9877176896347519
2005-07-14,1,0.004318740949783648,0.9892646822899525,2.7591479887779557e-06,0.00641379955288437,1.805939079927702e-08,0.9892646822899525
2005-07-15,1,0.0022234570262456375,0.9939952277541807,2.3364862234795313e-06,0.003778975993619085,2.739731653178193e-09,0.9939952277541807
2005-07-18,1,0.003381382659871111,0.9949395628220292,2.7180049955990628e-09,0.0016790482125277398,3.587567733975743e-09,0.9949395628220292
2005-07-19,1,0.004195197962998833,0.9943413840978214,1.287094437817838e-08,0.0014634017384677668,3.3297668723215846e-09,0.9943413840978214
2005-07-20,1,0.004859607612104818,0.9937651019304474,5.0756773901641475e-09,0.0013752815574897873,3.824280481680819e-09,0.9937651019304474
2005-07-21,1,0.002383284141548491,0.9965091694104489,7.839069433060272e-08,0.0011074673179769933,7.393310891793153e-10,0.9965091694104489
2005-07-22,1,0.00259257331179184,0.9965057276498265,2.4058716014130695e-09,0.0009016931926931425,3.4398167943464125e-09,0.9965057276498265
2005-07-25,1,0.0026268501241435175,0.9964410055011437,4.048675116988565e-09,0.0009321386977958935,1.6282426213328188e-09,0.9964410055011437
2005-07-26,1,0.0028096578310642245,0.9963498113625794,1.1788391966219391e-09,0.000840527745666628,1.881850210801741e-09,0.9963498113625794
2005-07-27,1,0.0037789193938377054,0.9956363227867684,5.6570814342203036e-12,0.0005847191513109842,3.866242637905594e-08,0.9956363227867684
2005-07-28,1,0.004791846980027789,0.9941839740969661,3.6887839375569744e-10,0.001024156055381347,2.2498746133222305e-08,0.9941839740969661
2005-07-29,1,0.002752904765636687,0.9961210163760161,5.283895587652121e-09,0.001126064081932858,9.49251789439454e-09,0.9961210163760161
2005-08-01,1,0.01703666568163896,0.977399301856977,0.002185421511367726,0.0033786106067710173,3.432449485359644e-10,0.977399301856977
2005-08-02,1,0.020434694377867234,0.9546606764861646,0.014578968234455916,0.010325660891498395,1.0013768066234173e-11,0.9546606764861646
2005-08-03,1,0.047902727928583584,0.9371886630054946,0.004683348165967421,0.010225260834124188,6.582986418256196e-11,0.9371886630054946
2005-08-04,1,0.03345700840288069,0.9515966843198888,0.006380734433395821,0.008565572784939189,5.88949596376219e-11,0.9515966843198888
2005-08-05,1,0.016666796343224436,0.9749393084521933,0.0028323491208529423,0.005561545971720317,1.1200882076368054e-10,0.9749393084521933
2005-08-08,1,0.006565390057141327,0.9899716053207557,0.0010589457662970357,0.002404057621920287,1.2338858493306331e-09,0.9899716053207557
2005-08-09,1,0.019209766859178655,0.9762174077401813,0.0001255448207664334,0.0044472802270933,3.527806640933361e-10,0.9762174077401813
2005-08-10,1,0.010759265345880259,0.9848737910586136,2.9972603364063675e-05,0.004336970474388899,5.177524003396446e-10,0.9848737910586136
2005-08-11,1,0.009579335938056538,0.9885913459852222,1.015700879640622e-06,0.0018282166248692981,8.575097304845541e-08,0.9885913459852222
2005-08-12,1,0.014824421248931558,0.9823809547855582,7.286601624160066e-07,0.0027937645053258344,1.3080002226788818e-07,0.9823809547855582
2005-08-15,1,0.016921876336795143,0.9762208468040308,5.8368947634883874e-05,0.006798883498459373,2.4413079357173426e-08,0.9762208468040308
2005-08-16,1,0.015233865791087499,0.97911683400501,2.4140858618932355e-05,0.005625130441249284,2.890403454493776e-08,0.97911683400501
2005-08-17,1,0.0040442886347781,0.7515019901303436,0.24185036383585684,0.002603357055170173,3.4385154714231007e-10,0.7515019901303436
2005-08-18,1,0.008111101545341233,0.7785014497952771,0.2103886519417884,0.0029987960843077823,6.332855246613032e-10,0.7785014497952771
2005-08-19,1,0.0030061955484346164,0.6882892855577092,0.30688470613434665,0.0018198109047472995,1.8547614610205992e-09,0.6882892855577092
2005-08-22,1,0.003627709155545911,0.7540220438745023,0.24035263312214014,0.0019976119569293494,1.890882315506237e-09,0.7540220438745023
2005-08-23,1,0.004868035146836267,0.7443692767149805,0.24863875595753462,0.0021239297137932984,2.4668554745575586e-09,0.7443692767149805
2005-08-24,1,0.003944576125674612,0.8597896713554537,0.13284530273751338,0.003420434355578451,1.542578017239075e-08,0.8597896713554537
2005-08-25,1,0.005913334854201876,0.9152317605773248,0.07538740169760293,0.0034674860183622138,1.6852508285673856e-08,0.9152317605773248
2005-08-26,1,0.005640678457626748,0.942817409601271,0.049784742039019475,0.0017571578500864841,1.2051995952128115e-08,0.942817409601271
2005-08-29,1,0.007830880944620715,0.9773065571837011,0.012866277415356954,0.001996269367483204,1.5088838410509894e-08,0.9773065571837011
2005-08-30,1,0.004117669620048317,0.9906223950669099,0.00010514962729603037,0.005154275035211858,5.106505341087509e-07,0.9906223950669099
2005-08-31,1,0.013001743425866982,0.9807744410365197,0.0002845967062625677,0.005937663671597897,1.5551597530757264e-06,0.9807744410365197
2005-09-01,1,0.006126392337019007,0.988443806612316,0.0007127106230397235,0.00471663143748754,4.589901381011684e-07,0.988443806612316
2005-09-02,1,0.005320658726667373,0.9920937742948127,3.13649763009072e-05,0.0025540122936943245,1.8970852512982465e-07,0.9920937742948127
2005-09-06,1,0.005054068275366422,0.9932151013505855,6.664069830105804e-05,0.0016641627016964835,2.6974050571890888e-08,0.9932151013505855
2005-09-07,1,0.0036402711597407164,0.9948974486070378,3.792491981879796e-05,0.0014243189084071147,3.640499521941006e-08,0.9948974486070378
2005-09-08,1,0.005404691054470751,0.9929052232448244,1.1334160440198072e-05,0.001678718068824614,3.3471439851623303e-08,0.9929052232448244
2005-09-09,1,0.011450005433245805,0.9866608561821997,8.073680706381732e-08,0.0018889969354189213,6.071232861604962e-08,0.9866608561821997
2005-09-12,1,0.015711117761159084,0.9815861042407681,2.2902155771001e-08,0.00270265426452186,1.0083139538536558e-07,0.9815861042407681
2005-09-13,1,0.024025581354295753,0.9744654787210691,2.8328860161942563e-09,0.0015083524434720491,5.846482768794315e-07,0.9744654787210691
2005-09-14,1,0.01754683158006096,0.9820137550147688,3.762796713367668e-08,0.00043882422692418066,5.515502791763095e-07,0.9820137550147688
2005-09-15,1,0.005861194611402884,0.9939074479594392,8.908938155251924e-14,0.00022356260657307902,7.794822496525107e-06,0.9939074479594392
2005-09-16,1,0.003984684243678547,0.995913006241124,1.8616216817886947e-16,8.431487738649132e-05,1.7994637810659225e-05,0.995913006241124
2005-09-19,1,0.0012492009229808348,0.9982176748001805,6.748943602992641e-13,0.0005325972161727154,5.270599907231524e-07,0.9982176748001805
2005-09-20,1,0.0017765219066991993,0.9978086863335076,9.916504462520487e-13,0.0004142706060524211,5.211527490106065e-07,0.9978086863335076
2005-09-21,1,0.002230509717032729,0.9970885631564717,4.545871493113632e-12,0.000680502062602295,4.250593477436133e-07,0.9970885631564717
2005-09-22,1,0.004051886462247989,0.9945803139101068,1.9831229779554278e-10,0.001367732724753148,6.670457926672655e-08,0.9945803139101068
2005-09-23,1,0.006916275348967392,0.9913157717093931,2.6659330226377982e-09,0.001767913301594467,3.697411195976178e-08,0.9913157717093931
2005-09-26,1,0.00318057595159981,0.9952903279951271,7.398582815083849e-09,0.0015290441646603715,4.449002999658615e-08,0.9952903279951271
2005-09-27,1,0.004790847950462101,0.9937234301222068,3.871116836990211e-08,0.0014856558158006785,2.7400361724430546e-08,0.9937234301222068
2005-09-28,1,0.013865319191512222,0.9842372648803431,2.6620309111583778e-05,0.0018707942766928458,1.342340050359798e-09,0.9842372648803431
2005-09-29,1,0.010712280738629244,0.9878593655012197,0.00029479771797447785,0.0011335552272021703,8.149745851614027e-10,0.9878593655012197
2005-09-30,1,0.01651971936278872,0.9807904857441039,4.448947080995769e-08,0.002689749912989436,4.906466842647277e-10,0.9807904857441039
2005-10-03,1,0.027386083718273824,0.9719190399252954,5.4771804976208825e-06,0.0006893983979327569,7.780006858952959e-10,0.9719190399252954
2005-10-04,1,0.02780959129564656,0.9715160646026937,1.2840963493700495e-06,0.0006730591025421617,9.027683927955027e-10,0.9715160646026937
2005-10-05,1,0.025906749475785598,0.9733926116893924,2.4234322654328814e-07,0.000700395549058907,9.425366123616378e-10,0.9733926116893924
2005-10-06,1,0.01304291590580298,0.9858536397243604,6.577632549684492e-08,0.0011033749515720853,3.6419382448679235e-09,0.9858536397243604
2005-10-07,1,0.009199890950364,0.9895134029866605,2.1591481488150854e-08,0.0012866815601606672,2.9113326413192206e-09,0.9895134029866605
2005-10-10,1,0.008500659906546398,0.9902794433687426,2.292596920723443e-08,0.0012198701289316014,3.669810978826329e-09,0.9902794433687426
2005-10-11,1,0.004701454216338045,0.9921972822177443,1.1954062085310232e-08,0.0031012497413970912,1.8704583257389536e-09,0.9921972822177443
2005-10-12,1,0.002740435798138528,0.9959933949276916,1.4730047936375988e-10,0.0012661651422896179,3.9845796722462126e-09,0.9959933949276916
2005-10-13,1,0.006646309823299466,0.9897364200815351,2.019771341930035e-09,0.003617267085931939,9.89461506591804e-10,0.9897364200815351
2005-10-14,1,0.0037630213679983138,0.97395713794363,2.209916480396674e-10,0.022279840438982765,2.8397220621179758e-11,0.97395713794363
2005-10-17,1,0.02230502628031684,0.9725687280491955,7.214148786015459e-08,0.005126173305686209,2.2331376886327875e-10,0.9725687280491955
2005-10-18,1,0.028901983115985186,0.9665556802501202,2.8466026840339333e-07,0.004542051713138587,2.604883950563145e-10,0.9665556802501202
2005-10-19,1,0.005391623911249844,0.9858457250110289,1.4469937310000047e-11,0.008762650937779727,1.2547080095887196e-10,0.9858457250110289
2005-10-20,1,0.006348601459018696,0.9845947673651586,1.5645310181395542e-12,0.009056630611205438,5.630522477023723e-10,0.9845947673651586
2005-10-21,1,0.001272892922975868,0.992706912112937,2.781083359537832e-15,0.006020193233630047,1.7304544272273467e-09,0.992706912112937
2005-10-24,1,0.0009345891881779161,0.9921931937978782,1.698645292473384e-16,0.006872215483981694,1.5299614519769691e-09,0.9921931937978782
2005-10-25,1,0.0016479064818067791,0.99548394642339,1.3993265725735508e-11,0.00286814626338668,8.174231106622119e-10,0.99548394642339
2005-10-26,1,0.003490307453174141,0.9923550856722642,3.1532380103474293e-12,0.004154606080470282,7.909380685895959e-10,0.9923550856722642
2005-10-27,1,0.004396136066634554,0.9904528030057286,1.2986788991302118e-11,0.005151060373384717,5.412652231657959e-10,0.9904528030057286
2005-10-28,1,0.0037366838503378754,0.9917715757842974,9.689423062246532e-12,0.004491739891653237,4.640218191000877e-10,0.9917715757842974
2005-10-31,1,0.003894128534380626,0.9929163675064295,1.342542520671724e-10,0.0031895020646288356,1.760306510794902e-09,0.9929163675064295
2005-11-01,1,0.0018392439930130162,0.9956549102831957,3.878723026049429e-10,0.0025058417957493652,3.5401691545484717e-09,0.9956549102831957
2005-11-02,1,0.0015310944246294145,0.9971172238359081,3.650423006181037e-09,0.0013516722953079885,5.793731241949295e-09,0.9971172238359081
2005-11-03,1,0.001359547039109752,0.9942894328259665,9.369460014154242e-12,0.0043510097565023975,1.0369052389410957e-08,0.9942894328259665
2005-11-04,1,0.003274705769469892,0.9935320430703544,3.1492181459431744e-09,0.0031932349244143485,1.3086543665472416e-08,0.9935320430703544
2005-11-07,1,0.0028980753125364693,0.9949612715801622,3.4530711577093613e-09,0.0021406242123854545,2.5441844515877145e-08,0.9949612715801622
2005-11-08,1,0.008997349662130593,0.9887301755509637,1.1416881982442221e-07,0.002272319463093145,4.115499252289624e-08,0.9887301755509637
2005-11-09,1,0.005055016697657785,0.9934664365732242,1.0868067634894966e-07,0.0014784010402735428,3.7008167863487714e-08,0.9934664365732242
2005-11-10,1,0.007102341310162787,0.9909801365013307,6.730059691819084e-08,0.0019174093262880614,4.5561621703926985e-08,0.9909801365013307
2005-11-11,1,0.008371190711849963,0.9904079891549864,6.492388910742624e-07,0.0012201183517548762,5.2542517697216626e-08,0.9904079891549864
2005-11-14,1,0.025674536800346395,0.971802093422897,1.1937804315316577e-05,0.002511165399355393,2.6657308645004264e-07,0.971802093422897
2005-11-15,1,0.0226741664362738,0.9748112695457364,6.989085061992204e-06,0.002507383152045392,1.917808826357733e-07,0.9748112695457364
2005-11-16,1,0.02015207273175485,0.9794427463898335,0.00016992676362292592,0.00023509190334926178,1.622114398732063e-07,0.9794427463898335
2005-11-17,1,0.005040564362909584,0.9947576877418498,2.6517911823915628e-05,0.00017400057628998378,1.229407126961366e-06,0.9947576877418498
2005-11-18,1,0.009412888860231873,0.9903735114441068,7.814457473011798e-05,0.00013430838511108438,1.146735820451778e-06,0.9903735114441068
2005-11-21,1,0.00650533277856648,0.9933686257088854,9.909780829051399e-05,2.6063651164275635e-05,8.800530928475766e-07,0.9933686257088854
2005-11-22,1,0.006299578894650853,0.9936500726670386,5.98474281193297e-07,4.7741845565708864e-05,2.0081184639209684e-06,0.9936500726670386
2005-11-23,1,0.0033097780885445746,0.9966567371969309,4.526110203108194e-07,3.0826745715283854e-05,2.2053577892444166e-06,0.9966567371969309
2005-11-28,1,0.0020531678357319865,0.9978394717444894,2.237954622692637e-09,9.995387405783358e-05,7.404307766258636e-06,0.9978394717444894
2005-11-29,1,0.0021018184543351347,0.9978439492457514,1.933224010685533e-09,4.0453759155388936e-05,1.3776607534325634e-05,0.9978439492457514
2005-11-30,1,0.0008190093802823943,0.999104579516509,8.423781881294655e-13,7.045334053218806e-05,5.9577618341831575e-06,0.999104579516509
2005-12-01,1,0.0003080599223337683,0.9996807390694867,7.055202911442308e-12,4.127229600123265e-06,7.073771524944936e-06,0.9996807390694867
2005-12-02,1,0.0003188627848862658,0.9996710993971705,4.563147780023192e-12,5.340764362999317e-06,4.697049017387764e-06,0.9996710993971705
2005-12-05,1,0.0011559262919122822,0.998827170801001,8.898799819530905e-08,1.6142104613481403e-05,6.71814475312192e-07,0.998827170801001
2005-12-06,1,0.00023024116622637092,0.9997578485792477,2.1328307863077664e-11,1.167423001217787e-05,2.3600318508964193e-07,0.9997578485792477
2005-12-07,1,0.00024900832687202966,0.9997258150250885,2.0879835030848048e-11,2.5040335893176894e-05,1.3629126629147536e-07,0.9997258150250885
2005-12-08,1,0.0003961818942989249,0.9995706537981198,1.2300520459502492e-09,3.3041000271108864e-05,1.2207725795460906e-07,0.9995706537981198
2005-12-09,1,0.000222809909828149,0.9997586921492434,1.639613718630127e-10,1.822591328478069e-05,2.7186368187700384e-07,0.9997586921492434
2005-12-12,1,0.000116918652671363,0.9998646393485504,2.7007654941838204e-13,1.799027075223131e-05,4.5172775542334526e-07,0.9998646393485504
2005-12-13,1,0.00015794745712517888,0.9996109287282524,7.450945279670008e-12,0.00023031660242333623,8.072047472759313e-07,0.9996109287282524
2005-12-14,1,2.128738168538417e-05,0.9500804771469342,3.23290138375591e-14,0.04989784513046311,3.9034088539587553e-07,0.9500804771469342
2005-12-15,1,2.6008782329051393e-05,0.9646883709295134,2.9659463695820826e-13,0.03528496306799952,6.572198612423543e-07,0.9646883709295134
2005-12-16,1,0.00015811186709492524,0.9813421496320952,1.9077911116154762e-13,0.018499171507496852,5.669931226578217e-07,0.9813421496320952
2005-12-19,1,0.0007924071775907258,0.8271249776189151,3.814612993256824e-13,0.1720824785406433,1.3666247013504987e-07,0.8271249776189151
2005-12-20,1,0.00018340203348485716,0.983993516436501,7.3264242683983755e-09,0.015821758655216303,1.3155483736210566e-06,0.983993516436501
2005-12-21,1,0.0002543108408523818,0.981286144942324,1.1981937995331754e-08,0.018457925909870432,1.6063250143096097e-06,0.981286144942324
2005-12-22,1,0.00010038235983571407,0.9914010328640915,1.070088751586308e-09,0.008494343854863168,4.239851120183827e-06,0.9914010328640915
2005-12-23,1,0.00011866385310448652,0.9900455598005566,1.3920388092808828e-09,0.009831797278264751,3.977676035678262e-06,0.9900455598005566
2005-12-27,1,0.0004097805123821211,0.9414085873184411,1.6834135230768174e-09,0.058176637675992474,4.992809770025458e-06,0.9414085873184411
2005-12-28,1,0.00010152470095292756,0.9790437353100528,3.216895457047704e-09,0.020850005301640186,4.731470458580527e-06,0.9790437353100528
2005-12-29,1,0.00011283469528203702,0.9850974559962967,3.929540819174013e-09,0.01478855644090313,1.1489379773717752e-06,0.9850974559962967
2005-12-30,1,0.0002664342024865565,0.9706366465746631,2.477147398060743e-08,0.02909619549202852,6.989593483726991e-07,0.9706366465746631
2006-01-03,1,0.00010113574040431123,0.9967068415831327,0.0011835342799810201,0.002003508727394395,4.979669087150758e-06,0.9967068415831327
2006-01-04,1,0.00016077341071873142,0.9973445679838118,0.0006152648344987074,0.0018738766429998426,5.517127970731247e-06,0.9973445679838118
2006-01-05,1,0.000126846592394906,0.9954122685769713,0.0024142422403190845,0.002037400397224487,9.24219308995831e-06,0.9954122685769713
2006-01-06,1,2.0291535339044588e-05,0.9578148788095172,0.041784460122598246,0.00036201086787628105,1.835866466886906e-05,0.9578148788095172
2006-01-09,1,7.438680387003787e-06,0.9975195019513208,0.0016737161670414868,0.0007726407278614371,2.670247338941638e-05,0.9975195019513208
2006-01-10,1,1.599011877129356e-05,0.9828911955751161,0.015798556622016624,0.0012783520965701616,1.5905587525599428e-05,0.9828911955751161
2006-01-11,1,9.320799117559699e-06,0.9840996108289393,0.015290879681208593,0.0005946807631462427,5.5079275879798516e-06,0.9840996108289393
2006-01-12,1,2.454036764537518e-05,0.9871807567455634,0.012420689056688618,0.00037041936922022436,3.59446088253834e-06,0.9871807567455634
2006-01-13,1,0.0002591711441137774,0.8037627844545245,0.1959631878493087,1.0542213586015927e-05,4.31433846745867e-06,0.8037627844545245
2006-01-17,1,7.790892888821453e-05,0.9970390093868173,0.002853485198512661,9.144364593849444e-06,2.0452121187931218e-05,0.9970390093868173
2006-01-18,1,6.358773091994073e-05,0.9494065478349876,0.0504493373467369,1.7446230135718996e-05,6.308085721994614e-05,0.9494065478349876
2006-01-19,1,2.986507043617572e-06,0.957211637426025,0.042479093317635504,6.134158073579457e-06,0.0003001485912226244,0.957211637426025
2006-01-20,1,5.591696661431409e-06,0.9969060077071219,0.0028691965390467253,7.392905246103709e-07,0.0002184647666455502,0.9969060077071219
2006-01-23,1,1.5027636032935541e-06,0.9993779360220193,0.0004907219599020435,1.259694267865697e-07,0.00012971328504919792,0.9993779360220193
2006-01-24,1,1.2694522863836646e-05,0.9978205880910245,0.002136945317383348,8.392553590970222e-07,2.8932813368620256e-05,0.9978205880910245
2006-01-25,1,4.902796993609535e-06,0.9996265180120166,0.0003488524255772958,3.485633062800123e-07,1.9378202107000877e-05,0.9996265180120166
2006-01-26,1,6.86455568070053e-06,0.9988969342549018,0.0010691174816345782,2.5330048954663917e-07,2.6830407293531935e-05,0.9988969342549018
2006-01-27,1,9.582525587619785e-06,0.9993774521089789,0.0005680664385653002,8.870126864313737e-07,4.401191418216983e-05,0.9993774521089789
2006-01-30,1,3.864261723038973e-06,0.9995480149954311,0.0004051779777339966,8.344091469134629e-07,4.210835596422092e-05,0.9995480149954311
2006-01-31,1,2.4405498176492596e-06,0.9997511048722397,0.0002100366949423493,7.879047379718239e-07,3.562997826207164e-05,0.9997511048722397
2006-02-01,1,8.699781684400855e-06,0.9999687594395487,2.4020680676789716e-07,1.449259627120406e-05,7.807975688876067e-06,0.9999687594395487
2006-02-02,1,6.349431464773628e-06,0.999971862374402,1.1324643589698537e-08,1.4684623151903292e-05,7.092246337426122e-06,0.999971862374402
2006-02-03,1,6.539371642081604e-06,0.999967961164603,2.5611808177448058e-09,1.1226543337823368e-05,1.4270359236688515e-05,0.999967961164603
2006-02-06,1,2.4785514357327906e-05,0.9999380504633205,6.389138215722721e-13,2.7441743297226625e-05,9.722278385778762e-06,0.9999380504633205
2006-02-07,1,3.259086693072878e-06,0.9999216662665723,5.127165068408732e-10,6.231370908369295e-05,1.2760424934615478e-05,0.9999216662665723
2006-02-08,1,3.4935844991710732e-06,0.9999445841964285,3.1256171939981363e-10,4.356981786804073e-05,8.352088642501063e-06,0.9999445841964285
2006-02-09,1,2.971692209753433e-07,0.9999266061059813,4.228718184692994e-10,5.211937096962179e-05,2.097693095676119e-05,0.9999266061059813
2006-02-10,1,5.276862142734355e-08,0.9997825752396393,1.1020128118470394e-08,0.00014822242419503556,6.913854741633882e-05,0.9997825752396393
2006-02-13,1,2.8815612869868357e-08,0.9994367968262751,1.7659771288096955e-09,0.0003151802903926849,0.00024799230174151886,0.9994367968262751
2006-02-14,1,2.0607390582900604e-08,0.9994288146530543,2.1523298390786456e-09,0.00027504487143032244,0.00029611771579411293,0.9994288146530543
2006-02-15,1,6.937201364068839e-08,0.9995150030052395,2.0582953397388737e-09,0.000343028192560049,0.00014189737189173492,0.9995150030052395
2006-02-16,1,1.2571894301408285e-06,0.9994358406740625,1.896591939195083e-09,0.00037941898950828777,0.0001834812504073745,0.9994358406740625
2006-02-17,1,9.368348420537264e-07,0.999379808667352,2.033970320454288e-08,0.0005915084656067078,2.7725692496094535e-05,0.999379808667352
2006-02-21,1,7.49870977557555e-07,0.9995411558804014,5.8481158742664775e-09,0.0004467044003670494,1.1384000138154634e-05,0.9995411558804014
2006-02-22,1,8.558249206120514e-07,0.999545559736428,1.2204413358239055e-08,0.00044262338345778203,1.0948850779927993e-05,0.999545559736428
2006-02-23,1,5.914050824559487e-07,0.9994392612951023,5.468910159303492e-09,0.0005517138278605813,8.428003044200486e-06,0.9994392612951023
2006-02-24,1,8.872653998224473e-08,0.9995785884747814,5.251016476209543e-10,0.00041626121204579424,5.061061531221803e-06,0.9995785884747814
2006-02-27,1,2.870638042015865e-07,0.9995351566860622,2.628507036187496e-09,0.00046030277056045973,4.250851066606451e-06,0.9995351566860622
2006-02-28,1,1.0101066616444362e-06,0.9995109422377065,2.7699060669292835e-07,0.00048260051459725036,5.170150427880004e-06,0.9995109422377065
2006-03-01,1,1.0409000069835324e-06,0.9996171324727534,7.051544093319201e-08,0.0003773353943770677,4.420717421309575e-06,0.9996171324727534
2006-03-02,1,1.0843955129634053e-06,0.9997957063937075,2.5857997218634773e-06,0.00019742314799735388,3.2002630606364304e-06,0.9997957063937075
2006-03-03,1,1.8931087841735816e-06,0.9998037965502092,1.6542973660543238e-05,0.0001751780033455641,2.589364000823045e-06,0.9998037965502092
2006-03-06,1,2.900889240772229e-06,0.9997472183956075,0.00015183938305786605,9.355830083246473e-05,4.483031261792588e-06,0.9997472183956075
2006-03-07,1,5.006944942852026e-06,0.9996188809477214,0.00025195066095140035,0.00011842803098570787,5.733415398030177e-06,0.9996188809477214
2006-03-08,1,3.239351468576684e-05,0.9997298275966479,5.560271367105068e-05,0.0001814745944796671,7.015805149935393e-07,0.9997298275966479
2006-03-09,1,2.0295744880657827e-05,0.9997755160775457,3.526991067582075e-05,0.0001683608467741786,5.574201239004224e-07,0.9997755160775457
2006-03-10,1,0.00030573993029922515,0.9991577234235964,5.305856047886239e-06,0.0005310360073441344,1.9478271222567869e-07,0.9991577234235964
2006-03-13,1,0.001169785016747506,0.9987055346396839,1.3830259840888378e-06,0.00012326708196785003,3.023561733672838e-08,0.9987055346396839
2006-03-14,1,0.00275045485036282,0.9971822983100912,2.2083368424711873e-05,4.515507414674527e-05,8.39697406119064e-09,0.9971822983100912
2006-03-15,1,0.003951340552370768,0.9958395807586372,3.610835590242051e-06,0.00020546718011571222,6.73286851773457e-10,0.9958395807586372
2006-03-16,1,0.004621084340854344,0.9949662401704811,1.2357526646727213e-06,0.000411437969180515,1.7668187620291712e-09,0.9949662401704811
2006-03-17,1,0.005190307759741831,0.9940311682131309,1.5164584700613859e-06,0.0007770068890282355,6.796297518347284e-10,0.9940311682131309
2006-03-20,1,0.010990736603709311,0.9886376059744182,5.5549951714770275e-06,0.00036609992335396864,2.5033474153628765e-09,0.9886376059744182
2006-03-21,1,0.010935620174652922,0.9887208954627451,9.423170034394624e-06,0.0003340589208866571,2.271680090998368e-09,0.9887208954627451
2006-03-22,1,0.00717455539738898,0.9923865130473516,1.2660241112997004e-05,0.00042626739486547097,3.919281254697292e-09,0.9923865130473516
2006-03-23,1,0.0022584193506104073,0.9971866138428205,4.432922355339337e-06,0.0005505280519233055,5.832290798818508e-09,0.9971866138428205
2006-03-24,1,0.0031184566911583275,0.9952098024651111,0.0013858556197227907,0.00028587966571647495,5.5582916472831695e-09,0.9952098024651111
2006-03-27,1,0.001270026460607644,0.9960487226515385,0.0023690829448531803,0.000312157666950515,1.0276050454238924e-08,0.9960487226515385
2006-03-28,1,0.001426727879591246,0.9979959399137406,0.0002755321078500724,0.00030175878097962364,4.131783888072506e-08,0.9979959399137406
2006-03-29,1,0.0011390848470142667,0.9984983928594355,0.0002187497113348416,0.00014369860999086554,7.397222409933685e-08,0.9984983928594355
2006-03-30,1,0.000159757303202184,0.9971650783116829,0.0024847107284969266,0.0001904026739561788,5.0982661401668227e-08,0.9971650783116829
2006-03-31,1,0.00015478307937009643,0.9951341035710636,0.0044992016369630955,0.00021187900639175637,3.2706211171200294e-08,0.9951341035710636
2006-04-03,1,7.487759473332144e-05,0.9940197907463147,0.004882674087528249,0.0010226537055132827,3.865910678219868e-09,0.9940197907463147
2006-04-04,1,3.8356721151522494e-05,0.9982335048537737,1.443543487903477e-05,0.0017137000155342448,2.9746622455462776e-09,0.9982335048537737
2006-04-05,1,0.00010600865205511057,0.9976815587299436,0.00016067184788745752,0.0020517514329552416,9.3371594658384e-09,0.9976815587299436
2006-04-06,1,5.290266310392823e-05,0.9969177225307757,3.6470192596086806e-05,0.002992896042491257,8.571032294616672e-09,0.9969177225307757
2006-04-07,1,9.631563734373905e-05,0.9995780215876005,0.00015262283314224672,0.0001727115154261783,3.2842648796669964e-07,0.9995780215876005
2006-04-10,1,5.486274781183889e-05,0.9997138334599853,2.7970889761676804e-05,0.00020312526958042002,2.0763286071162635e-07,0.9997138334599853
2006-04-11,1,6.0678751289393955e-05,0.9997613104340836,1.2383490870528927e-06,0.0001765771038816173,1.9536165824690254e-07,0.9997613104340836
2006-04-12,1,7.007794360154284e-05,0.9996839619023733,6.817441203153038e-06,0.00023889383309059112,2.488797321079386e-07,0.9996839619023733
2006-04-13,1,6.166818405570166e-05,0.9996286862749141,4.336936897237693e-06,0.00030514607063020303,1.6253350257556144e-07,0.9996286862749141
2006-04-17,1,4.2795426636639075e-06,0.9982081871017233,0.0015065502131059723,0.00028007876863496157,9.043738712335838e-07,0.9982081871017233
2006-04-18,1,3.603399564343393e-06,0.9969986351329364,0.0027737552617882045,0.0002185021562367205,5.504049475151508e-06,0.9969986351329364
2006-04-19,1,6.450426349898248e-07,0.9984407673215479,0.0014273166620685357,0.00010968411850159907,2.158685524647845e-05,0.9984407673215479
2006-04-20,1,2.7282129359948954e-07,0.9920785611361128,0.007859029361199924,3.356868759641885e-05,2.856799379689749e-05,0.9920785611361128
2006-04-21,1,1.498265604184706e-07,0.9005624475951953,0.09942305598203992,6.3381996766065525e-06,8.008396527644028e-06,0.9005624475951953
2006-04-24,1,7.677241568553834e-08,0.9993332190982208,0.0006538577106339421,1.2177798292548756e-05,6.68620436841435e-07,0.9993332190982208
2006-04-25,1,3.140171692673034e-08,0.999203222546925,0.0007877268606629026,7.75605988788592e-06,1.2631308081751514e-06,0.999203222546925
2006-04-26,1,2.5250209176205496e-08,0.9991285260351386,0.0008658838197347744,4.868613386846907e-06,6.962815301013052e-07,0.9991285260351386
2006-04-27,1,2.109108806433865e-08,0.999929101346489,5.912004258612637e-05,1.1504467698679085e-05,2.53052137714843e-07,0.999929101346489
2006-04-28,1,6.028574123831926e-09,0.9999623563620675,3.551924287056211e-05,1.379865703584152e-06,7.385007844091428e-07,0.9999623563620675
2006-05-01,1,1.6072834960469265e-09,0.9999951107598416,2.926818649305655e-06,9.834627265289527e-07,9.77351499841448e-07,0.9999951107598416
2006-05-02,1,2.1899411444674632e-09,0.9999945386400818,3.6655618843140924e-06,7.873520554403914e-07,1.006256036897067e-06,0.9999945386400818
2006-05-03,1,1.0973444443928174e-08,0.999661700892879,0.0003347758326090837,2.0066015039004609e-07,3.3116409170577184e-06,0.999661700892879
2006-05-04,1,8.133015670624094e-09,0.9999095405546997,7.885243231120785e-05,2.0424241278014656e-07,1.1394637559883573e-05,0.9999095405546997
2006-05-05,1,1.7228457199992874e-08,0.9996034480717246,0.0003795800923231646,1.2707499071212223e-07,1.682753250469295e-05,0.9996034480717246
2006-05-08,1,1.3067359032315798e-08,0.9999215362422043,7.06790003311207e-05,3.25335287578032e-07,7.4463548187852705e-06,0.9999215362422043
2006-05-09,1,1.2531668887012716e-09,0.9992812378829427,0.0006759123416929555,2.3788799505121294e-07,4.261063420323386e-05,0.9992812378829427
2006-05-10,1,1.0130078572325202e-09,0.9989887883737307,0.0009716070901263086,4.5461955843652676e-07,3.914890357744966e-05,0.9989887883737307
2006-05-11,1,7.328006269725543e-11,0.9992698678819282,0.0006738098262094801,9.98555704542017e-07,5.532366287848303e-05,0.9992698678819282
2006-05-12,1,4.6109796219388113e-11,0.9997822667201646,0.00014985756737883113,3.3790946418478974e-08,6.784187540116328e-05,0.9997822667201646
2006-05-15,1,6.219609562061086e-11,0.9759027568368657,0.024017939444825803,1.6322027005261234e-06,7.767145341137391e-05,0.9759027568368657
2006-05-16,1,4.935139081699192e-11,0.9841401586866981,0.015770221293570624,1.2572162677519184e-06,8.836275411212738e-05,0.9841401586866981
2006-05-17,1,2.9544065473667526e-10,0.9922054743608552,0.007746133549965934,3.526233041661329e-06,4.4865560696143186e-05,0.9922054743608552
2006-05-18,1,3.978207304346481e-10,0.9994805021564152,0.0004862322010475835,5.082647254233154e-06,2.8182597462295335e-05,0.9994805021564152
2006-05-19,1,7.029200254280452e-11,0.9336536441562365,0.06559774177878547,2.9666968880463303e-05,0.0007189470258047146,0.9336536441562365
2006-05-22,1,3.5176951403415535e-10,0.7658784386708248,0.2333353277675553,1.4085685571175582e-05,0.000772147524279145,0.7658784386708248
2006-05-23,1,4.01931327369423e-11,0.8209226436875511,0.1788288996159787,6.171515766811635e-06,0.0002422851405100436,0.8209226436875511
2006-05-24,2,8.467549899952601e-18,0.01473561305900464,0.9848031099370474,2.3736292536046207e-07,0.00046103964102202295,0.9848031099370474
2006-05-25,2,5.670268043165082e-18,0.018948976322546295,0.9797517203180054,1.1316019391047062e-07,0.001299190199255022,0.9797517203180054
2006-05-26,2,1.313546757071582e-16,0.011996242897364139,0.9877863516873722,2.471406502318764e-07,0.00021715827461386464,0.9877863516873722
2006-05-30,2,1.907726607499352e-16,0.016223213878573232,0.9834807694683924,4.5519181649582366e-07,0.0002955614612183486,0.9834807694683924
2006-05-31,2,2.29476049913657e-17,0.004397119767199056,0.9954701578097905,1.5704117593836233e-07,0.000132565381834767,0.9954701578097905
2006-06-01,2,4.982638010760253e-19,0.0007598761001588482,0.9992000794243661,2.420235486592478e-08,4.0020273119956664e-05,0.9992000794243661
2006-06-02,2,3.4192697492017253e-18,0.0015504925533966264,0.998419450590869,4.607715617597304e-08,3.001077857841386e-05,0.998419450590869
2006-06-05,2,3.216977571777143e-18,0.0025959283611604426,0.9973305051844952,8.874596987225101e-08,7.347770837527103e-05,0.9973305051844952
2006-06-06,2,1.793563861954685e-19,0.000496929480043291,0.9994618380598104,2.295964530655923e-08,4.120950050114315e-05,0.9994618380598104
2006-06-07,2,7.504986863462728e-18,0.0002642686676677831,0.999728900151018,1.3589103662649247e-08,6.817592210037683e-06,0.999728900151018
2006-06-08,2,5.1146563758334225e-20,2.0256473692185527e-05,0.999976496411267,7.02037578253537e-10,3.2464130039081208e-06,0.999976496411267
2006-06-09,2,4.905615709783417e-19,1.1384662766679532e-05,0.9999865652872982,8.208412086849836e-10,2.0492290938294627e-06,0.9999865652872982
2006-06-12,2,6.544495000942464e-19,1.5793926011357718e-05,0.9999814037227589,7.917026949388201e-10,2.801559526806095e-06,0.9999814037227589
2006-06-13,2,1.8318579853721998e-28,1.282211587339444e-09,0.9999756164996649,2.704105607896536e-12,2.4382215419533412e-05,0.9999756164996649
2006-06-14,2,2.4238878495925354e-28,7.645487778788283e-10,0.9999763384339101,2.3072467239391445e-12,2.366079923320684e-05,0.9999763384339101
2006-06-15,2,3.5158313730940256e-28,7.23954991197374e-10,0.9999950533293723,2.953244618132056e-12,4.9459437191894536e-06,0.9999950533293723
2006-06-16,2,1.73940647092495e-28,6.969576592853105e-09,0.9999890502517315,4.978371172121325e-12,1.0942773712930936e-05,0.9999890502517315
2006-06-19,2,3.023617777576946e-26,6.330779088283447e-08,0.9999866436284881,2.8041445512781503e-11,1.3293035679505955e-05,0.9999866436284881
2006-06-20,2,1.515179074908235e-26,1.2418446012565876e-07,0.9999753547814834,3.3973643180186494e-11,2.4521000083153798e-05,0.9999753547814834
2006-06-21,2,2.5179297698908834e-25,2.63431866108621e-07,0.9999201034567792,9.047928847146787e-11,7.963302087483295e-05,0.9999201034567792
2006-06-22,2,1.101240525463753e-18,4.352767136911056e-05,0.9998967429071017,1.2422287007994908e-08,5.9716999242200074e-05,0.9998967429071017
2006-06-23,2,2.9455124431372827e-18,3.8242463578593336e-05,0.9998725517133399,2.442191564314976e-08,8.918140116674036e-05,0.9998725517133399
2006-06-26,2,2.2820368932155523e-18,2.7291294604982713e-05,0.9999028797095957,1.617354371638702e-08,6.981282225588915e-05,0.9999028797095957
2006-06-27,2,5.346169804845565e-18,2.0633942655943874e-05,0.9999134812879652,1.3505149103062766e-08,6.587126423004884e-05,0.9999134812879652
2006-06-28,2,2.500369948618511e-17,4.0339837618839836e-05,0.9998842038090444,2.2933229156550126e-08,7.543342010740384e-05,0.9998842038090444
2006-06-29,2,1.2388191757589631e-15,0.00047945283975396347,0.9992774810282683,5.706839548896913e-08,0.00024300906358163183,0.9992774810282683
2006-06-30,2,4.666634644143509e-19,0.002737867229134179,0.9715875968859224,2.0628778728543048e-07,0.025674329597154707,0.9715875968859224
2006-07-05,2,1.8130595479672132e-20,0.001235819943089089,0.9886287366755432,4.8140557880626157e-08,0.010135395240809668,0.9886287366755432
2006-07-06,2,2.7339673077541575e-19,0.010848157619539684,0.9519604822377101,1.3846197071480757e-07,0.03719122168077992,0.9519604822377101
2006-07-07,2,2.0095630409133235e-19,0.011542112994132499,0.9689391239027741,1.730321476267224e-07,0.019518590070945724,0.9689391239027741
2006-07-10,2,6.850801591758957e-18,0.034373997605327736,0.9488720032941143,3.0049246159203134e-07,0.016753698608095877,0.9488720032941143
2006-07-11,2,6.396589122210595e-19,0.12312513809894621,0.7259777461820925,3.2970529424047994e-07,0.15089678601366624,0.7259777461820925
2006-07-12,2,2.3473431451420634e-19,0.29332677162252885,0.43438669191841306,7.279199268291989e-07,0.27228580853913076,0.43438669191841306
2006-07-13,1,1.9530409399155368e-09,0.9821428913699929,0.017662248385372035,1.0972538530600794e-05,0.0001838857530629909,0.9821428913699929
2006-07-14,1,2.688690931972218e-10,0.9916288337119271,0.008003265483592314,4.9759828707942156e-06,0.00036292455274050163,0.9916288337119271
2006-07-17,1,1.5455311151103155e-10,0.9105134998015765,0.08898703050799855,1.6413196684806838e-06,0.0004978282162036256,0.9105134998015765
2006-07-18,1,4.970485111848952e-12,0.9043596199961628,0.09543356048977503,5.4586526133119325e-06,0.0002013608564790927,0.9043596199961628
2006-07-19,1,6.824502109758433e-13,0.9766515389015016,0.022418049607658433,2.5618770715005816e-06,0.0009278496130867414,0.9766515389015016
2006-07-20,1,7.307732259647428e-13,0.9606326820208937,0.03820859747799626,6.396082946235721e-06,0.001152324417433672,0.9606326820208937
2006-07-21,1,5.510624631975015e-13,0.9484829705972213,0.04335793047478331,4.364992933857059e-05,0.00811544899810635,0.9484829705972213
2006-07-24,1,4.1280520253920385e-13,0.938935335652712,0.05255049949225663,9.799046304913163e-05,0.008416174391569983,0.938935335652712
2006-07-25,1,3.56424233999957e-13,0.9536878467764792,0.03418298166913258,0.00011427840201654902,0.012014893152014886,0.9536878467764792
2006-07-26,1,2.3531530689905634e-13,0.9721049372898447,0.01962484688006551,7.84443841727888e-05,0.008191771445681024,0.9721049372898447
2006-07-27,1,4.437777775565331e-14,0.9837408922798448,0.008820295591879026,5.126805942725194e-05,0.007387544068803923,0.9837408922798448
2006-07-28,1,2.747526724526637e-14,0.9943795083555751,0.0013504789950737877,3.2144787328499084e-05,0.0042378678619945254,0.9943795083555751
2006-07-31,1,3.4226872848580034e-14,0.9957316415043409,0.0005187142222184469,6.767830747835346e-05,0.003681965965927287,0.9957316415043409
2006-08-01,1,5.0374408671358236e-11,0.9997290434675313,2.1533292486690062e-05,0.0001351228176560908,0.00011430037195206972,0.9997290434675313
2006-08-02,1,1.0710288668351328e-09,0.9993148739367357,0.00032127684015617776,0.0001276853784736603,0.00023616277360486706,0.9993148739367357
2006-08-03,1,1.7563298045261441e-09,0.9989532196731764,0.0005098044846431625,0.00022348450322305473,0.00031348958262689255,0.9989532196731764
2006-08-04,1,2.234055260406939e-09,0.9987655651868409,0.0006457614326540178,0.000263887526821488,0.0003247836196290466,0.9987655651868409
2006-08-07,1,7.89158365272265e-10,0.9996965010685982,1.3685453975709247e-05,0.00014851405063170465,0.0001412986376360228,0.9996965010685982
2006-08-08,1,2.1993213154731855e-08,0.9995329585016268,6.233353290990766e-06,0.0004140781195883174,4.670803228073394e-05,0.9995329585016268
2006-08-09,1,7.635324061475774e-08,0.999499210361468,0.00011130935669479332,0.0003024555579334805,8.694837066294304e-05,0.999499210361468
2006-08-10,1,5.244757814233769e-08,0.9949759236109113,0.004504704865875663,0.0003422128933885052,0.00017710618224684916,0.9949759236109113
2006-08-11,1,4.161271612826442e-07,0.9813389135330004,0.018219591728637432,0.0002846446298614944,0.0001564339813389373,0.9813389135330004
2006-08-14,1,4.603567599573697e-07,0.9995930421887436,6.479524860423829e-05,0.0002882411305374718,5.34610753542657e-05,0.9995930421887436
2006-08-15,1,1.1532447284593509e-05,0.9997953808014058,1.741461474254666e-07,0.00016881574527159964,2.409685989019058e-05,0.9997953808014058
2006-08-16,1,4.564805033017348e-05,0.9992713799132327,2.3960649906906496e-08,0.000679575010910435,3.3730648764019226e-06,0.9992713799132327
2006-08-17,1,4.476836275177339e-05,0.9992568242180985,1.9947193221503146e-06,0.0006959520043958541,4.6069543135022577e-07,0.9992568242180985
2006-08-18,1,9.734800119088042e-05,0.9990720194479923,6.651555851731653e-06,0.0008239771753752265,3.8195899346587175e-09,0.9990720194479923
2006-08-21,1,4.014654844528715e-05,0.9991725654863393,6.465186755370506e-05,0.0007226347189814993,1.3786797469391554e-09,0.9991725654863393
2006-08-22,1,4.7853278168744045e-05,0.9990255141068355,5.284163989721545e-05,0.0008737903979248312,5.771736248641551e-10,0.9990255141068355
2006-08-23,1,5.5313695409916084e-05,0.9989891959176848,2.8617307368577595e-05,0.000926872535700063,5.438358908359922e-10,0.9989891959176848
2006-08-24,1,0.00017391912635385983,0.9986903682054772,8.468835208421531e-05,0.001051023418776969,8.973074069455702e-10,0.9986903682054772
2006-08-25,1,0.00020789219081137397,0.9985592096717656,0.00014152482488194584,0.0010913727334223799,5.791192689657505e-10,0.9985592096717656
2006-08-28,1,0.00014062855406301962,0.9985412307703848,6.133347159824654e-06,0.0013120069750934995,3.5329933735151933e-10,0.9985412307703848
2006-08-29,1,0.00038334709822868785,0.9967316482549936,3.541935539763418e-08,0.0028849689025469607,3.248748508890528e-10,0.9967316482549936
2006-08-30,1,0.0002450496158166559,0.9975844596130967,1.188494230480751e-08,0.0021704786420874587,2.440574806953673e-10,0.9975844596130967
2006-08-31,1,0.0001383228992431067,0.997717012165312,2.5286569424948618e-09,0.002144662272020779,1.347673634935553e-10,0.997717012165312
2006-09-01,1,0.00015552933182750634,0.9978078739577022,5.942325723235667e-09,0.00203659061972908,1.484162308388615e-10,0.9978078739577022
2006-09-05,1,3.2343968132380726e-05,0.998750092608763,2.4234639167389896e-08,0.0012175384921171062,6.963478175758459e-10,0.998750092608763
2006-09-06,1,5.349889284383768e-05,0.9978373383233122,1.2848382246929724e-07,0.0021090295245242644,4.77549654640559e-09,0.9978373383233122
2006-09-07,1,9.441665785158706e-06,0.9989705704232835,6.050327446519962e-05,0.0009592618749969208,2.2276146892621589e-07,0.9989705704232835
2006-09-08,1,3.294384885223669e-05,0.9984694890458701,1.0285284666394268e-05,0.0014870161328637407,2.6568774738401125e-07,0.9984694890458701
2006-09-11,1,9.940415061737997e-07,0.9990381158714619,5.5222469283567526e-05,0.0008950204181465759,1.0647199601030269e-05,0.9990381158714619
2006-09-12,1,1.0058901541729845e-06,0.9990877361679009,1.3619948578241108e-05,0.0008856066411679806,1.203135219858054e-05,0.9990877361679009
2006-09-13,1,1.7379684203244618e-06,0.9988209683318964,0.00011808843247342975,0.0010499497523369277,9.255514873810391e-06,0.9988209683318964
2006-09-14,1,1.0221953172432441e-06,0.9990448539787709,1.3384458650145845e-05,0.000931484986081882,9.254381180462252e-06,0.9990448539787709
2006-09-15,1,1.962688457181102e-06,0.9991256786878424,1.8007294604149264e-06,0.0008661801747894872,4.377719450331894e-06,0.9991256786878424
2006-09-18,1,1.1569173856462433e-06,0.9986517990023925,1.9679094389741983e-05,0.0013249065370217023,2.458448809843052e-06,0.9986517990023925
2006-09-19,1,1.1868321065564924e-06,0.9976273902330304,1.1728503511321495e-09,0.0023446345740394214,2.678718797386627e-05,0.9976273902330304
2006-09-20,1,2.2661719332451306e-06,0.9963672250098382,3.6012699392799306e-08,0.00350954966742585,0.00012092313810368243,0.9963672250098382
2006-09-21,1,2.323367304788028e-05,0.995310807767961,1.1842185659022977e-05,0.004582218463292637,7.189791003980897e-05,0.995310807767961
2006-09-22,1,2.1662072330683645e-05,0.9886599835787638,6.625844478862594e-06,0.011180190875402183,0.0001315376290245424,0.9886599835787638
2006-09-25,1,1.8614298123589165e-05,0.9928922028742508,5.656610835161171e-06,0.006981294618823636,0.00010223159796751473,0.9928922028742508
2006-09-26,1,2.6467854682852204e-05,0.9917638016920336,7.997725943738438e-06,0.008114759689841508,8.697303749861563e-05,0.9917638016920336
2006-09-27,1,8.979732359481361e-06,0.9980530100236196,2.315580302467631e-05,0.0019035243113068568,1.1330129688638816e-05,0.9980530100236196
2006-09-28,1,6.578894905674125e-06,0.9978639352165428,1.67668309613294e-05,0.002099095514519298,1.3623543070061053e-05,0.9978639352165428
2006-09-29,1,1.0912678436184446e-05,0.9980411656794079,4.58289832676066e-05,0.001859791660947235,4.230099794049676e-05,0.9980411656794079
2006-10-02,1,4.575314177057832e-06,0.9987669166798478,1.6709540787343403e-06,0.0011959692133994102,3.086783849726677e-05,0.9987669166798478
2006-10-03,1,1.5612116169969336e-06,0.9985324046837684,6.27404785967544e-05,0.0012611814846713218,0.0001421121413468437,0.9985324046837684
2006-10-04,1,1.3018782868240297e-07,0.9974502272186516,0.0002201256783595064,0.000893908041869132,0.0014356088732910624,0.9974502272186516
2006-10-05,1,1.7778914312167744e-07,0.9987175801969076,1.8493286217380494e-06,0.0012216246544019007,5.876803092532776e-05,0.9987175801969076
2006-10-06,1,8.612947655375767e-08,0.9984676599540069,1.1754168516789926e-08,0.0014968710716531093,3.537109069465214e-05,0.9984676599540069
2006-10-09,1,1.385072148962579e-06,0.9988951531723235,1.948838589171859e-09,0.0011028525108215438,6.072958677669012e-07,0.9988951531723235
2006-10-10,1,2.3515056971166496e-06,0.9990440609064352,1.7886205155189213e-07,0.0009524464926712557,9.62233145202596e-07,0.9990440609064352
2006-10-11,1,1.92590315696894e-06,0.9989071791363808,5.923359969050229e-08,0.0010899982727356054,8.374541270917153e-07,0.9989071791363808
2006-10-12,1,4.6837163166509245e-06,0.9993147208791117,2.7002423487804095e-06,0.0006776489773923973,2.461848302507639e-07,0.9993147208791117
2006-10-13,1,5.311259778247577e-07,0.9994765445112521,2.1553043577043056e-07,0.0005224288530575645,2.799792769441312e-07,0.9994765445112521
2006-10-16,1,1.0793647696137825e-06,0.9992156201795938,8.825273518820399e-08,0.0007830159799378309,1.9622296352632877e-07,0.9992156201795938
2006-10-17,1,1.3186750530900796e-06,0.9992095902791679,1.3551933706900344e-08,0.0007889142592911102,1.6323455413035174e-07,0.9992095902791679
2006-10-18,1,1.867053094017453e-06,0.9988465656658728,1.044657692659758e-08,0.0011514349136277013,1.2192082846815467e-07,0.9988465656658728
2006-10-19,1,8.85667993128853e-07,0.9997264754732675,1.489497909305848e-06,0.0002709512765361646,1.9808429352848248e-07,0.9997264754732675
2006-10-20,1,1.897477311284847e-06,0.9996543736674416,7.814944999075411e-07,0.00034281051046424193,1.3685028309150055e-07,0.9996543736674416
2006-10-23,1,1.4874148666695923e-07,0.999798005791145,1.5911618802971956e-06,0.0001806729546530263,1.9581350834948608e-05,0.999798005791145
2006-10-24,1,1.224471467204087e-07,0.9998302751947564,5.430982443778778e-06,0.00014629461320550202,1.7876762447435302e-05,0.9998302751947564
2006-10-25,1,3.8319576341047987e-07,0.9997738128949549,2.892386309346958e-05,0.00016702060246408872,2.9859443724321633e-05,0.9997738128949549
2006-10-26,1,2.8252829140772674e-07,0.9998246521761806,7.051823619654915e-06,0.00011218143393358504,5.5832037974701796e-05,0.9998246521761806
2006-10-27,1,4.186441509531578e-07,0.9998313719578678,9.229505079347018e-06,0.00013236162287399433,2.661827002765932e-05,0.9998313719578678
2006-10-30,1,2.983269805884613e-07,0.999718109061181,5.8788501094408145e-06,0.00021133148931551878,6.438227241392293e-05,0.999718109061181
2006-10-31,1,1.4378485295577107e-05,0.9998701129436679,1.2544784304460234e-08,6.819565803650332e-05,4.730036821542296e-05,0.9998701129436679
2006-11-01,1,2.699573922266073e-05,0.9999496507749807,4.423743491674498e-08,1.6663058199200114e-05,6.646190162733454e-06,0.9999496507749807
2006-11-02,1,3.986585430471336e-05,0.9999258502955013,4.493357631105018e-09,1.8297523735657017e-05,1.5981833099994107e-05,0.9999258502955013
2006-11-03,1,1.6160343625519137e-05,0.9999470925654397,6.648638649599958e-10,9.58572966440519e-06,2.7160696406860775e-05,0.9999470925654397
2006-11-06,1,2.3723978116802213e-05,0.9999250058922284,3.3743187986847827e-10,9.35146370697172e-06,4.191832851619533e-05,0.9999250058922284
2006-11-07,1,5.538194882862753e-06,0.9999419785803294,1.0072665120703213e-13,2.9210965579785195e-06,4.9562128128954235e-05,0.9999419785803294
2006-11-08,1,2.200190613732445e-06,0.9998629859069679,5.699520231381832e-14,1.8901945319664934e-05,0.00011591195704172405,0.9998629859069679
2006-11-09,1,1.4692110429489434e-07,0.9998505864645559,3.2167780486842134e-11,6.9017963676281e-05,8.024861849539442e-05,0.9998505864645559
2006-11-10,1,1.725773261933934e-06,0.9996680729641447,3.65806421209447e-10,0.0003169043355748191,1.3296561212281767e-05,0.9996680729641447
2006-11-13,1,4.1546229885567335e-06,0.9997208770897965,5.304520712169498e-10,0.00025881704550467246,1.6150711258241007e-05,0.9997208770897965
2006-11-14,1,4.4734178638143725e-06,0.9993669093347215,1.3678347609004218e-09,0.0006243362358060311,4.279643774326625e-06,0.9993669093347215
2006-11-15,1,2.8053259010357324e-06,0.9994666459206417,1.5461179174148162e-09,0.0005232433436254507,7.303863713701825e-06,0.9994666459206417
2006-11-16,1,7.168400749637219e-06,0.9984876737266449,4.753197825256586e-11,0.0015035771077923099,1.5807172810224253e-06,0.9984876737266449
2006-11-17,1,8.811145119348176e-06,0.9987407798011625,8.420196104680807e-12,0.0012478711221412025,2.5379231572235772e-06,0.9987407798011625
2006-11-20,1,1.5067822712537585e-05,0.9765181852812213,1.9138595438763496e-10,0.02346674431371182,2.3909675623236777e-09,0.9765181852812213
2006-11-21,1,1.0644163918424537e-05,0.9692697498085647,1.1831394554779051e-09,0.03071960294039121,1.90398665663275e-09,0.9692697498085647
2006-11-22,1,1.2263865323563168e-05,0.987313481429703,1.077801772677264e-12,0.012674253727263749,9.766327382585193e-10,0.987313481429703
2006-11-27,1,9.590485926200166e-05,0.964737676391482,4.842831903440134e-14,0.035166301476629094,1.1727257915053417e-07,0.964737676391482
2006-11-28,1,6.60104061857613e-05,0.9878742239817095,3.453941509343241e-13,0.012059557583197336,2.0802856158786708e-07,0.9878742239817095
2006-11-29,1,6.445176636793058e-05,0.9935703511363291,2.897545894450756e-11,0.006364808164461886,3.8890386487486273e-07,0.9935703511363291
2006-11-30,1,3.435171399982244e-05,0.9970230878391387,2.88997453825346e-09,0.0029421436807796973,4.1387610715556126e-07,0.9970230878391387
2006-12-01,1,0.00021579002032261332,0.9977747631186435,4.417378544071649e-09,0.00200877899881885,6.634448364443562e-07,0.9977747631186435
2006-12-04,1,0.0005091487027179211,0.9971818341123163,2.9971427654665794e-08,0.0023087397178778346,2.4749566058839725e-07,0.9971818341123163
2006-12-05,1,0.0008028381419309842,0.997578077560996,2.9436439281952195e-07,0.0016186211980817407,1.6873459844368e-07,0.997578077560996
2006-12-06,1,0.0004948095983159901,0.9986433977956067,1.1257064641863992e-05,0.000850212642233181,3.228992021611236e-07,0.9986433977956067
2006-12-07,1,0.0004753049671154557,0.9983889096578886,4.1094771288326037e-05,0.0010942884045113872,4.021991962969854e-07,0.9983889096578886
2006-12-08,1,0.0007974377979019703,0.9985029241295507,0.000194353730827473,0.0005052300194213599,5.43222981388834e-08,0.9985029241295507
2006-12-11,1,0.008777210409473227,0.9909225661553677,2.5590916960306253e-05,0.00027458302203059735,4.9496168328107645e-08,0.9909225661553677
2006-12-12,1,0.008541840082562924,0.9912042944556915,3.917439706303593e-05,0.00021459760670138525,9.345798144997932e-08,0.9912042944556915
2006-12-13,1,0.004745216538692923,0.9950594377135862,1.045774531193877e-05,0.0001847614842049285,1.265182040748734e-07,0.9950594377135862
2006-12-14,1,0.00255696465033389,0.9972426748037975,1.3717675951167366e-06,0.00019878318580856096,2.0559246518656094e-07,0.9972426748037975
2006-12-15,1,0.0010413918224150811,0.9987661685644249,6.043615369927146e-07,0.00018998468074160507,1.8505708810838093e-06,0.9987661685644249
2006-12-18,1,0.0008931197911788756,0.9989324614078039,1.09823222256389e-06,0.00017079916963444347,2.521399159801085e-06,0.9989324614078039
2006-12-19,1,0.0007287827947035694,0.9991045152883885,1.3809187952870425e-05,0.00015004458100968486,2.8481479455516294e-06,0.9991045152883885
2006-12-20,1,0.002481936299301925,0.9968365343881517,0.00046350944945958047,0.00021684651429062482,1.1733487959884035e-06,0.9968365343881517
2006-12-21,1,0.004573036436778551,0.9950514895047962,9.181530397397961e-05,0.00028175861909429493,1.9001353566506238e-06,0.9950514895047962
2006-12-22,1,0.005249766772012754,0.9937120768598956,0.0006162978620375406,0.0004191991742747416,2.659331778931547e-06,0.9937120768598956
2006-12-26,1,0.0034369668843793554,0.9963637776570551,5.75777571639396e-06,0.00018785644854968673,5.641234299327961e-06,0.9963637776570551
2006-12-27,1,0.0031341816314465402,0.99664847956859,4.573850091025675e-08,0.00020500251335215064,1.2290548110608359e-05,0.99664847956859
2006-12-28,1,0.005518316479929914,0.9938856462418829,1.770859498534941e-06,0.0005813203997051831,1.2946018983033173e-05,0.9938856462418829
2006-12-29,1,0.00577079853409213,0.993875902078364,5.345804227386275e-09,0.00032330374207512844,2.9990299664674953e-05,0.993875902078364
2007-01-03,1,0.011541744930534134,0.9879530445361074,4.154069305474514e-07,0.0005021203080922031,2.674818336206176e-06,0.9879530445361074
2007-01-04,1,0.02165502852399226,0.9777079189520158,7.722270289355551e-07,0.0006345800086453473,1.7002883175560514e-06,0.9777079189520158
2007-01-05,1,0.0008438944384861573,0.9986855300653592,6.917893899451145e-10,0.0001939957001464413,0.0002765791042196626,0.9986855300653592
2007-01-08,1,0.002224393638574623,0.9975016743481765,5.108550191924851e-10,0.0001557825776916345,0.00011814892470189628,0.9975016743481765
2007-01-09,1,0.0020753305364107776,0.9974468406552633,6.370238152438489e-11,9.979089610738103e-05,0.00037803784851630487,0.9974468406552633
2007-01-10,1,0.004472517089909433,0.9947403245913966,1.8051319748228576e-11,0.00010333867018191398,0.0006838196304599751,0.9947403245913966
2007-01-11,1,0.009163227363308851,0.988943064588178,2.2451905015900935e-12,0.00030524843035724104,0.0015884596159101737,0.988943064588178
2007-01-12,1,0.005525720054461335,0.9938170559623195,2.4683265624622974e-09,2.4844704410578215e-05,0.0006323768104818297,0.9938170559623195
2007-01-16,1,0.009103638928244683,0.9889993069330782,1.857090787346628e-10,6.613137868532036e-05,0.0018309225742820393,0.9889993069330782
2007-01-17,1,0.029353768565115203,0.968615485439711,1.8675531597856693e-07,4.160022753633375e-05,0.001988959012321724,0.968615485439711
2007-01-18,1,0.30483962016834376,0.6942797931597453,1.1704763211912735e-05,4.829849441808349e-05,0.000820583414281134,0.6942797931597453
2007-01-19,1,0.12346393926297668,0.8763206384102374,7.747398660321908e-05,2.781088766050079e-06,0.00013516725141675306,0.8763206384102374
2007-01-22,1,0.24148122221276566,0.7581307546214587,1.36063458197466e-05,1.4177417177926896e-05,0.0003602394027787205,0.7581307546214587
2007-01-23,1,0.22613258722432758,0.7734766804773013,0.00027530796591147713,1.9120246602028934e-07,0.00011523312999394151,0.7734766804773013
2007-01-24,1,0.12254702381011902,0.8770967705256979,0.0002869112657759995,1.7598381099763733e-07,6.911841459612654e-05,0.8770967705256979
2007-01-25,1,0.1793316621008593,0.81991170730037,0.0006271592578889919,4.210586849886893e-07,0.00012905028219674958,0.81991170730037
2007-01-26,1,0.08997493866956609,0.909407083916383,0.0005396769765557714,5.198226836522653e-07,7.77806148106905e-05,0.909407083916383
2007-01-29,1,0.11761879481751036,0.8821470456098169,0.00015110446813179537,1.1368640047848742e-06,8.19182405354275e-05,0.8821470456098169
2007-01-30,1,0.16526790173698275,0.8343167014682985,2.9743685327966536e-05,1.942175939312493e-06,0.00038371093345068876,0.8343167014682985
2007-01-31,1,0.13353923132181378,0.8660641218159861,4.755505040174991e-05,4.3705282205644715e-07,0.0003486547589767363,0.8660641218159861
2007-02-01,1,0.03943342488435209,0.960218667529955,3.696418607203365e-05,3.84161173278304e-07,0.0003105592384477034,0.960218667529955
2007-02-02,1,0.002236409368676183,0.996080226789642,1.2466324047816116e-06,1.880824613618797e-06,0.0016802363846633896,0.996080226789642
2007-02-05,1,0.012089642011371577,0.9876948638685226,0.0001960111569811,1.6470311565672338e-06,1.7835931968205935e-05,0.9876948638685226
2007-02-06,1,0.009921596464754441,0.9899507834070957,0.00010970207916516027,1.983454763657158e-06,1.593459422015066e-05,0.9899507834070957
2007-02-07,1,0.01614658636600489,0.9837225149966721,0.00011960892940165309,3.477670721232266e-06,7.812037200860013e-06,0.9837225149966721
2007-02-08,1,0.005541830930668759,0.9942222295684842,0.0002123530431563342,3.382378086524732e-06,2.0204079604287346e-05,0.9942222295684842
2007-02-09,1,0.0007917289482087052,0.9989297444967936,0.00023682296634022385,1.4219060395018594e-05,2.7484528261623308e-05,0.9989297444967936
2007-02-12,1,0.004739393242380181,0.994994005139362,0.00013739922442015639,0.00012483801389114057,4.364379946358874e-06,0.994994005139362
2007-02-13,1,0.0017571298242112826,0.9969278455209879,0.0005228973481617962,0.0007805085598508528,1.1618746788893394e-05,0.9969278455209879
2007-02-14,1,0.0022243453371610447,0.9969691407028699,3.659316706130672e-06,0.0007987050335230574,4.149609738949765e-06,0.9969691407028699
2007-02-15,1,0.0012155653796826833,0.9979383858893247,1.661227934461813e-05,0.0008237941544650598,5.642297183754735e-06,0.9979383858893247
2007-02-16,1,0.001411024018848909,0.9967501831659166,1.0499485513530827e-05,0.0018244169333748606,3.8763963468873694e-06,0.9967501831659166
2007-02-20,1,0.0013774178044652363,0.9965087256629608,1.3688913532167698e-05,0.0020935575812960966,6.610037746349521e-06,0.9965087256629608
2007-02-21,1,3.745026035552598e-05,0.9989063373753089,9.705447114749228e-09,0.0010536775252987418,2.525133589767213e-06,0.9989063373753089
2007-02-22,1,3.7607265350541664e-05,0.9986693403132669,2.327059968586838e-08,0.001288918459653562,4.110691128937499e-06,0.9986693403132669
2007-02-23,1,2.4246684118399965e-05,0.9981100784148992,3.028985424866038e-08,0.001861489341858609,4.155269270211252e-06,0.9981100784148992
2007-02-26,1,2.821285156675416e-05,0.9987492162537065,2.2072833603126758e-08,0.0012215077273674672,1.0410945262405359e-06,0.9987492162537065
2007-02-27,1,4.5777723314038824e-05,0.999515244336195,1.0829114811928068e-08,0.00043326641361142513,5.700697764374495e-06,0.999515244336195
2007-02-28,1,1.6441690670318264e-05,0.9991062305899501,6.631547568880973e-07,0.0008755566157851114,1.107948837425591e-06,0.9991062305899501
2007-03-01,1,1.53300660705889e-05,0.9987824114218872,1.0724316326954601e-07,0.0012005626099342865,1.5886589445640533e-06,0.9987824114218872
2007-03-02,1,2.8620309113741737e-06,0.9980110808769326,1.242506737629859e-05,0.0019022871899425364,7.134483483635438e-05,0.9980110808769326
2007-03-05,1,4.026877330854484e-05,0.9986479972381922,1.887323383783811e-05,0.001288219148622745,4.641606038806447e-06,0.9986479972381922
2007-03-06,1,3.714694281629862e-05,0.999256249589885,6.931660684447404e-05,0.000632176453442007,5.1104070119431555e-06,0.999256249589885
2007-03-07,1,4.185489256442891e-05,0.9990702209080976,0.0003158001463091143,0.0005651112916488075,7.012761379309019e-06,0.9990702209080976
2007-03-08,1,3.7467406608136835e-05,0.9991370325286028,0.00013399501824960875,0.0006828267949564337,8.678251582216101e-06,0.9991370325286028
2007-03-09,1,5.262646050181251e-05,0.99934568354121,0.00010640714046670513,0.0004902022826264507,5.080575194912435e-06,0.99934568354121
2007-03-12,1,0.00011632724678644456,0.9993539668916188,0.00011295249789276983,0.0004130760021066776,3.6773615949844077e-06,0.9993539668916188
2007-03-13,1,7.153074861025491e-05,0.9993119528410084,3.6924083899532254e-05,0.0005768078444642317,2.784482017979718e-06,0.9993119528410084
2007-03-14,1,2.914553414843484e-05,0.9991140277190841,8.788505247638169e-06,0.0008445361009326122,3.502140587289403e-06,0.9991140277190841
2007-03-15,1,6.894098862930094e-05,0.998603636840516,1.0265721758151434e-05,0.001312120322258925,5.036126837107519e-06,0.998603636840516
2007-03-16,1,2.3165775565839292e-05,0.9993797519742259,4.5038742799214395e-05,0.0005470844470628233,4.959060346351291e-06,0.9993797519742259
2007-03-19,1,4.4329962616928295e-05,0.9991615945062773,7.619258430415915e-05,0.0007120974546444778,5.785492157767322e-06,0.9991615945062773
2007-03-20,1,5.3471615436045235e-05,0.999532807051331,3.773129366217747e-05,0.0003724209726657859,3.5690669048106068e-06,0.999532807051331
2007-03-21,1,0.00390083006427875,0.9952747477987637,1.6093485783171437e-05,0.0007693910284429079,3.8937622731293706e-05,0.9952747477987637
2007-03-22,1,0.0008653202848985233,0.9987673837932595,5.88109446551526e-07,0.0003562643432899772,1.0443469105721446e-05,0.9987673837932595
2007-03-23,1,0.0005847461074251229,0.9989381288156131,4.4323914577792307e-07,0.00044689372898417426,2.978810883210572e-05,0.9989381288156131
2007-03-26,1,0.0005325836259181812,0.9990438019426942,1.413200540919122e-06,0.0003968368025481979,2.5364428298356413e-05,0.9990438019426942
2007-03-27,1,0.0005864908800353208,0.9991982462864513,3.0630789839965894e-06,0.00018582409475835753,2.6375659771363256e-05,0.9991982462864513
2007-03-28,1,0.0014497686503234062,0.998532790076458,6.551537022777601e-07,1.3044128767797719e-05,3.7419907489403326e-06,0.998532790076458
2007-03-29,1,0.0008515695773078096,0.9991231183451698,7.062190044819836e-08,1.392717485733733e-05,1.1314280764593028e-05,0.9991231183451698
2007-03-30,1,0.003145081401901344,0.9968127197539544,7.091515414925088e-08,4.1893673035270806e-05,2.3425595452451525e-07,0.9968127197539544
2007-04-02,1,0.0008539250541525274,0.9991010510007151,1.7274894299936689e-10,4.4636098805600235e-05,3.876735781063356e-07,0.9991010510007151
2007-04-03,1,0.0024246581744204083,0.9969912435798822,3.693403000922834e-09,0.0005840153617226072,7.919057184270342e-08,0.9969912435798822
2007-04-04,1,0.0020284217578637295,0.9974321893692855,1.0434915305195333e-10,0.0005392813400995966,1.0742840219663026e-07,0.9974321893692855
2007-04-05,1,0.0019207820590066084,0.9976529087810215,6.018857186904303e-10,0.0004262156822326442,9.28758532154378e-08,0.9976529087810215
2007-04-09,1,0.0038172890591863435,0.9948502488232842,3.68408691154305e-09,0.0013323013635353964,1.5706990674268107e-07,0.9948502488232842
2007-04-10,1,0.003443892264087888,0.9956482989624252,3.8837679419064055e-07,0.0009071091911216315,3.1120557062786636e-07,0.9956482989624252
2007-04-11,1,0.00234692592458151,0.9942838416921366,2.701869317901322e-06,0.0033663369026256398,1.9361133840874491e-07,0.9942838416921366
2007-04-12,1,0.0017350398136162357,0.9926529346991717,1.8625725584856933e-06,0.005609535484751332,6.274299021949223e-07,0.9926529346991717
2007-04-13,1,0.0012378459096520353,0.9965090441993135,2.7340280304164038e-06,0.00224930941862117,1.0664443828045495e-06,0.9965090441993135
2007-04-16,1,0.001726802588109273,0.995248550808095,4.528285635041759e-06,0.0030184678045507792,1.650513609648908e-06,0.995248550808095
2007-04-17,1,0.001960917430233303,0.9968180931104875,5.404989827995054e-07,0.0012186902344115058,1.7587258853275878e-06,0.9968180931104875
2007-04-18,1,0.0021856441550595863,0.9942216881312285,6.963570024706988e-07,0.003591012022457504,9.593342524461462e-07,0.9942216881312285
2007-04-19,1,0.004878069386058529,0.994491591695707,4.262272879185268e-07,0.0006298524780673318,6.021287877020358e-08,0.994491591695707
2007-04-20,1,0.011633883101946458,0.9880135451599151,3.16121491495592e-05,0.00032071924335239066,2.403456366020835e-07,0.9880135451599151
2007-04-23,1,0.005095140041226572,0.99478864248649,4.582286503913176e-07,0.00011545601014312138,3.032334902546224e-07,0.99478864248649
2007-04-24,1,0.007897052640846114,0.9919455624599554,5.3537511197855345e-09,0.00015722173946026042,1.57805986816535e-07,0.9919455624599554
2007-04-25,1,0.005999625724724058,0.9937953666205609,4.75266677411874e-09,0.00020475410679728827,2.48795251180535e-07,0.9937953666205609
2007-04-26,1,0.012080292803654549,0.9878419106924629,1.472580978708129e-06,7.572796195547749e-05,5.95960948744923e-07,0.9878419106924629
2007-04-27,1,0.025470977595508256,0.9743789281098638,8.108384905918685e-05,6.892933594659536e-05,8.110962159641164e-08,0.9743789281098638
2007-04-30,1,0.023907176252302143,0.9758307680743216,8.274526663371472e-05,0.00017926285597311465,4.7550769424469805e-08,0.9758307680743216
2007-05-01,1,0.02613477367869057,0.9729897781138013,0.0004928660395899544,0.00038255593627609276,2.6231642291609013e-08,0.9729897781138013
2007-05-02,1,0.02388105501629321,0.9752635331927462,0.0005749716748751543,0.00028041308467228977,2.7031413124967137e-08,0.9752635331927462
2007-05-03,1,0.023502788239849245,0.9749487728322873,1.0329554292610497e-06,0.0015473631748404908,4.279759289031255e-08,0.9749487728322873
2007-05-04,1,0.020320909141160744,0.9785884885900246,3.9721302101906724e-07,0.0010901317787733401,7.32770197654242e-08,0.9785884885900246
2007-05-07,1,0.00677959730134893,0.9928046181925207,6.76840163373042e-08,0.0004156773833764284,3.94387377875042e-08,0.9928046181925207
2007-05-08,1,0.004000630521896957,0.9955511111072691,6.172006863917248e-09,0.0004481984979728065,5.370085461164945e-08,0.9955511111072691
2007-05-09,1,0.004538274838919388,0.9948534600803024,2.0921599980652615e-08,0.0006081999188600528,4.4240318364897055e-08,0.9948534600803024
2007-05-10,1,0.0017214110063356015,0.9981720459957637,1.3182929355819017e-07,0.00010540607029005737,1.0050983173881366e-06,0.9981720459957637
2007-05-11,1,0.002650169888367115,0.99719629078344,3.2264107633054796e-07,0.0001528852319325014,3.3145518446257145e-07,0.99719629078344
2007-05-14,1,0.002665994236388658,0.9971390734136404,2.538594051476879e-07,0.00019434896797744183,3.295225884208487e-07,0.9971390734136404
2007-05-15,1,0.0034527020635217657,0.9963713647447686,1.4364863445026658e-05,0.0001613289079329666,2.394203311639159e-07,0.9963713647447686
2007-05-16,1,0.0018204195673520059,0.9973889783173193,0.00048088171905467616,0.0003095223743790275,1.9802189506264456e-07,0.9973889783173193
2007-05-17,1,0.000559161667842291,0.9990576388965455,0.00011690896491643191,0.00026557621889237645,7.142518034060362e-07,0.9990576388965455
2007-05-18,1,0.0006278037593648878,0.999123976315784,1.6218422320871775e-05,0.0002303365068603206,1.6649956696606794e-06,0.999123976315784
2007-05-21,1,0.0011118415714025864,0.9984577247864581,0.00011896438292311323,0.0003106336492042416,8.356100120999703e-07,0.9984577247864581
2007-05-22,1,0.0012536397289638678,0.9980623989099392,0.00031654285903238993,0.0003664956859313842,9.228161331616347e-07,0.9980623989099392
2007-05-23,1,0.001378102259420245,0.997770497528251,0.00045072363846878407,0.0004000036631595769,6.729107012640183e-07,0.997770497528251
2007-05-24,1,0.002178602288330829,0.9975006628905796,0.00013254196580069792,0.00018709242766774606,1.1004276209144948e-06,0.9975006628905796
2007-05-25,1,0.0020061947956490894,0.9977643681396496,3.1822378492232274e-05,0.0001961485078824688,1.4661783262477275e-06,0.9977643681396496
2007-05-29,1,0.0022969672122347263,0.997611130294793,5.624420596585937e-07,8.353683468974105e-05,7.80321622258735e-06,0.997611130294793
2007-05-30,1,0.0013889968073455593,0.9985462753887369,1.0748303920626738e-07,5.096220597805109e-05,1.365811489982472e-05,0.9985462753887369
2007-05-31,1,0.0008676754564051358,0.9990725867524684,7.127735454418033e-07,5.1552563289649615e-05,7.472454291084518e-06,0.9990725867524684
2007-06-01,1,0.0009455141900874286,0.9989929713842052,1.116194171090308e-05,4.8757816229453175e-05,1.594667766336097e-06,0.9989929713842052
2007-06-04,1,0.0012736134385268989,0.9961329669355765,0.002536753597552979,5.605755627147209e-05,6.084720716123421e-07,0.9961329669355765
2007-06-05,1,0.0011703406044492307,0.9968982754248779,0.0018716633652085225,5.9073409756590375e-05,6.471957082627772e-07,0.9968982754248779
2007-06-06,1,0.0015384874638931663,0.9921089034909125,0.0062801409138429475,7.205881447523635e-05,4.0931687628187664e-07,0.9921089034909125
2007-06-07,1,0.0005624205369857463,0.999213192871742,0.00019328826425838775,2.4599769772885628e-05,6.4985572404310684e-06,0.999213192871742
2007-06-08,1,0.000452421465035407,0.7041436175109055,0.2951299982432426,0.00027395139677435326,1.1384042032500186e-08,0.7041436175109055
2007-06-11,1,0.00029420511256916825,0.7170356398000235,0.28234980587713643,0.00032033798485038936,1.1225420324062055e-08,0.7170356398000235
2007-06-12,1,0.0003386390072970579,0.5660327426755433,0.43338840281288266,0.00024019350213178308,2.200214482783591e-08,0.5660327426755433
2007-06-13,1,0.00045263967477067533,0.7924111100733751,0.2067909926906918,0.00034523151256999143,2.6048592060042813e-08,0.7924111100733751
2007-06-14,1,0.00126891066934205,0.9709927167593099,0.02743077513028244,0.00030754883572752434,4.86053372027496e-08,0.9709927167593099
2007-06-15,1,0.002985534552554668,0.896222532215493,0.10059170197188012,0.00020022613482524812,5.125247647441733e-09,0.896222532215493
2007-06-18,1,0.0027442675962145655,0.8881558780627903,0.10883890044607679,0.00026094999856452546,3.8963529900010836e-09,0.8881558780627903
2007-06-19,1,0.003379373528437055,0.7516094115852487,0.24489945210131311,0.00011175798176813071,4.803233519184955e-09,0.7516094115852487
2007-06-20,1,0.004007288829440873,0.7799396498418738,0.21597094737198153,8.210571487177206e-05,8.241831392106223e-09,0.7799396498418738
2007-06-21,1,0.0030748586891559014,0.7997016885945645,0.19707950655387643,0.00014393244336390623,1.3719039585067672e-08,0.7997016885945645
2007-06-22,1,0.002157503082689451,0.8209612590929873,0.1766248033033577,0.0002564190774892533,1.5443476974331465e-08,0.8209612590929873
2007-06-25,1,0.002739353581761167,0.8791659021117454,0.11780221889440662,0.00029251172770302313,1.3684384205768162e-08,0.8791659021117454
2007-06-26,1,0.00483832144793319,0.9215744166193693,0.07319226313010825,0.0003949958600335992,2.9425559011760086e-09,0.9215744166193693
2007-06-27,1,0.004482820321017711,0.9431169271427354,0.05207627526302883,0.0003239742321985965,3.0410201590036703e-09,0.9431169271427354
2007-06-28,1,0.005304040204435982,0.9728461566016247,0.021455575159396403,0.00039422515018222245,2.8843603519444537e-09,0.9728461566016247
2007-06-29,1,0.010528467624920358,0.9285107440999488,0.060290488720992505,0.0006702973729520667,2.1811864730314554e-09,0.9285107440999488
2007-07-02,1,0.0074306938670191496,0.7760192147163186,0.21631677089558965,0.0002333182366775854,2.284394603061874e-09,0.7760192147163186
2007-07-03,1,0.0053979607560288604,0.6721787103884846,0.3221720259344214,0.0002513005232153022,2.3978502546797776e-09,0.6721787103884846
2007-07-05,1,0.003911474146428582,0.5990747708208147,0.39677348386504474,0.00024026768036262904,3.487350031372477e-09,0.5990747708208147
2007-07-06,1,0.010496940238159563,0.7608397801102998,0.22827226489179128,0.0003910140824160484,6.773329960032995e-10,0.7608397801102998
2007-07-09,1,0.005380293548011128,0.9932723830647633,0.0013235027540933698,2.3719788938271836e-05,1.0084419469329304e-07,0.9932723830647633
2007-07-10,1,0.013047786057590268,0.9817087608268196,0.005182203549495125,6.109601134107937e-05,1.535547538172326e-07,0.9817087608268196
2007-07-11,1,0.007914389907825108,0.9913456585345913,0.0005925832222239245,0.00014722654327830608,1.4179208191763384e-07,0.9913456585345913
2007-07-12,1,0.008491927880160226,0.9909004895078052,0.0005540138957822235,5.3169774753051216e-05,3.989414994458768e-07,0.9909004895078052
2007-07-13,1,0.012816866057789282,0.9848292581378997,0.002240994953744515,0.00011139127583740351,1.48957472842922e-06,0.9848292581378997
2007-07-16,1,0.013927445351967866,0.9844219539351577,0.0015434787259252522,0.00010582976626835804,1.2922206809220355e-06,0.9844219539351577
2007-07-17,1,0.02067236024938645,0.9771687247911519,0.00199463192884642,0.00016275595326633872,1.5270773490876142e-06,0.9771687247911519
2007-07-18,1,0.016776943870037676,0.9804946034548064,0.0025163341407628903,0.00021178547658125767,3.330578120241756e-07,0.9804946034548064
2007-07-19,1,0.009640115119663565,0.9893708558416618,0.000720227181659009,0.0002683048252308137,4.970317851600299e-07,0.9893708558416618
2007-07-20,1,0.007919632316268485,0.9917445406093385,4.569298040125258e-05,0.00028984884600396967,2.852479871483658e-07,0.9917445406093385
2007-07-23,1,0.012530380384068578,0.986980038943914,0.0001573472357808943,0.0003320186540182727,2.1478221780638213e-07,0.986980038943914
2007-07-24,1,0.005133151167166075,0.9946246918996919,1.8893140528027617e-05,0.0002231239313940776,1.3986122002790274e-07,0.9946246918996919
2007-07-25,1,0.000835842283223131,0.9989207814652448,6.000745703647582e-11,0.00022043003841883162,2.294615310652426e-05,0.9989207814652448
2007-07-26,1,0.0002131994940706206,0.9997432730006826,5.888437610411907e-10,1.6663903796597857e-05,2.6863012607296856e-05,0.9997432730006826
2007-07-27,1,8.75252702418864e-05,0.9997730873082754,1.7980715043481414e-12,6.552955838919669e-06,0.0001328344638451518,0.9997730873082754
2007-07-30,1,4.8114792883124445e-05,0.9996665521985298,5.337414848888284e-14,3.2827968650786344e-06,0.00028205021166924436,0.9996665521985298
2007-07-31,1,5.569240947874473e-05,0.9998335115487335,2.7643117694909136e-14,5.539010291856613e-06,0.00010525703146883193,0.9998335115487335
2007-08-01,1,0.00011720601987497585,0.9998521044477361,6.176611080812329e-13,9.387148481357423e-06,2.1302383289817884e-05,0.9998521044477361
2007-08-02,1,0.00012794843976732362,0.9998497031170794,6.264140900615838e-13,9.310536839268315e-06,1.303790568692372e-05,0.9998497031170794
2007-08-03,1,0.00018272858763670688,0.9997754649501204,4.671582099586409e-15,3.0306817269889314e-05,1.1499644968869388e-05,0.9997754649501204
2007-08-06,1,0.000732069637511155,0.999149040957,1.60858294141582e-13,0.00011749746502340565,1.391940304560628e-06,0.999149040957
2007-08-07,1,0.0005877130040361564,0.9992927101913957,6.101612036458533e-15,0.00011699502114917233,2.581783413540152e-06,0.9992927101913957
2007-08-08,1,0.0005813798394991724,0.9992972440700132,3.970471638967057e-15,0.00011531322710982168,6.06286337430152e-06,0.9992972440700132
2007-08-09,1,0.0004289306983447728,0.9994959263747614,3.6278536065452114e-14,4.759818197363055e-05,2.7544744883878458e-05,0.9994959263747614
2007-08-10,1,0.00031719153190974046,0.9995718462188139,3.870202718206723e-14,7.940391061914855e-05,3.155833861773883e-05,0.9995718462188139
2007-08-13,1,0.0002930928395141749,0.9996008431849617,4.1670231875409994e-14,7.792953751869702e-05,2.8134437963914882e-05,0.9996008431849617
2007-08-14,1,0.00021408587936882765,0.9996991380267095,1.8091101084605937e-14,5.95052480598216e-05,2.7270845844483662e-05,0.9996991380267095
2007-08-15,1,0.00018490644428141508,0.9997228757993885,2.4222170376969594e-16,4.169368089746604e-05,5.0524075432770605e-05,0.9997228757993885
2007-08-16,1,9.849905748215528e-06,0.999763618162786,1.257784660763896e-14,0.00020855463951553648,1.797729193848829e-05,0.999763618162786
2007-08-17,1,1.1828650334415876e-05,0.9998167404587787,8.916542914271226e-13,0.00015755993586027197,1.3870954135009499e-05,0.9998167404587787
2007-08-20,1,1.3671889427822667e-05,0.9998083152795302,5.299275934101544e-13,0.00016233323858471787,1.567959192799356e-05,0.9998083152795302
2007-08-21,1,2.2361290225934148e-05,0.9997986648375319,9.65008660165373e-13,0.0001626349530295121,1.6338918247239047e-05,0.9997986648375319
2007-08-22,1,0.00012738107398749525,0.9996315538785326,1.1458519754463093e-10,0.00023978323852259355,1.281694372128464e-06,0.9996315538785326
2007-08-23,1,0.0004899449543524122,0.9992034613718522,3.4406119359074124e-09,0.0003062135820706842,3.766511129427948e-07,0.9992034613718522
2007-08-24,1,0.0028397557534490594,0.9968838766143892,5.141230352728766e-05,0.0002247858250624049,1.6950357247947644e-07,0.9968838766143892
2007-08-27,1,0.0025678404840253936,0.9971555670568153,3.2983641785632734e-05,0.00024347836600075926,1.304513730728408e-07,0.9971555670568153
2007-08-28,1,0.004579155573468633,0.9950058675156742,2.874024658633865e-05,0.0003858704291135681,3.6623515693711123e-07,0.9950058675156742
2007-08-29,1,0.002144556127386458,0.9977015455979803,2.3186250508506626e-05,0.00013050181581841376,2.1020830641081323e-07,0.9977015455979803
2007-08-30,1,0.002812765219986899,0.9969839078807178,2.2166000492690054e-05,0.00018089553611252092,2.65362690019762e-07,0.9969839078807178
2007-08-31,1,0.004704458780590864,0.9951644820219714,0.00010278351473531373,2.812774795114833e-05,1.4793475100135475e-07,0.9951644820219714
2007-09-04,1,0.003049194072346748,0.9963799409042093,0.0005311781820432545,3.962835931027333e-05,5.848208992876166e-08,0.9963799409042093
2007-09-05,1,0.005491097455174123,0.9938958661039258,0.0005681335228360268,4.481245980104345e-05,9.045826340694008e-08,0.9938958661039258
2007-09-06,1,0.0014509488834959082,0.9965742977035372,0.001955897040845643,1.8680169380115735e-05,1.7620274173610596e-07,0.9965742977035372
2007-09-07,1,0.002305935703481354,0.9974641099774025,1.2261823369825969e-05,0.00021762880393365704,6.3691812558818e-08,0.9974641099774025
2007-09-10,1,0.008047155376445611,0.991650067592949,1.74527750261092e-05,0.0002852633004213908,6.095515840092515e-08,0.991650067592949
2007-09-11,1,0.0026241925745610255,0.9972969831034135,1.6183375411694143e-05,6.25715108019495e-05,6.94358126254552e-08,0.9972969831034135
2007-09-12,1,0.0028613555737407067,0.9970916101420487,5.793631297060403e-06,4.1172423283189943e-05,6.82296294841311e-08,0.9970916101420487
2007-09-13,1,0.0044169398129838035,0.9955209139005079,3.012176466357117e-05,3.19698581879312e-05,5.4663656590218654e-08,0.9955209139005079
2007-09-14,1,0.016271498785535802,0.9820362535834245,0.0016888687067103149,3.0971458521484318e-06,2.817784764340006e-07,0.9820362535834245
2007-09-17,1,0.011029730964342895,0.988926166764551,3.665985284733268e-05,7.335511259576951e-06,1.0690699988847087e-07,0.988926166764551
2007-09-18,1,0.010398743791716496,0.9895096852910047,4.7300949212088535e-07,9.096535697868298e-05,1.3255080828706166e-07,0.9895096852910047
2007-09-19,1,0.00641900024205123,0.9934786324184756,2.840100196196718e-08,0.00010201422163895666,3.2471683304249205e-07,0.9934786324184756
2007-09-20,1,0.004158891918175256,0.9957512023601109,2.185592310615994e-05,6.700781556631432e-05,1.0419830420267519e-06,0.9957512023601109
2007-09-21,1,0.003595075002471702,0.996299987920515,5.7920780077174407e-05,4.685239745440863e-05,1.6389948193209128e-07,0.996299987920515
2007-09-24,1,0.006088490369112848,0.9937543426915602,2.370511309432134e-06,0.0001547425872657494,5.38407521173227e-08,0.9937543426915602
2007-09-25,1,0.004861752870709236,0.9948617956558434,8.39133157655146e-08,0.00027636225155363783,5.308578012546698e-09,0.9948617956558434
2007-09-26,1,0.0034842249126387213,0.995225700913194,6.513468849362512e-07,0.001289416765262524,6.0620205832519425e-09,0.995225700913194
2007-09-27,1,0.0032450873340670833,0.9957066647212406,6.883606192676102e-07,0.0010475532529716542,6.331101823453064e-09,0.9957066647212406
2007-09-28,1,0.0005657996160338863,0.9986596968763659,1.0346656494426794e-06,0.0007734632066964287,5.635253476041117e-09,0.9986596968763659
2007-10-01,1,0.0011809570241394945,0.9970146157010026,3.2458625468351707e-06,0.0018011780496021614,3.3627092840419593e-09,0.9970146157010026
2007-10-02,1,0.0017249688345414341,0.9947711463316609,0.0031104245324389502,0.0003932740244170253,1.8627694185334844e-07,0.9947711463316609
2007-10-03,1,0.0018782719341767155,0.9918625693056052,0.005795381788821301,0.0004636560095633683,1.20961833002313e-07,0.9918625693056052
2007-10-04,1,0.003485903307556527,0.9836590553874425,0.0123284581149731,0.0005265416334836459,4.1556544211564855e-08,0.9836590553874425
2007-10-05,1,0.0029736283711050016,0.9906061693330641,0.006091911102701034,0.0003282291853413152,6.20077882869714e-08,0.9906061693330641
2007-10-08,1,0.0054308584215173004,0.9549177562275248,0.03949291708335922,0.0001584198431962905,4.842440259996633e-08,0.9549177562275248
2007-10-09,1,0.005588888458810886,0.9471146220177696,0.04709143196600923,0.00020502813197037422,2.9425439823003967e-08,0.9471146220177696
2007-10-10,1,0.006719771293945154,0.9074934474793069,0.08555343300236455,0.00023333227755266588,1.594683083514387e-08,0.9074934474793069
2007-10-11,1,0.001704408756398793,0.7363909611000804,0.2616652131101214,0.00023941417152247677,2.861876834130418e-09,0.7363909611000804
2007-10-12,1,0.0011386896520644491,0.757407839945522,0.24115612739764525,0.0002973400194987381,2.985269828354705e-09,0.757407839945522
2007-10-15,1,0.0006353277644309926,0.6197359607870769,0.37942164060688793,0.00020706911367642344,1.7279276247244768e-09,0.6197359607870769
2007-10-16,1,0.0007098686699940268,0.6776779665623763,0.32137161167677736,0.00024055160577415258,1.485077854857426e-09,0.6776779665623763
2007-10-17,1,0.001297334279671279,0.6820487436045763,0.31632924843665355,0.0003246727515602578,9.275381552416863e-10,0.6820487436045763
2007-10-18,1,0.001745787661720171,0.665081443088714,0.33287756450907596,0.0002952037103033613,1.0301863426023379e-09,0.665081443088714
2007-10-19,1,0.004649311009058445,0.6992394713340705,0.2958145839444544,0.00029662961050259213,4.10191423320648e-09,0.6992394713340705
2007-10-22,2,0.0021392511268375227,0.4608489516090346,0.536795898543594,0.0002158971911310744,1.5294024490565979e-09,0.536795898543594
2007-10-23,1,0.0035308489979317416,0.858054424271628,0.1379969206077453,0.00041780205715535667,4.065539436875097e-09,0.858054424271628
2007-10-24,1,0.0047895538964993645,0.8049142028479834,0.18992012516302453,0.00037611273929385325,5.353199088393017e-09,0.8049142028479834
2007-10-25,1,0.002968267044158128,0.7544433979189662,0.24230299263599872,0.0002853383430165824,4.057859942762856e-09,0.7544433979189662
2007-10-26,2,0.0010888541263449046,0.2891802449188488,0.709716054280849,1.483731100333539e-05,9.36295390741447e-09,0.709716054280849
2007-10-29,2,0.0009197745370227364,0.21659116012086232,0.7824699257473686,1.9133753056584302e-05,5.841690259076504e-09,0.7824699257473686
2007-10-30,2,0.004537518906520381,0.3806010875075668,0.6148301390390175,3.125406673200395e-05,4.801627173144673e-10,0.6148301390390175
2007-10-31,2,0.001188912660572068,0.3402220399719123,0.6585797064501322,9.339388681272536e-06,1.5287024823672217e-09,0.6585797064501322
2007-11-01,2,0.003362101267453729,0.23981485422708282,0.7568189932260883,4.0505155601983405e-06,7.638155389523472e-10,0.7568189932260883
2007-11-02,2,0.0016322923246335317,0.17012303459404,0.8282425537097691,2.1163240412857337e-06,3.0475158135020606e-09,0.8282425537097691
2007-11-05,2,0.001773146997925939,0.3789437738842899,0.6192783058759672,4.760767011166007e-06,1.2474805889882402e-08,0.6192783058759672
2007-11-06,2,0.0007846158883859747,0.2682164239956415,0.7309984419111452,4.961846885859381e-07,2.2020138594315796e-08,0.7309984419111452
2007-11-07,2,0.0007679782720330977,0.44823382692220787,0.5509936770313633,4.4861457005252895e-06,3.162869453986435e-08,0.5509936770313633
2007-11-08,1,0.002730740906174512,0.5306807215500099,0.4665858374869868,2.6702801115045466e-06,2.9776716503192814e-08,0.5306807215500099
2007-11-09,1,0.004311954446891658,0.5721839200697686,0.423503106743329,9.506586073096084e-07,6.80814027654764e-08,0.5721839200697686
2007-11-12,1,0.0030638383586044215,0.5381271368440794,0.4588074196413974,1.268979795866149e-06,3.361761226530248e-07,0.5381271368440794
2007-11-13,1,0.0016237475776545557,0.5317440504809817,0.4666251911109162,6.948498091714819e-06,6.233235628158913e-08,0.5317440504809817
2007-11-14,1,0.00034609419539931795,0.5395146359250179,0.4601308201177829,8.286663163718855e-06,1.6309863540459783e-07,0.5395146359250179
2007-11-15,2,6.060698833765144e-05,0.47461934383527465,0.5252839542317795,3.280400962217195e-05,3.2909349866303642e-06,0.5252839542317795
2007-11-16,2,3.6173600758166664e-05,0.311704217270682,0.6882264501896601,2.9684002729359533e-05,3.4749361699665224e-06,0.6882264501896601
2007-11-19,2,6.503626072772155e-05,0.27581752485616623,0.7240758666490785,3.655447781151269e-05,5.017756216886679e-06,0.7240758666490785
2007-11-20,2,4.000578764104584e-06,0.025063237803078377,0.9749293595839094,1.3912356234670847e-06,2.0107986251867287e-06,0.9749293595839094
2007-11-21,2,4.76363251015656e-06,0.03686661570648211,0.9631246642359542,1.3171475426572886e-06,2.6392775111450003e-06,0.9631246642359542
2007-11-23,2,2.350160209989035e-07,0.04509059516184843,0.9548620878622046,1.017178892335438e-06,4.606478103379134e-05,0.9548620878622046
2007-11-26,2,2.0089242013161906e-06,0.015249561096114986,0.9847303758454782,3.4188892005401667e-06,1.4635245005251506e-05,0.9847303758454782
2007-11-27,2,9.72672998425362e-07,0.028300305840838036,0.971686595658306,3.390747277242003e-06,8.735080580527738e-06,0.971686595658306
2007-11-28,2,1.929530288204679e-07,0.0281689701043861,0.9718225126674278,2.9650606626940465e-06,5.359214495018684e-06,0.9718225126674278
2007-11-29,2,5.556057660546826e-07,0.02335445948096735,0.976621533216624,1.7896368567283633e-05,5.555328075452786e-06,0.976621533216624
2007-11-30,2,1.336032535915899e-07,0.0170796925184102,0.9829070107173861,8.976267642449119e-06,4.1868933082770284e-06,0.9829070107173861
2007-12-03,2,6.187716500717818e-07,0.012825899112876113,0.9871492914374045,1.9952204758532773e-05,4.238473310284873e-06,0.9871492914374045
2007-12-04,2,2.5081657947785363e-07,0.015297942533585383,0.984668000961053,2.5079932365793507e-05,8.725756416576253e-06,0.984668000961053
2007-12-05,2,9.06563041771246e-07,0.04107431974299686,0.9587086929023187,0.00019539343538139283,2.06873562613199e-05,0.9587086929023187
2007-12-06,2,9.41706387395078e-07,0.03897282791229547,0.9609432490850057,7.24016139919476e-05,1.057968231967371e-05,0.9609432490850057
2007-12-07,2,7.51833438444763e-07,0.09179838411740025,0.9081020300276403,8.695222224668788e-05,1.1881799273512515e-05,0.9081020300276403
2007-12-10,2,3.254106507029765e-07,0.18817796150101176,0.8116804956103041,0.00010963058103412792,3.158689699871465e-05,0.8116804956103041
2007-12-11,1,2.6459889506705016e-05,0.7412159656353914,0.25705277470785076,0.0016942620598555458,1.0537707395018621e-05,0.7412159656353914
2007-12-12,1,1.078273791015904e-05,0.554120311283964,0.4449772301541498,0.000873224435482502,1.845138849317079e-05,0.554120311283964
2007-12-13,1,1.7674871348040766e-05,0.5412394030276535,0.4584302055713365,0.0002997691134645331,1.294741619728305e-05,0.5412394030276535
2007-12-14,1,0.00017627484048163836,0.9165401037317905,0.08292767858606807,0.00035572426637429607,2.185752851677052e-07,0.9165401037317905
2007-12-17,1,0.0002836087775978193,0.9403673721728837,0.058933235530221874,0.00041559614799982156,1.8737129695659788e-07,0.9403673721728837
2007-12-18,1,0.0005235023580858768,0.9033548042888769,0.09573548737775726,0.0003859527308165522,2.532444632759746e-07,0.9033548042888769
2007-12-19,1,0.0016808364114921763,0.9840693218214198,0.012117718377763953,0.002131902606998872,2.2078232476085416e-07,0.9840693218214198
2007-12-20,1,0.003968772938784948,0.9701796942450772,0.023033714026598984,0.0028175040157695052,3.1477376954161867e-07,0.9701796942450772
2007-12-21,1,0.0154019677544281,0.9605256127518937,0.022810772046500328,0.0012616405952787816,6.851898843909994e-09,0.9605256127518937
2007-12-24,1,0.010704782195325495,0.9545999183996402,0.03384853808663358,0.0008467552984187499,6.019982321692377e-09,0.9545999183996402
2007-12-26,1,0.0044397471739243384,0.7874535779327095,0.2078802897672737,0.00022637817534469973,6.9507477370118726e-09,0.7874535779327095
2007-12-27,2,0.005666825523256175,0.36957249158583916,0.624696457958827,6.420713838180568e-05,1.77936960823801e-08,0.624696457958827
2007-12-28,2,0.006803361503554944,0.40275468825160465,0.590337172462017,0.00010473858927778808,3.9193545080745736e-08,0.590337172462017
2007-12-31,1,0.025979379377094197,0.6854189525467853,0.2885040254763604,9.726146686175632e-05,3.811328987547849e-07,0.6854189525467853
2008-01-02,2,0.0024252470497792035,0.08710939309971559,0.9104495034872301,1.569545506384639e-05,1.6090821115015673e-07,0.9104495034872301
2008-01-03,2,0.002422616418518283,0.03994374104583914,0.9576275527017094,6.0406766994681575e-06,4.9157233282831196e-08,0.9576275527017094
2008-01-04,2,0.005648424888822738,0.04221037094508836,0.9521357919244668,5.3066644270486826e-06,1.055771951024612e-07,0.9521357919244668
2008-01-07,2,0.007613649793073361,0.027057138796181792,0.9653264837379394,2.6913719816559284e-06,3.630082405251488e-08,0.9653264837379394
2008-01-08,2,0.000915373742398867,0.022810506611792614,0.9762721306400514,1.8902409766160332e-06,9.876478079507253e-08,0.9762721306400514
2008-01-09,2,0.0017874442064689724,0.010106462878445854,0.988103958383107,2.113758069907188e-06,2.077390845860441e-08,0.988103958383107
2008-01-10,2,0.0029573871188911206,0.06427763986481065,0.9327592761179775,5.554515835196636e-06,1.4238248524797355e-07,0.9327592761179775
2008-01-11,2,0.0030775591972314388,0.003996830418526095,0.9929226568313659,2.895296007280121e-06,5.825686879646848e-08,0.9929226568313659
2008-01-14,2,0.0014443624485838303,0.0029616774876125964,0.9955930231380052,9.050322676645669e-07,3.189353120960626e-08,0.9955930231380052
2008-01-15,2,0.0021853457565675994,0.002323676127173618,0.9954892502273439,1.6946591846365516e-06,3.3229730219682634e-08,0.9954892502273439
2008-01-16,2,0.0026442178660376044,0.004319629917124499,0.9930335815786637,2.2323336003356378e-06,3.3830457371865724e-07,0.9930335815786637
2008-01-17,2,0.005171307014338051,0.0020444201162547514,0.9927811845712858,2.8581873388584645e-06,2.3011078336217903e-07,0.9927811845712858
2008-01-18,2,0.004212980731313477,0.0015372389324779473,0.9942480213386485,1.5703659596471958e-06,1.8863160059674728e-07,0.9942480213386485
2008-01-22,2,0.003421727400839297,0.0003115554365877262,0.9962648165751425,1.5543614931525655e-06,3.46225937200121e-07,0.9962648165751425
2008-01-23,2,0.01905508737509451,0.00042662655549588106,0.9804511802643201,6.681092875037376e-05,2.9487633940395924e-07,0.9804511802643201
2008-01-24,2,0.001377862995296089,0.001808849369083521,0.996810931028172,1.7106996002798614e-06,6.459078484297542e-07,0.996810931028172
2008-01-25,2,0.004616216383383002,0.0016529928886556738,0.993718835058617,1.137731823509741e-05,5.783511090027087e-07,0.993718835058617
2008-01-28,2,0.0025404007755532175,0.0015891305196500441,0.995860084204962,7.410631553099718e-06,2.973868281651185e-06,0.995860084204962
2008-01-29,2,0.003191120372492556,0.003592030033645751,0.9932090820173759,6.892979231324306e-06,8.745972542730485e-07,0.9932090820173759
2008-01-30,2,0.0016665041663173152,0.009233002295242036,0.9890931784819466,6.7384310980157485e-06,5.76625395528587e-07,0.9890931784819466
2008-01-31,2,0.05244314608171406,0.008959530470482441,0.9382322585410932,0.00036282839943002897,2.2365072802162935e-06,0.9382322585410932
2008-02-01,2,0.06999107424581974,0.007761139220011293,0.9210428292744423,0.0012040668020210992,8.904577049086358e-07,0.9210428292744423
2008-02-04,2,0.047957039379902706,0.017539887234991787,0.9336957104224463,0.0008065563454011779,8.066172577488845e-07,0.9336957104224463
2008-02-05,2,0.013107873604372617,0.002620595740119579,0.9840248584278259,0.00024549153928563164,1.1806883957436883e-06,0.9840248584278259
2008-02-06,2,0.08106894505364307,0.017539411738481468,0.8997920417196368,0.0015799643253000177,1.9637162939535405e-05,0.8997920417196368
2008-02-07,2,0.07732329987159517,0.1194874540360464,0.8001356606333271,0.003028958599370826,2.4626859660011682e-05,0.8001356606333271
2008-02-08,2,0.017275577051909963,0.011541360272886565,0.9710892311418613,9.333466259527595e-05,4.968707468260363e-07,0.9710892311418613
2008-02-11,2,0.011920530782978682,0.005747243947278037,0.9822796888994552,5.2264268848144396e-05,2.721014398349007e-07,0.9822796888994552
2008-02-12,2,0.019135929680943384,0.03407223915512531,0.9457365697259125,0.0010535533070459065,1.70813097312899e-06,0.9457365697259125
2008-02-13,2,0.009870134511339643,0.01626057082720485,0.9732907805341622,0.0005776755579705231,8.385693226349324e-07,0.9732907805341622
2008-02-14,1,0.09200458062923544,0.4917036820614111,0.4104320658876815,0.005857102162593035,2.5692590781075475e-06,0.4917036820614111
2008-02-15,2,0.09909464916593302,0.39602312828067193,0.49429666612916257,0.010582275753892336,3.2806703407645728e-06,0.49429666612916257
2008-02-19,1,0.006632638711622631,0.7256504710430381,0.2587600453511352,0.008948661167990224,8.183726213503657e-06,0.7256504710430381
2008-02-20,1,0.009293814814121403,0.7599544433776045,0.22544473434399823,0.005296488095658313,1.051936861756641e-05,0.7599544433776045
2008-02-21,1,0.007218764355703997,0.5192364482575569,0.4665972529572924,0.006901202885823915,4.6331543621857986e-05,0.5192364482575569
2008-02-22,1,0.047891419360736244,0.8639726981500835,0.006250928959938413,0.08186923627603972,1.5717253201472124e-05,0.8639726981500835
2008-02-25,1,0.01805698509964561,0.9387282729253429,0.006850499744311046,0.03635726895209436,6.9732786069200365e-06,0.9387282729253429
2008-02-26,1,0.06740652119308452,0.8290674268566782,0.005461212142846203,0.09805860062616902,6.2391812218000394e-06,0.8290674268566782
2008-02-27,1,0.021747737032339537,0.9188649376467264,0.007973802601407436,0.05140955820573333,3.964513792658649e-06,0.9188649376467264
2008-02-28,1,0.05733302384340507,0.6873163719360121,0.15814686693618885,0.09719496484802154,8.772436372513326e-06,0.6873163719360121
2008-02-29,2,0.14802872712659645,0.2817665947067995,0.3081817201423657,0.26200184760084605,2.1110423391459455e-05,0.3081817201423657
2008-03-03,1,0.22476411398785226,0.42938247070133934,0.12313114352263398,0.22257508822585337,0.00014718356232115443,0.42938247070133934
2008-03-04,1,0.08590871435042714,0.4920854362130246,0.027883530072528518,0.39408630444955034,3.601491446888463e-05,0.4920854362130246
2008-03-05,3,0.00048187936111723507,0.10421260986644978,1.8567740184528653e-08,0.8953016792053637,3.8129993290546833e-06,0.8953016792053637
2008-03-06,3,0.0028069420594926562,0.032190570428688996,4.401287196531889e-09,0.9649360765152322,6.640659529880634e-05,0.9649360765152322
2008-03-07,3,0.013363161010995335,0.027373946084253052,1.1612021786560366e-06,0.9591940199254598,6.771177711384554e-05,0.9591940199254598
2008-03-10,3,0.04027132034465142,0.011305848041231092,2.8180062949930785e-06,0.9483364360693147,8.357753850761341e-05,0.9483364360693147
2008-03-11,3,0.034761455575226,0.10411137834697867,1.1409064029739203e-06,0.8610520846000387,7.394057135360798e-05,0.8610520846000387
2008-03-12,3,0.21784154324476557,0.11322759997242701,2.0080062034813437e-05,0.6687172391717603,0.00019353754901149458,0.6687172391717603
2008-03-13,3,0.12940833947565294,0.4016182795702893,3.1575147550467025e-05,0.46849010751424336,0.0004516982922640425,0.46849010751424336
2008-03-14,3,0.21597092197555304,0.18558321778858128,4.033719843321236e-05,0.5980973913859963,0.00030813165143671046,0.5980973913859963
2008-03-17,3,0.22424720567498635,0.19449144566583473,4.1105973278316155e-06,0.5808131002658694,0.0004441377959809739,0.5808131002658694
2008-03-18,1,0.33367955521141723,0.5005443689211896,3.0225347990953975e-06,0.16571871305776595,5.434027482847916e-05,0.5005443689211896
2008-03-19,2,6.17094213144089e-05,0.0007914977437082281,0.9976196683060147,0.0009276854271371602,0.0005994391018254241,0.9976196683060147
2008-03-20,2,5.114759564218986e-07,4.089461969430147e-06,0.9999534826678901,3.6169649216443705e-05,5.7467449672565795e-06,0.9999534826678901
2008-03-24,2,3.713812144250066e-07,6.816958310782924e-05,0.9998948495127288,2.8315441823811287e-05,8.294081125239285e-06,0.9998948495127288
2008-03-25,2,2.4014723275984817e-07,0.00010397915014425327,0.9998464058933815,2.4602460158551426e-05,2.4772349083052418e-05,0.9998464058933815
2008-03-26,2,1.0634587022354554e-07,7.608172706500059e-05,0.999878785528728,1.3328184931354156e-05,3.1698213404574116e-05,0.999878785528728
2008-03-27,2,7.95834225877383e-08,2.7374303092129657e-05,0.9999548689880143,8.121309829271286e-06,9.555815641892115e-06,0.9999548689880143
2008-03-28,2,3.2452299569664714e-08,7.191063049360565e-06,0.9999797183015976,7.875012158009164e-06,5.183170895521902e-06,0.9999797183015976
2008-03-31,2,4.043455993597778e-08,3.682370882140373e-06,0.9999865145067482,5.855819626027412e-06,3.9068681828708894e-06,0.9999865145067482
2008-04-01,2,4.206811326670127e-11,2.0651904410955535e-06,0.9999909326008847,3.3161974672868066e-06,3.6859691387986814e-06,0.9999909326008847
2008-04-02,2,3.5121286820389204e-11,2.5704494774243616e-06,0.999988256272223,4.323402283617307e-06,4.849840894862879e-06,0.999988256272223
2008-04-03,2,2.351432786001211e-10,1.4746804437602174e-05,0.9999747376599284,4.777445942351482e-06,5.737854548115841e-06,0.9999747376599284
2008-04-04,2,1.0438886888425179e-09,1.2591882793956722e-05,0.9999714997311594,9.896326922523263e-06,6.011015236171263e-06,0.9999714997311594
2008-04-07,2,2.3263676917279994e-10,1.618335627139804e-05,0.9999581112441207,1.2800154763127904e-05,1.2905012207301556e-05,0.9999581112441207
2008-04-08,2,1.8545407303786273e-10,1.5146350215636682e-05,0.9999701548820399,6.542556825705985e-06,8.156025464148984e-06,0.9999701548820399
2008-04-09,2,5.613494497593812e-11,8.008636185730742e-06,0.9999657011589912,6.614372287203503e-06,1.967577640156207e-05,0.9999657011589912
2008-04-10,2,7.11605347213876e-11,2.6901342063224122e-05,0.9999519875486709,5.627632869980258e-06,1.5483405236141556e-05,0.9999519875486709
2008-04-11,2,8.66118720637774e-11,4.5732622091829535e-06,0.9999870781154877,3.5663824809798005e-06,4.782153210158087e-06,0.9999870781154877
2008-04-14,2,7.121283927900143e-11,3.0123954705588906e-06,0.99999154240026,2.4848380623063126e-06,2.960294994191045e-06,0.99999154240026
2008-04-15,2,1.4452203775792916e-11,4.3637227826006547e-07,0.9999986424650085,4.821479822869162e-07,4.3900027837495417e-07,0.9999986424650085
2008-04-16,2,6.708087747926898e-12,3.281712128431402e-06,0.9999957391036642,1.820056667521458e-07,7.971718323933564e-07,0.9999957391036642
2008-04-17,2,1.0685774865949133e-06,0.009143459578692446,0.990789394930228,6.600666517119158e-05,7.02484225543608e-08,0.990789394930228
2008-04-18,2,4.506144932552254e-07,0.0023377609572694078,0.9974083322194398,0.00025267709146721177,7.79117329529572e-07,0.9974083322194398
2008-04-21,2,6.549936827962336e-07,0.0018296819503527682,0.9976796713500566,0.0004888025685397209,1.1891373687550348e-06,0.9976796713500566
2008-04-22,2,8.728014913681729e-07,0.0011719906682216036,0.9984667840518442,0.0003596527141399162,6.997643025336763e-07,0.9984667840518442
2008-04-23,2,1.051762575404049e-06,0.0009571531497582408,0.9987895894499014,0.00025205210731323036,1.535304514359969e-07,0.9987895894499014
2008-04-24,2,6.811796189007479e-08,0.0009159559234037578,0.9990564392789009,2.7456128872623554e-05,8.055086068168669e-08,0.9990564392789009
2008-04-25,2,2.511941585101086e-07,0.0026387446550126294,0.9972621811855957,9.868832730730368e-05,1.3463792602684593e-07,0.9972621811855957
2008-04-28,2,2.1559015090896854e-06,0.0059769038087649105,0.9929651467130961,0.0010534484944773811,2.345082151776476e-06,0.9929651467130961
2008-04-29,2,0.00017264069754151237,0.0024034407218104354,0.9972930269963065,0.00013059578139496428,2.9580294633146896e-07,0.9972930269963065
2008-04-30,2,0.0005727579754347328,0.0013465276739370589,0.9975905504449789,0.0004897536943778705,4.1021127186924736e-07,0.9975905504449789
2008-05-01,2,0.0003236925538673804,0.0005969437392954048,0.9982055560573108,0.0008737116514211222,9.5998105354825e-08,0.9982055560573108
2008-05-02,2,0.0004190662144151922,0.0035971839663628638,0.9931227502151161,0.002860747246187898,2.523579177038974e-07,0.9931227502151161
2008-05-05,2,9.803853080517729e-05,0.0019233594972442405,0.9973165228826618,0.0006620117828610185,6.730642757550498e-08,0.9973165228826618
2008-05-06,2,0.00010817812478918871,0.003418259768332923,0.9958715260927627,0.0006019463609704549,8.965314451225843e-08,0.9958715260927627
2008-05-07,2,0.0006547805640079118,0.0032904725230052867,0.9937040827746442,0.0023505645760171557,9.956232564721212e-08,0.9937040827746442
2008-05-08,2,0.00047084102524293616,0.0018883044215787727,0.9958139683311755,0.001826634470128791,2.5175187348818456e-07,0.9958139683311755
2008-05-09,2,0.0003778892770417714,0.0010320224514000953,0.9975441684351918,0.0010457160718706016,2.0376449618392185e-07,0.9975441684351918
2008-05-12,2,0.000373712942767408,0.0016328764384108863,0.9971957564705706,0.0007974749737024041,1.79174548609477e-07,0.9971957564705706
2008-05-13,2,5.830052511054557e-05,0.003350179847455005,0.9960003670198438,0.0005908410524074737,3.1155518258846604e-07,0.9960003670198438
2008-05-14,2,0.00011438900314710786,0.011242553319176871,0.98701349188102,0.001629307550812814,2.582458436760128e-07,0.98701349188102
2008-05-15,2,0.00013445355229253637,0.0057692692763968495,0.992780958457421,0.0013140958061201248,1.2229077691947393e-06,0.992780958457421
2008-05-16,2,0.0007642811372825363,0.008069245596874533,0.9907688473069445,0.00039755564918677916,7.030971131794302e-08,0.9907688473069445
2008-05-19,2,0.0007450420290593221,0.008725378679051937,0.9900558703665865,0.0004736169406913758,9.198461102882272e-08,0.9900558703665865
2008-05-20,2,0.00044273967938381005,0.004844155388249051,0.9942847384130468,0.0004282620395084239,1.044798122889214e-07,0.9942847384130468
2008-05-21,2,0.0006292851317353315,0.0134187531933902,0.9855732884174351,0.00037847474846356305,1.9850897568048524e-07,0.9855732884174351
2008-05-22,2,0.0021975741431108755,0.08855854903314692,0.9081145192293921,0.0011290685428067345,2.8905154366060634e-07,0.9081145192293921
2008-05-23,2,0.0021189751688940385,0.03917430340624253,0.9579461422594974,0.0007603637726605687,2.1539270564628433e-07,0.9579461422594974
2008-05-27,2,0.0003716540532148337,0.03111647672723579,0.968356510182031,0.00015529629525796104,6.274226097656019e-08,0.968356510182031
2008-05-28,2,0.0002944542227510803,0.06695955505965633,0.9324109183094038,0.00033501442797220397,5.7980215750268975e-08,0.9324109183094038
2008-05-29,2,1.1799927991794616e-05,0.07533074459757812,0.9246111684158473,4.6270723062843096e-05,1.6335520460422908e-08,0.9246111684158473
2008-05-30,2,3.7233067390748656e-05,0.0651157688812219,0.934808859855239,3.808834928526892e-05,4.984686286046898e-08,0.934808859855239
2008-06-02,2,6.813898467535261e-05,0.06413156255549941,0.9357638188745222,3.6411421685343186e-05,6.816361717804748e-08,0.9357638188745222
2008-06-03,2,0.00022230694407984164,0.026475980435277637,0.9732773472450457,2.4336827308310067e-05,2.854828790054776e-08,0.9732773472450457
2008-06-04,2,0.0002355608231641066,0.037361153861937606,0.9623788771963823,2.438218075715643e-05,2.5937758245604604e-08,0.9623788771963823
2008-06-05,2,1.8720470161786467e-05,0.09536370390491543,0.9045805700473019,3.6885045307434796e-05,1.205323128456396e-07,0.9045805700473019
2008-06-06,2,5.058935220877234e-08,0.014370177960859787,0.9856241740083382,5.581712908152332e-06,1.5728541457757794e-08,0.9856241740083382
2008-06-09,2,6.240036360777586e-08,0.02890770899567537,0.9710883981414224,3.8162049457830375e-06,1.4257591943349202e-08,0.9710883981414224
2008-06-10,2,1.4141466481739929e-09,0.01764508448842556,0.9823541515871156,7.302217856289214e-07,3.228852646461421e-08,0.9823541515871156
2008-06-11,2,1.7701349427929644e-09,0.017715359185900247,0.9822838782810481,7.295196918056817e-07,3.124322489082789e-08,0.9822838782810481
2008-06-12,2,3.3343963465899346e-10,0.014187739953870822,0.9858115207002089,7.177320564551728e-07,2.1280423891266667e-08,0.9858115207002089
2008-06-13,2,2.0153308748609698e-10,0.015289149042258936,0.9847104925435721,3.5432159191844763e-07,3.891043844996665e-09,0.9847104925435721
2008-06-16,2,9.41364203271739e-10,0.024083371505056128,0.9759161084915082,5.171757353338449e-07,1.886335893735552e-09,0.9759161084915082
2008-06-17,2,1.4625313117639173e-09,0.030243023171583974,0.9697565379418069,4.360272497586242e-07,1.396827701868065e-09,0.9697565379418069
2008-06-18,2,2.3185457727983673e-09,0.02098211638794354,0.9790174200705968,4.600990527131092e-07,1.123860624220118e-09,0.9790174200705968
2008-06-19,2,3.168682520331282e-08,0.158435606451593,0.8415612357899831,3.1111455848379866e-06,1.4926013756458647e-08,0.8415612357899831
2008-06-20,2,3.122364156719843e-08,0.06979807761832305,0.9301953389086919,6.529494049483617e-06,2.2755293954608767e-08,0.9301953389086919
2008-06-23,2,9.532248216800048e-09,0.05529291453359392,0.9446974677878242,9.521275942808402e-06,8.687039020962875e-08,0.9446974677878242
2008-06-24,2,4.557532202560049e-08,0.0739239436845546,0.9260392273832946,3.6702743506070454e-05,8.06133234366406e-08,0.9260392273832946
2008-06-25,2,1.3047261108119245e-07,0.1363445700359326,0.8636093616613184,4.5846590710405843e-05,9.123942789549319e-08,0.8636093616613184
2008-06-26,2,6.9679552166035e-09,0.054066621045641305,0.9457884167020485,0.0001444888514910359,4.664328647504232e-07,0.9457884167020485
2008-06-27,2,7.94833646698145e-09,0.058717481164402764,0.9410687702797219,0.00021253408235536906,1.2065251833144438e-06,0.9410687702797219
2008-06-30,2,8.218919670537236e-09,0.04960791380433648,0.9502302634936841,0.00016089411502900327,9.203680307302198e-07,0.9502302634936841
2008-07-01,2,5.41035932262729e-09,0.06086449801328409,0.9385848425408799,0.0005471964135857013,3.4576218917306515e-06,0.9385848425408799
2008-07-02,2,3.986363941851703e-09,0.02755562747740853,0.9715024758816311,0.0009337794827040701,8.113171891864419e-06,0.9715024758816311
2008-07-03,2,1.3461208906462522e-08,0.09278013594717902,0.9069274514013123,0.00029110856122744813,1.2906290715986089e-06,0.9069274514013123
2008-07-07,2,7.637787985265791e-06,0.486771471287762,0.5122197737912957,0.0010000031399784006,1.113992979278392e-06,0.5122197737912957
2008-07-08,2,1.1062621873950322e-05,0.46367235521404165,0.5352336348595118,0.0010819641120681635,9.83192504915894e-07,0.5352336348595118
2008-07-09,1,0.00024583666986045886,0.7957942030593979,0.19652422264532604,0.007435449333879538,2.8829153651347906e-07,0.7957942030593979
2008-07-10,1,0.000411908705844571,0.8936190366413366,0.09106513622851292,0.014903452519064764,4.6590524124756133e-07,0.8936190366413366
2008-07-11,1,3.6960930522355524e-05,0.897824499394813,0.09678497353466003,0.005353319398157757,2.467418472697413e-07,0.897824499394813
2008-07-14,1,3.3137111818292925e-05,0.8799496471683192,0.10935918117044452,0.010657482132265257,5.524171522163772e-07,0.8799496471683192
2008-07-15,1,5.35901207697043e-05,0.9713573299880334,0.015124318557141376,0.013464531196839826,2.3013721551590697e-07,0.9713573299880334
2008-07-16,1,7.40759437286499e-06,0.982161437763316,0.01374120798900907,0.004089881803505255,6.484979653095239e-08,0.982161437763316
2008-07-17,1,2.7893599561788048e-06,0.9964921205892665,0.0006894573204703041,0.0028155842747413008,4.8455565983263285e-08,0.9964921205892665
2008-07-18,1,1.4956391693687698e-06,0.9922812166299483,0.006550828815520018,0.0011664351301873973,2.378517572785447e-08,0.9922812166299483
2008-07-21,1,1.664653860523506e-06,0.992143771421767,0.006875409768059499,0.0009791396946836558,1.446162946747284e-08,0.992143771421767
2008-07-22,1,1.4152053526915568e-06,0.9909067085495972,0.008841021308707094,0.0002508522185686222,2.7177745057690322e-09,0.9909067085495972
2008-07-23,1,2.1247580048320217e-07,0.9790313363251163,0.0208959371634989,7.24767055775436e-05,3.733000704570107e-08,0.9790313363251163
2008-07-24,1,1.0170714118811884e-06,0.9026664795382955,0.09721556728213777,0.0001168513806669542,8.472748710846841e-08,0.9026664795382955
2008-07-25,1,0.00018227384842787862,0.9894603418813991,0.009913471998141273,0.0004438759776492829,3.629438330897619e-08,0.9894603418813991
2008-07-28,1,0.0004912640819901412,0.9835677531769168,0.015460863075905024,0.0004801027236366766,1.6941551885403288e-08,0.9835677531769168
2008-07-29,1,0.00023106728516063559,0.9868318363822918,0.012662833862154322,0.00027424837711533163,1.4093277195679955e-08,0.9868318363822918
2008-07-30,1,4.911297956600549e-05,0.9982810215780674,0.0014635822806146463,0.00020626372825918843,1.9433492713769572e-08,0.9982810215780674
2008-07-31,1,6.54681871830838e-05,0.9995294545469552,8.11221146685806e-05,0.00032392844626983545,2.6704923953750035e-08,0.9995294545469552
2008-08-01,1,0.00012369284758932762,0.9988067911525246,0.000687156000290861,0.00038232375414627815,3.6245448330742293e-08,0.9988067911525246
2008-08-04,1,0.00010029593874101643,0.9986305804316825,0.0009571364264658728,0.00031193293387552325,5.426923539186643e-08,0.9986305804316825
2008-08-05,1,6.70020965463094e-06,0.9944558623192584,0.005476122215737727,6.128057776638268e-05,3.467758331608059e-08,0.9944558623192584
2008-08-06,1,5.847674059050745e-06,0.9956303021910354,0.004314061633278904,4.9746464296848406e-05,4.2037329188982854e-08,0.9956303021910354
2008-08-07,1,3.665508287430526e-05,0.9994172275414152,0.0004138545806435583,0.000132055311062978,2.074840044592259e-07,0.9994172275414152
2008-08-08,1,0.00013914946641300864,0.9993601231591098,3.216633745572832e-06,0.0004810110261818351,1.6499714549366822e-05,0.9993601231591098
2008-08-11,1,1.7423559398702675e-06,0.8661867602435982,6.933678044747892e-07,0.0007804315976917891,0.1330303724349668,0.8661867602435982
2008-08-12,4,1.8683711707950709e-06,0.34434067047182904,0.00013455964466165145,0.0013620367297843368,0.654160864782554,0.654160864782554
2008-08-13,1,3.025352306479661e-06,0.8501876481924872,0.046249129762971464,0.004413295563971859,0.09914690112826322,0.8501876481924872
2008-08-14,2,2.679292687978251e-07,0.09157107435348791,0.8821889413138543,0.0003426796611049842,0.02589703674228291,0.8821889413138543
2008-08-15,2,6.673693965362745e-09,0.011634420825230639,0.9744401579644277,2.540998743522604e-05,0.013900004549213871,0.9744401579644277
2008-08-18,2,3.008101193289909e-09,0.02402388120345847,0.9512716969263001,1.5090613777411843e-05,0.024689328248361765,0.9512716969263001
2008-08-19,2,4.97652449785079e-10,0.0053625050690748535,0.9939426908275053,4.71723663481601e-06,0.0006900863691343061,0.9939426908275053
2008-08-20,2,1.5679655596912262e-08,0.013853101730301626,0.9857743340798039,4.4520092929407876e-05,0.00032802841730913555,0.9857743340798039
2008-08-21,2,5.594011690534124e-11,0.0008170210135021587,0.9991679361709291,1.7116875141931124e-06,1.333107211419998e-05,0.9991679361709291
2008-08-22,2,1.1006028075469638e-10,0.003675424758983588,0.9962175231950062,3.609929140415984e-06,0.00010344200681024513,0.9962175231950062
2008-08-25,2,3.0075267283589394e-10,0.002022854790965775,0.9976351402927077,7.965360337202172e-06,0.0003340392552365077,0.9976351402927077
2008-08-26,2,4.678893568628702e-10,0.001428135931345888,0.9983609275573437,1.679062559704973e-05,0.00019414541782419582,0.9983609275573437
2008-08-27,2,2.094661972387909e-09,0.0014832480241700682,0.9984830392396047,6.052887381733756e-06,2.7657754181256298e-05,0.9984830392396047
2008-08-28,2,4.6432466710960295e-09,0.0010887453237262896,0.9988808463919242,5.3326348831374125e-06,2.507100621941096e-05,0.9988808463919242
2008-08-29,2,6.683726810698321e-09,0.0016908103844286823,0.9982741452433576,6.077336313931757e-06,2.8960352172678566e-05,0.9982741452433576
2008-09-02,2,4.928400019817695e-10,0.0001737497250946517,0.9997862705534094,7.470027230180653e-07,3.923222593342618e-05,0.9997862705534094
2008-09-03,2,1.7221125589468617e-08,0.0002576280426460756,0.9997104382593851,2.532550358964218e-06,2.938392648475289e-05,0.9997104382593851
2008-09-04,2,2.4971562141587737e-08,0.0001784500355612142,0.9997793451129784,2.9157118416148264e-06,3.9264168057411726e-05,0.9997793451129784
2008-09-05,2,6.657061354862092e-08,0.0004530228743989313,0.9994365199578635,4.761833446602489e-06,0.0001056287636767161,0.9994365199578635
2008-09-08,2,6.829483722478189e-08,0.0002696460807898157,0.9997081007139685,3.904001871589349e-06,1.8280908533620818e-05,0.9997081007139685
2008-09-09,2,0.0006804386736771402,0.0018269289945273242,0.997470918047481,1.941305500707248e-05,2.301229306773542e-06,0.997470918047481
2008-09-10,2,1.7377675246906074e-06,0.0009598496811949574,0.9990213911732287,1.0848037523177145e-05,6.173340527865016e-06,0.9990213911732287
2008-09-11,2,2.00692755827297e-06,0.0007427064155407912,0.9992148566784809,1.9792856725793206e-05,2.0637121695009378e-05,0.9992148566784809
2008-09-12,2,1.3948384427066144e-06,0.006643653990090724,0.9932844933860498,3.74314688247414e-05,3.30263165922118e-05,0.9932844933860498
2008-09-15,1,5.1722740334233124e-05,0.7996387196486425,0.03173530047351877,0.09491521180152611,0.07365904533597924,0.7996387196486425
2008-09-16,1,0.00018267568997933087,0.8128548112133966,0.005013004772380864,0.08476013553343875,0.09718937279080521,0.8128548112133966
2008-09-17,4,2.5730505605363144e-21,1.6021950598610777e-05,2.4404704908565044e-05,1.3526632209579758e-06,0.9999582206812709,0.9999582206812709
2008-09-18,4,1.3871153652831936e-29,5.712890967478523e-09,1.9226265203493025e-09,2.4593310272586935e-09,0.9999999899051524,0.9999999899051524
2008-09-19,4,1.6541952713206714e-32,2.1262465335463668e-08,6.681828670738114e-10,6.18809789637667e-08,0.9999999161883721,0.9999999161883721
2008-09-22,4,2.3349432464278515e-41,9.285249821971721e-16,1.4700660910815346e-13,1.2350896553328852e-10,0.9999999998763442,0.9999999998763442
2008-09-23,4,3.4436425695804498e-43,1.0160075501863875e-18,1.3296934844326655e-21,8.484267073279975e-12,0.9999999999915161,0.9999999999915161
2008-09-24,4,7.383018058317933e-43,1.3886283462992559e-18,7.524245169816808e-22,6.020265532459128e-12,0.9999999999939782,0.9999999999939782
2008-09-25,4,1.6484649473261342e-43,1.1431874570849752e-18,1.83575851027341e-21,9.674764358450013e-12,0.999999999990326,0.999999999990326
2008-09-26,4,1.5444007534224152e-43,8.958042259470793e-19,3.526442975974083e-21,1.1502180778525945e-11,0.9999999999884963,0.9999999999884963
2008-09-29,4,3.1887375801853647e-44,1.1342443988897644e-21,1.0158868578794301e-29,1.263492207111139e-12,0.9999999999987352,0.9999999999987352
2008-09-30,4,7.648102713212992e-45,2.767567414118046e-22,1.108446742438874e-31,2.434324902966362e-10,0.9999999997565681,0.9999999997565681
2008-10-01,4,9.33101442045802e-45,2.9808505966839543e-22,6.965885658794116e-33,1.864801359392563e-10,0.9999999998135216,0.9999999998135216
2008-10-02,4,1.265360814691368e-49,7.794616661728672e-25,6.613637271260569e-34,1.4388274091851334e-12,0.9999999999985612,0.9999999999985612
2008-10-03,4,4.2412819933992015e-50,3.113705616275811e-25,5.5444201922119244e-33,1.7686123964830393e-12,0.9999999999982307,0.9999999999982307
2008-10-06,4,7.733113708907343e-56,2.565240905483507e-28,1.4550648046914483e-39,5.009681233472326e-13,0.9999999999994991,0.9999999999994991
2008-10-07,4,8.631173108073245e-57,1.4882822072777865e-28,6.239102781999947e-39,5.368022824070866e-13,0.9999999999994635,0.9999999999994635
2008-10-08,4,6.57512509371846e-56,2.9022346499268516e-27,1.6569498142324518e-41,3.9499095187336896e-13,0.9999999999996056,0.9999999999996056
2008-10-09,4,4.368460932332233e-56,3.05220933171533e-27,3.7089533440603143e-42,1.3841296297329237e-13,0.9999999999998614,0.9999999999998614
2008-10-10,4,1.986294715891251e-57,3.98437418067513e-30,3.637787005347099e-47,1.2556017219195715e-15,1.0,1.0
2008-10-13,4,7.236732626420869e-57,1.5093455455007175e-31,1.4357215281284228e-40,3.718768409478776e-14,0.9999999999999645,0.9999999999999645
2008-10-14,4,3.3453299730742216e-57,3.126332345782522e-31,4.861376299219324e-40,6.093261180827543e-14,0.9999999999999396,0.9999999999999396
2008-10-15,4,5.392409223716346e-37,3.4193810422264855e-25,3.132031531164628e-42,2.838886522986128e-10,0.9999999997161115,0.9999999997161115
2008-10-16,4,2.2498206701907287e-35,9.92902749513564e-26,2.0582715743011553e-43,1.7480037875359165e-11,0.9999999999825206,0.9999999999825206
2008-10-17,4,3.899951777535779e-31,3.2184769477156975e-22,2.6949244175752524e-40,5.122073230318881e-11,0.9999999999487805,0.9999999999487805
2008-10-20,4,9.822275027514252e-25,2.276352430704325e-16,1.6337649174605079e-43,4.622694120774755e-09,0.9999999953773049,0.9999999953773049
2008-10-21,4,6.880080532921796e-23,2.3844733769280607e-13,1.3796744843896925e-31,4.533254081619388e-08,0.9999999546672217,0.9999999546672217
2008-10-22,4,2.155396891061736e-27,7.647525514014924e-17,3.011061572853447e-33,1.8731730112204404e-11,0.9999999999812665,0.9999999999812665
2008-10-23,4,4.270812630240493e-29,5.12872763001997e-18,7.132591220527477e-34,3.890105773976958e-12,0.9999999999961098,0.9999999999961098
2008-10-24,4,6.179795763300971e-32,4.1689814842382965e-19,3.7274163945009456e-39,1.9752092672048644e-12,0.9999999999980247,0.9999999999980247
2008-10-27,4,4.749510322902612e-30,2.7280565735098115e-16,3.3318739918787377e-28,6.958293480434576e-11,0.9999999999304165,0.9999999999304165
2008-10-28,4,3.276459659727807e-29,3.0714988047187657e-16,2.364367775030473e-26,9.414353948907459e-11,0.9999999999058566,0.9999999999058566
2008-10-29,4,3.9368685614411573e-29,1.8345825685517077e-16,3.527936395112497e-23,6.079063612861959e-11,0.9999999999392095,0.9999999999392095
2008-10-30,4,4.269318126638781e-25,3.227964284608159e-14,1.4906001244898494e-23,2.658137836239388e-08,0.9999999734185895,0.9999999734185895
2008-10-31,4,3.0942381071557064e-27,3.1293332945160186e-15,3.276549458155804e-24,4.445943736850551e-09,0.9999999955540524,0.9999999955540524
2008-11-03,4,7.071563654413411e-22,3.2134901111311904e-13,1.0880883721005611e-20,2.1196131918808857e-09,0.9999999978800638,0.9999999978800638
2008-11-04,4,3.856714655673865e-24,5.755201408434306e-16,1.9569418072011152e-19,4.541482350965653e-10,0.9999999995458495,0.9999999995458495
2008-11-05,4,1.5483228185599978e-23,1.3105051970430803e-17,4.089060289013411e-24,3.17832723019669e-11,0.9999999999682174,0.9999999999682174
2008-11-06,4,1.473676725586621e-23,2.702732345524266e-18,1.1832627477184086e-27,9.047689606987092e-12,0.9999999999909512,0.9999999999909512
2008-11-07,4,2.177655323821254e-20,1.2985158175819505e-14,1.2092497064413597e-20,9.604975797253189e-09,0.9999999903950112,0.9999999903950112
2008-11-10,4,2.091439048953365e-18,2.0961097034142904e-12,2.1123727125265893e-18,1.901394241158513e-08,0.9999999809839617,0.9999999809839617
2008-11-11,4,3.73474062949906e-19,4.027304618905918e-13,1.0545433466648049e-18,3.6549195987777843e-09,0.9999999963446768,0.9999999963446768
2008-11-12,4,2.578883706579486e-19,1.131099103885031e-13,3.85488735339648e-18,1.85834876776155e-09,0.9999999981415364,0.9999999981415364
2008-11-13,4,3.14599945103573e-17,1.3946952833681822e-12,8.990477164840576e-17,7.548046740780424e-08,0.9999999245181386,0.9999999245181386
2008-11-14,4,1.7278557090067275e-22,1.0528345135992453e-12,1.432432476304216e-18,1.0341262819573301e-08,0.9999999896576846,0.9999999896576846
2008-11-17,4,2.0916554094037e-22,1.0935104963730266e-12,5.3008160107353283e-20,2.6889214654270097e-09,0.9999999973099847,0.9999999973099847
2008-11-18,4,1.2999429991013603e-20,4.396121915453194e-12,8.915856389570173e-19,3.13513140976078e-08,0.9999999686442895,0.9999999686442895
2008-11-19,4,7.847788746189595e-17,1.299098961056713e-09,7.663093315800486e-17,4.7187898227222745e-05,0.9999528108026733,0.9999528108026733
2008-11-20,4,2.8070058965130405e-16,8.056357430446698e-11,1.127845737377703e-22,3.381329347592265e-05,0.9999661866259616,0.9999661866259616
2008-11-21,4,8.364727936850475e-22,1.181826215958837e-12,3.968780403050268e-21,1.312414860272137e-07,0.9999998687573315,0.9999998687573315
2008-11-24,4,1.2287475339880744e-24,4.269502357533562e-15,2.176262242534783e-21,6.986879321252801e-10,0.9999999993013073,0.9999999993013073
2008-11-25,4,4.299933851404049e-25,2.6500186517690235e-17,1.0624589664225796e-26,2.7358212415677886e-10,0.999999999726418,0.999999999726418
2008-11-26,4,7.744831240107778e-25,1.131136959979425e-17,1.1049100278416322e-29,7.718503704283247e-09,0.9999999922814968,0.9999999922814968
2008-11-28,4,6.789687237977857e-24,1.4964004767945792e-17,5.590143090217953e-30,1.944615820444442e-09,0.9999999980553849,0.9999999980553849
2008-12-01,4,9.908932676436066e-29,4.2990841600561936e-23,1.6437678120922289e-34,3.5838223301444477e-13,0.9999999999996412,0.9999999999996412
2008-12-02,4,3.3541505463470154e-28,7.123300408054817e-23,1.9187109263890937e-33,5.851578835432857e-13,0.9999999999994156,0.9999999999994156
2008-12-03,4,3.119588446048156e-25,7.867698393442492e-20,1.660035945166751e-32,8.504220128988295e-10,0.999999999149578,0.999999999149578
2008-12-04,4,1.5886802857901606e-24,6.44825079425937e-20,1.3650618023024673e-32,2.914231066105392e-09,0.9999999970857694,0.9999999970857694
2008-12-05,4,5.4686322094252335e-25,3.0655535484305657e-19,2.495522790197369e-32,5.980311066131551e-09,0.9999999940196886,0.9999999940196886
2008-12-08,4,1.353314658633205e-25,8.266832740294525e-20,1.2080919133178788e-31,6.736976478005007e-10,0.9999999993263025,0.9999999993263025
2008-12-09,4,1.9116165084919707e-25,1.958331300001414e-20,7.286944145014349e-34,3.1741845449295113e-10,0.999999999682581,0.999999999682581
2008-12-10,4,1.8708328296682546e-29,2.624924928697235e-21,8.939656012565254e-33,2.626965965130987e-11,0.9999999999737295,0.9999999999737295
2008-12-11,4,1.8155598423488507e-30,6.1802159556683284e-24,1.6970395529663937e-32,7.73922930675413e-12,0.9999999999922604,0.9999999999922604
2008-12-12,4,1.4593668604361598e-29,1.0643758386887712e-23,1.1346597217492576e-33,2.638541227307172e-13,0.9999999999997371,0.9999999999997371
2008-12-15,4,2.0203030380201704e-23,1.1507549090343065e-22,1.8752670453661344e-33,7.562988108502821e-13,0.9999999999992433,0.9999999999992433
2008-12-16,4,9.083425150392881e-24,6.4768668291830445e-24,1.956845256696812e-33,1.4310684426829738e-12,0.9999999999985683,0.9999999999985683
2008-12-17,4,9.626632536892327e-29,1.4138998482813963e-28,6.651192189269048e-46,7.117443426022272e-15,0.9999999999999929,0.9999999999999929
2008-12-18,4,2.367952678532111e-30,2.837910187860406e-32,7.656368301004168e-53,4.112122632025315e-16,1.0,1.0
2008-12-19,4,4.177291433936968e-29,2.6793083475223227e-31,1.1586754274734678e-48,1.1761938075245146e-15,1.0,1.0
2008-12-22,4,7.861043966409195e-25,4.806523098367824e-37,7.120593125283523e-61,1.1228503180068616e-13,0.9999999999998863,0.9999999999998863
2008-12-23,4,1.2386182994042496e-21,6.848831709548682e-33,1.1434117291343062e-61,1.9558290265690878e-11,0.9999999999804423,0.9999999999804423
2008-12-24,4,5.926662697780292e-23,3.7617923096715565e-34,2.26718806893466e-66,1.4380849406636887e-12,0.9999999999985612,0.9999999999985612
2008-12-26,4,3.0175683814136517e-24,4.321856748273856e-35,6.37223343605558e-63,8.227314129992997e-15,0.9999999999999911,0.9999999999999911
2008-12-29,4,4.999440372796653e-24,1.995213688722741e-36,3.522735703897278e-63,1.4546570200617862e-14,0.9999999999999858,0.9999999999999858
2008-12-30,4,2.4827045302753687e-18,1.8060646668697074e-29,1.4414568071761487e-53,3.9179877165370035e-08,0.9999999608201237,0.9999999608201237
2008-12-31,4,1.1088253128998126e-24,1.1376726404178503e-37,8.613640831136346e-61,4.0024003841612286e-08,0.9999999599759953,0.9999999599759953
2009-01-02,4,1.119967785605675e-25,3.747130210065799e-38,4.903062143368975e-62,2.4104618713201143e-08,0.9999999758953816,0.9999999758953816
2009-01-05,4,3.084167856420986e-28,5.380998654087706e-40,2.8826011095092106e-60,3.202410620864804e-07,0.9999996797589377,0.9999996797589377
2009-01-06,4,1.150696920643213e-28,4.3840245719052016e-40,2.9798662129858173e-59,4.367980363884156e-08,0.9999999563201963,0.9999999563201963
2009-01-07,4,6.489167112995188e-29,3.399352729382337e-43,1.706194803878683e-75,6.878845398667544e-11,0.9999999999312124,0.9999999999312124
2009-01-08,4,2.931715914971858e-29,1.360332490543862e-43,2.47215131921116e-75,5.016927999238924e-11,0.9999999999498304,0.9999999999498304
2009-01-09,4,7.636202427964445e-24,7.718742088377784e-40,2.96242670408545e-74,1.5600032765447734e-08,0.9999999843999668,0.9999999843999668
2009-01-12,4,2.2556600955748893e-23,1.063560827811607e-38,6.317273910138484e-81,8.518574982413777e-10,0.9999999991481427,0.9999999991481427
2009-01-13,4,1.2500365426000389e-23,4.714356294863263e-39,3.240100311251208e-79,1.7423650480359505e-09,0.9999999982576355,0.9999999982576355
2009-01-14,4,8.525301140314746e-23,1.0835305804512918e-39,5.799258432953272e-76,2.700459360704352e-09,0.9999999972995397,0.9999999972995397
2009-01-15,4,8.49932117071392e-23,5.999359982134107e-40,4.33862489378752e-78,2.162870654599027e-09,0.9999999978371292,0.9999999978371292
2009-01-16,4,2.4187361110645668e-23,1.0525320667468693e-39,6.193969053981301e-63,1.4615541955976692e-09,0.9999999985384456,0.9999999985384456
2009-01-20,4,1.0247161195260611e-28,4.117481132386825e-43,1.8198978487430783e-59,9.058007362224642e-07,0.9999990941992641,0.9999990941992641
2009-01-21,4,6.950072622656639e-38,9.904147556572987e-54,6.015325367787167e-70,2.0761320864292965e-07,0.9999997923867918,0.9999997923867918
2009-01-22,4,1.3438769045472837e-26,6.265828201418817e-36,2.2362296651225815e-56,3.586488331948994e-05,0.9999641351166809,0.9999641351166809
2009-01-23,4,1.6772815816241683e-32,2.269868568378346e-40,5.432632101643575e-56,6.114218665674846e-07,0.9999993885781326,0.9999993885781326
2009-01-26,4,3.1648513195959034e-31,1.978664137867796e-38,3.831719391075457e-47,1.331195852272899e-06,0.9999986688041475,0.9999986688041475
2009-01-27,4,4.4540803971364194e-29,2.5629378053921774e-37,6.2874145401714225e-56,3.79795658461705e-05,0.9999620204341542,0.9999620204341542
2009-01-28,4,3.9138349713206632e-28,3.0447154282560973e-34,2.452943301944352e-55,0.0001241896908224428,0.999875810309178,0.999875810309178
2009-01-29,4,1.3670220344514556e-29,1.874282586992822e-33,4.894351273719874e-56,5.611057349756706e-05,0.9999438894265023,0.9999438894265023
2009-01-30,4,2.1015271794708135e-24,3.279920968113952e-23,1.7307238393179648e-46,0.0007636380389898521,0.9992363619610104,0.9992363619610104
2009-02-02,4,1.2955955306676966e-24,2.876468008541427e-23,3.8963711582829774e-47,0.0004946414981530127,0.9995053585018474,0.9995053585018474
2009-02-03,4,3.200551521457474e-23,1.9206300567404906e-20,3.9930029047386245e-46,0.004024815194045987,0.9959751848059527,0.9959751848059527
2009-02-04,4,2.2409340554290258e-23,6.536263097448589e-20,1.2437030335983678e-46,0.00465497882922132,0.9953450211707771,0.9953450211707771
2009-02-05,4,1.3319924566853573e-18,6.398382444764662e-15,2.334924622181687e-30,0.1049964651441882,0.8950035348558063,0.8950035348558063
2009-02-06,4,1.8187077761197237e-18,1.2348067189981692e-14,1.515783210263316e-31,0.2762345098945695,0.7237654901054196,0.7237654901054196
2009-02-09,4,1.1468115046658168e-20,8.605533731752295e-16,1.2461411996309723e-33,0.267287105681076,0.7327128943189218,0.7327128943189218
2009-02-10,3,9.384754346229155e-20,1.7940259584387342e-15,4.8995969839044445e-37,0.993919750706189,0.006080249293809369,0.993919750706189
2009-02-11,3,8.94566346351899e-22,1.57324616742418e-15,4.660661963352863e-40,0.9842337086578121,0.015766291342187367,0.9842337086578121
2009-02-12,3,3.472438075359337e-22,4.895577332721142e-16,3.924997141117932e-43,0.9991586280757251,0.0008413719242751436,0.9991586280757251
2009-02-13,3,7.071347522282003e-26,4.29817649708869e-21,9.93024510812868e-46,0.9986836840913117,0.0013163159086890923,0.9986836840913117
2009-02-17,3,2.099617914790523e-27,1.5506890072898034e-24,4.413843747217737e-57,0.9999999720649986,2.793500095967189e-08,0.9999999720649986
2009-02-18,3,7.951205884019536e-26,1.3454389517068582e-22,2.2779484914746795e-55,0.9999999996879474,3.1205158227636034e-10,0.9999999996879474
2009-02-19,3,8.244367998973895e-27,2.2222195564706366e-23,7.074576116161442e-57,0.9999999995196447,4.803535658966419e-10,0.9999999995196447
2009-02-20,3,2.850273649597179e-26,4.209362363596058e-22,3.9633369271875455e-53,0.9999999921093163,7.890684128792737e-09,0.9999999921093163
2009-02-23,3,5.146324522214877e-22,4.0378900039683194e-20,9.078943112967025e-56,0.9999999996889954,3.1100446688754695e-10,0.9999999996889954
2009-02-24,3,6.288182967636493e-26,3.411791633136258e-24,3.243082651621394e-58,0.9999999999434337,5.6565728820790714e-11,0.9999999999434337
2009-02-25,3,6.1612818194225006e-27,2.712971550814437e-25,1.8256653663820485e-52,0.9999999998582059,1.4179463956897484e-10,0.9999999998582059
2009-02-26,3,3.503297272294002e-30,4.681555956486715e-29,1.6208351433135594e-55,0.9999999992570139,7.429845293647838e-10,0.9999999992570139
2009-02-27,3,3.915306001406971e-29,1.497559717635174e-28,1.756431321888581e-54,0.9999999913004345,8.699564340723905e-09,0.9999999913004345
2009-03-02,3,1.929178716013944e-27,2.727404058822881e-29,1.6339642323983085e-61,0.9999998038480854,1.9615191416839738e-07,0.9999998038480854
2009-03-03,3,1.3966600523603098e-30,1.2233348501828584e-32,5.99236208915367e-62,0.9999998820388817,1.1796111855724746e-07,0.9999998820388817
2009-03-04,3,1.913966943568953e-33,8.361362353199728e-37,3.5333951404377635e-64,0.9999994201907445,5.798092539178393e-07,0.9999994201907445
2009-03-05,3,7.581605649986286e-34,2.0555325216744413e-37,9.245598037287012e-66,0.9999999219130439,7.808695599343407e-08,0.9999999219130439
2009-03-06,3,9.95684965857512e-34,2.032949329366866e-37,6.337280142505764e-63,0.9999993350443831,6.649556152051816e-07,0.9999993350443831
2009-03-09,3,3.396670896723066e-36,6.7024536292353215e-40,8.769778419705633e-60,0.9999635770624599,3.6422937540010956e-05,0.9999635770624599
2009-03-10,3,2.6212173720562414e-36,6.121552935532292e-39,4.677520829219577e-58,0.9999637365515517,3.626344844951628e-05,0.9999637365515517
2009-03-11,3,2.150498350904749e-32,1.6005943977785477e-35,1.418153110217438e-58,0.9930940226322609,0.006905977367738232,0.9930940226322609
2009-03-12,3,2.144540029655555e-37,6.600536360824642e-44,4.6217289921259244e-57,0.6850243694229309,0.31497563057706757,0.6850243694229309
2009-03-13,3,1.882546964672183e-37,1.224459603528199e-43,3.73252071716984e-54,0.6141146238968392,0.38588537610316126,0.6141146238968392
2009-03-16,3,1.5591380642767482e-32,1.7472416877522808e-36,6.050875051983201e-50,0.8915852587478477,0.1084147412521526,0.8915852587478477
2009-03-17,4,7.465647636703235e-31,1.7515299957771962e-35,1.730588742337064e-42,0.04086731157916866,0.9591326884208327,0.9591326884208327
2009-03-18,4,1.3572638348828135e-34,3.734639633922601e-43,3.7587817590579204e-49,0.005213634934587684,0.9947863650654116,0.9947863650654116
2009-03-19,4,1.1014786350397724e-35,4.5130306985198445e-34,4.024481149064106e-29,0.0013509628693552111,0.9986490371306457,0.9986490371306457
2009-03-20,4,5.281635331994232e-35,1.0200254512515485e-34,1.729339544166174e-28,0.0008249267459718069,0.9991750732540287,0.9991750732540287
2009-03-23,4,9.174343635041597e-38,3.7214665482255075e-38,4.92999397569712e-30,0.00042407981209216153,0.999575920187908,0.999575920187908
2009-03-24,4,5.272434617942174e-36,7.429952808709171e-36,2.8979123342231454e-28,0.00037808310122402166,0.9996219168987761,0.9996219168987761
2009-03-25,4,2.292245353413352e-33,2.2605902862404415e-30,2.6256909701547937e-26,0.000737558826018784,0.9992624411739809,0.9992624411739809
2009-03-26,4,9.962280696574835e-30,7.308051125873152e-27,2.3093319015962332e-24,0.0036211595421729733,0.9963788404578269,0.9963788404578269
2009-03-27,4,6.193747296832877e-30,1.2241245439999924e-26,7.526685424549243e-24,0.001153114334255832,0.9988468856657444,0.9988468856657444
2009-03-30,4,6.516055836088237e-29,8.745431603717949e-26,3.089367369875206e-20,0.0014400467429002025,0.9985599532570996,0.9985599532570996
2009-03-31,4,4.216604713351106e-26,1.034602744172393e-23,1.4170563879673822e-19,0.004698851179938514,0.9953011488200622,0.9953011488200622
2009-04-01,4,3.6002287040275286e-22,2.5955034879612808e-18,1.1895139594072455e-16,0.008299647137120789,0.9917003528628796,0.9917003528628796
2009-04-02,4,6.745779786080683e-26,6.678425494383738e-24,3.482106902356099e-18,0.0025460550049284493,0.997453944995071,0.997453944995071
2009-04-03,4,2.6406508044560227e-25,9.562995676840951e-22,6.168271972613062e-18,0.0019414785447359653,0.9980585214552643,0.9980585214552643
2009-04-06,4,6.987075496783248e-24,1.0007347344182101e-19,6.190934358276306e-17,0.0011241288145924179,0.9988758711854083,0.9988758711854083
2009-04-07,4,7.734454539326375e-23,2.963697050561933e-19,5.899208955508137e-19,0.003457818819160863,0.9965421811808395,0.9965421811808395
2009-04-08,4,4.116897497312293e-22,4.461707885443293e-20,4.361873491488391e-13,0.0038796196705219487,0.9961203803290417,0.9961203803290417
2009-04-09,4,1.3193899798860614e-19,5.570877701764853e-16,4.0881684070660376e-10,0.010821344226756525,0.9891786553644261,0.9891786553644261
2009-04-13,4,1.3719970076048752e-19,6.653541117673856e-16,1.2501996289199357e-11,0.014284808068023399,0.9857151919194733,0.9857151919194733
2009-04-14,4,1.3711201671195418e-18,5.3956834705921824e-15,1.8406822413511842e-11,0.018968617671750905,0.9810313823098368,0.9810313823098368
2009-04-15,4,1.3850734323256804e-17,8.924199690317171e-14,4.3696570415984845e-11,0.023439520724427745,0.9765604792317868,0.9765604792317868
2009-04-16,4,2.0213834416798828e-14,1.2625012134881968e-10,2.150276717562627e-07,0.02599553346473004,0.9740042513813273,0.9740042513813273
2009-04-17,3,7.304114484254794e-06,5.2986965519322334e-08,1.2678628374548268e-20,0.5824722887851892,0.41752035411336014,0.5824722887851892
2009-04-20,3,1.4983141153936563e-09,4.714387841467991e-11,5.43636394116375e-31,0.9899256484748555,0.01007434997968635,0.9899256484748555
2009-04-21,3,1.0615258855704797e-08,1.6162904489960442e-09,9.164829315533437e-31,0.9901522729892511,0.009847714779198683,0.9901522729892511
2009-04-22,3,1.4219627417252944e-08,7.162664150409052e-10,9.828273634081135e-30,0.9995658962634398,0.00043408880066635956,0.9995658962634398
2009-04-23,3,3.5991844945214256e-08,1.0496184657654645e-09,8.707349965655108e-26,0.998640857359962,0.0013591055985754004,0.998640857359962
2009-04-24,3,3.316773737381009e-08,2.850170867959518e-09,6.225062290117506e-24,0.9980580870464573,0.0019418769356351901,0.9980580870464573
2009-04-27,3,1.659572606467035e-08,4.1852389785223554e-10,5.894974782672584e-26,0.9997385828240378,0.00026140016171179815,0.9997385828240378
2009-04-28,3,7.120733979595702e-10,1.02799173792981e-10,2.2442140760911405e-24,0.9999391527663684,6.0846418758691e-05,0.9999391527663684
2009-04-29,3,9.630094387293471e-10,4.4705619822031914e-10,2.3387535953728645e-24,0.9999082424634235,9.17561265113581e-05,0.9999082424634235
2009-04-30,3,4.842078253925263e-10,2.789888645513859e-10,7.834658289740518e-23,0.9996324707528205,0.0003675284839834604,0.9996324707528205
2009-05-01,3,8.353077886182334e-06,1.9549470947001454e-05,9.807678350368936e-16,0.999687147235168,0.00028495021599856486,0.999687147235168
2009-05-04,3,2.175000700338936e-05,3.855043880815072e-05,6.559907512559991e-14,0.9995113358680088,0.00042836368611326404,0.9995113358680088
2009-05-05,3,6.546637673023073e-06,1.4324044857961835e-05,4.941219164865849e-17,0.9999761402830144,2.989034454855415e-06,0.9999761402830144
2009-05-06,3,6.685050404222963e-06,7.70482738698593e-06,3.4051772320856903e-13,0.9999648317794606,2.077834240771095e-05,0.9999648317794606
2009-05-07,3,3.116716155206707e-06,2.0899943825505287e-05,2.98334578989875e-13,0.9999543895938099,2.1593745910943077e-05,0.9999543895938099
2009-05-08,3,3.5099554894865472e-06,2.267591727645741e-05,1.7992921190982825e-12,0.9999658740132816,7.940112153021447e-06,0.9999658740132816
2009-05-11,3,2.0135862107556625e-06,8.742838537983225e-07,1.978410771244707e-10,0.9999812295479599,1.5882384134127706e-05,0.9999812295479599
2009-05-12,3,1.703409733874221e-06,8.096854358604881e-07,2.712939343734507e-10,0.9999768771604606,2.060947307528564e-05,0.9999768771604606
2009-05-13,3,3.0216159323124546e-06,6.642129012398592e-07,2.552379247946837e-10,0.9999776145435135,1.8699372415527607e-05,0.9999776145435135
2009-05-14,3,6.173730299889869e-06,1.461534733267527e-06,1.5575375289135892e-10,0.9999856098259033,6.754753310578391e-06,0.9999856098259033
2009-05-15,3,2.9107812132679623e-06,5.749362550446508e-07,2.1115105622386087e-14,0.9999956008691275,9.134133836782239e-07,0.9999956008691275
2009-05-18,3,0.012076245787870237,0.00013143917126435327,0.000224959818316118,0.9860788975000266,0.0014884577225228591,0.9860788975000266
2009-05-19,3,0.05286786683625198,0.0009438150867007582,0.0008268693638322167,0.941949666214832,0.0034117824983833102,0.941949666214832
2009-05-20,3,0.15782778543062576,0.002201892426955408,0.007489601295241357,0.8279346631620451,0.004546057685132455,0.8279346631620451
2009-05-21,3,0.006127124662654423,0.0021491325629605074,0.00011980509164021921,0.9914068337010595,0.0001971039816854866,0.9914068337010595
2009-05-22,3,0.007610271519041346,0.008721225554579859,5.2053638035456545e-05,0.9835551547056749,6.129458266778103e-05,0.9835551547056749
2009-05-26,3,0.0003636052156086448,0.0006133528317526341,6.77369268748888e-07,0.9990103852825275,1.1979300842697706e-05,0.9990103852825275
2009-05-27,3,0.0001590567411962278,0.008642839054185175,3.967157956292631e-06,0.9911804918771184,1.364516954395562e-05,0.9911804918771184
2009-05-28,3,0.00011070300996195138,0.003452966163532345,9.76800026866886e-07,0.9964269345178804,8.41950859852556e-06,0.9964269345178804
2009-05-29,3,0.00029350570809666654,0.001054489725065482,2.843959949286027e-08,0.9986196449201389,3.233120710017788e-05,0.9986196449201389
2009-06-01,3,9.903481111151064e-05,0.0015887888314370987,1.8513905386048496e-10,0.9982943504259626,1.782574634885997e-05,0.9982943504259626
2009-06-02,3,0.00012167456087235576,0.0007851806402792707,3.3356850140957726e-12,0.9990902211308478,2.9236646639779447e-06,0.9990902211308478
2009-06-03,3,0.15472505425853422,0.32428526430567717,0.009029441056687957,0.5100837942751101,0.0018764461039908645,0.5100837942751101
2009-06-04,1,0.08420108187884974,0.7162687788628395,0.005702928992213765,0.1926893134615495,0.0011378968045470687,0.7162687788628395
2009-06-05,1,0.013034125478276338,0.6883164054980765,0.2709081938112319,0.027296625009851878,0.00044465020256313146,0.6883164054980765
2009-06-08,1,0.008011273282505895,0.4977856789824715,0.4921134612605502,0.002055590820446172,3.399565402563826e-05,0.4977856789824715
2009-06-09,2,0.008240054371914168,0.4301848975625573,0.5543533643987482,0.0070727655560344355,0.00014891811074521825,0.5543533643987482
2009-06-10,1,0.006824443080025422,0.4921817524523599,0.4861129646774199,0.01471669257710128,0.00016414721309373378,0.4921817524523599
2009-06-11,2,0.005172168606709507,0.19624062925678024,0.7837787406504182,0.014553347471194335,0.0002551140148978873,0.7837787406504182
2009-06-12,2,0.0012076957535567564,0.03189958147083427,0.9623299819742861,0.004458883248588189,0.00010385755273536054,0.9623299819742861
2009-06-15,2,0.0009235128845894595,0.002444017771104523,0.9962405822494841,0.00038089285505435514,1.0994239767369015e-05,0.9962405822494841
2009-06-16,2,0.002840614175079495,0.001375251841341738,0.9957713748816222,1.2508447954205279e-05,2.506540020076879e-07,0.9957713748816222
2009-06-17,2,0.0031157900344499084,0.0010779823164360795,0.995791886978873,1.4107120795129911e-05,2.335494455573283e-07,0.995791886978873
2009-06-18,2,0.0037622950601479722,0.006862622660485346,0.9893518647893182,2.3081731073077054e-05,1.3575897497137943e-07,0.9893518647893182
2009-06-19,2,0.017172021027547533,0.0038260600558907972,0.9789938067506668,8.079042399958026e-06,3.312349559802882e-08,0.9789938067506668
2009-06-22,2,0.03229845200320863,0.0012715357667424853,0.9664279754377062,2.0228609010946048e-06,1.3931441042650148e-08,0.9664279754377062
2009-06-23,2,0.03883642291819235,0.0007199150820570207,0.960442983804062,6.603647074160579e-07,1.783098137481083e-08,0.960442983804062
2009-06-24,2,0.07425175360934153,0.003166451083973456,0.9225810824249154,5.592857647968182e-07,1.5359600546238524e-07,0.9225810824249154
2009-06-25,2,0.0838375190342002,0.0006518365808302178,0.9155100619760396,4.805615977745607e-07,1.0184733290000009e-07,0.9155100619760396
2009-06-26,2,0.18157694245417932,0.0009976020491422038,0.8174230649426939,2.321550489115164e-06,6.90034959238813e-08,0.8174230649426939
2009-06-29,2,0.20712999253124587,0.0009557316764720638,0.7919114147521693,2.816234165417046e-06,4.480594689915169e-08,0.7919114147521693
2009-06-30,2,0.1983926721660476,0.000995571762432148,0.8006085607355533,3.1518193975819184e-06,4.351656841557249e-08,0.8006085607355533
2009-07-01,2,0.289954220041996,0.007622048942165826,0.7024040769619367,1.902711661535611e-05,6.26937286097907e-07,0.7024040769619367
2009-07-02,0,0.8293008637232887,0.009376505847359586,0.16128699245071274,3.453167136276208e-05,1.1063072769446908e-06,0.8293008637232887
2009-07-06,0,0.9832995975729297,0.00445758080500759,0.012240379634468558,2.0601025743577056e-06,3.8188501908858585e-07,0.9832995975729297
2009-07-07,0,0.9902654868583353,0.003693434300254478,0.006037668139932217,2.8557516293507725e-06,5.549498481557135e-07,0.9902654868583353
2009-07-08,0,0.995735903353296,0.0002661972345484793,0.003968901059566479,2.7603844456091492e-05,1.3945081331735472e-06,0.995735903353296
2009-07-09,0,0.9864232433415341,0.0006972541850226032,0.012869721236544581,8.11688081533137e-06,1.664356082729594e-06,0.9864232433415341
2009-07-10,0,0.9955230320227321,0.00015002802454841334,0.004284098606860606,3.915814160540569e-05,3.683204253948874e-06,0.9955230320227321
2009-07-13,0,0.9976185976016035,9.672503060776771e-05,0.002282466649992691,1.5491761852902151e-06,6.615416113870833e-07,0.9976185976016035
2009-07-14,0,0.9986760241066908,0.00046417024421330433,0.0008574836715062145,1.961688908803648e-06,3.6028868035750146e-07,0.9986760241066908
2009-07-15,0,0.9799223012370217,0.004059237072336623,0.01601737520286329,8.305233656555104e-07,2.55964411953942e-07,0.9799223012370217
2009-07-16,0,0.9870351056538081,0.003296275971217587,0.009666613732658062,1.6709840076444941e-06,3.336583092735036e-07,0.9870351056538081
2009-07-17,0,0.9801290907473207,0.011381519529121793,0.008487935851762898,1.1138968959615642e-06,3.399748987532098e-07,0.9801290907473207
2009-07-20,0,0.9009588008306907,0.008509606303256681,0.09053060904176721,6.814522033273721e-07,3.023720820944201e-07,0.9009588008306907
2009-07-21,0,0.8885695420317294,0.009419172502008017,0.10200302557773726,7.918983235088348e-06,3.409052907006122e-07,0.8885695420317294
2009-07-22,0,0.8233543046803378,0.01365619602131625,0.1629796433562862,9.624892521278746e-06,2.310495392896404e-07,0.8233543046803378
2009-07-23,2,0.4653788548160766,0.03969698339447086,0.49491875948201025,5.364843606776917e-06,3.7463834950947224e-08,0.49491875948201025
2009-07-24,0,0.5549213829016281,0.031989853274199405,0.41307830619525227,1.0413083775588168e-05,4.454514472432695e-08,0.5549213829016281
2009-07-27,2,0.2688820676906859,0.029546609442939936,0.7015667857414357,4.5161393196961745e-06,2.0985618500381293e-08,0.7015667857414357
2009-07-28,2,0.24905381175806704,0.007175300846184249,0.743768468228151,2.4016421286593537e-06,1.7525468259570094e-08,0.743768468228151
2009-07-29,0,0.527640574491377,0.0127169478849879,0.4596409812390504,1.4511352930423031e-06,4.524929097640437e-08,0.527640574491377
2009-07-30,2,0.4259913332400552,0.011750144868738387,0.5622579533451372,5.556114628154432e-07,1.2934606076633918e-08,0.5622579533451372
2009-07-31,2,0.026741471508902395,0.0014719737697999249,0.9717861525930634,3.9699824514803283e-07,5.129988765582877e-09,0.9717861525930634
2009-08-03,2,0.004538114549973128,0.002350290056928697,0.9931109043713223,6.846441819665745e-07,6.377593745360856e-09,0.9931109043713223
2009-08-04,2,0.0051045603913883845,0.0027675456593942954,0.9921274727316671,4.0672640528122365e-07,1.4491144792138016e-08,0.9921274727316671
2009-08-05,2,0.001576196850152614,0.006163907484230242,0.992258984541674,8.93863148829776e-07,1.7260794510528977e-08,0.992258984541674
2009-08-06,2,0.00174010353804142,0.005033474346072615,0.9932256963040289,7.117188641109032e-07,1.4092992601005789e-08,0.9932256963040289
2009-08-07,2,0.0015683568006927058,0.011370199887714288,0.9870604135276533,1.0134592992339748e-06,1.6324640341372085e-08,0.9870604135276533
2009-08-10,2,0.0015415740196737043,0.006056359091736017,0.9923963533297024,5.704452879914574e-06,9.10600800057291e-09,0.9923963533297024
2009-08-11,2,0.002271244941479604,0.003787348463321493,0.9939368362707199,4.562433934099338e-06,7.89054402766912e-09,0.9939368362707199
2009-08-12,2,0.023428026120260032,0.008975476525086436,0.9675923510080491,4.131118986176688e-06,1.5227618661625485e-08,0.9675923510080491
2009-08-13,2,0.02920937840847629,0.0030704287242126335,0.9677188325421162,1.3499713662797456e-06,1.0353828980728579e-08,0.9677188325421162
2009-08-14,2,0.044230690793525436,0.0034334227003071064,0.9523349299798985,9.513223529884651e-07,5.203915563389178e-09,0.9523349299798985
2009-08-17,2,0.21703068363782277,0.0016815709431606657,0.7812874155836967,3.222142191284274e-07,7.62110135708129e-09,0.7812874155836967
2009-08-18,2,0.1720271855088189,0.002286930446689603,0.82568567520701,1.978534314386619e-07,1.0984050980315167e-08,0.82568567520701
2009-08-19,2,0.1196530314822605,0.001183675538371735,0.879162922286631,3.4909492065688577e-07,2.1597816903519073e-08,0.879162922286631
2009-08-20,2,0.12082188088014092,0.0009706787398602387,0.8782070433786997,3.829601356932721e-07,1.4041163788464992e-08,0.8782070433786997
2009-08-21,2,0.06292761966967297,0.0021287396262531844,0.9349434803876329,1.4293923922147026e-07,1.7377201526526147e-08,0.9349434803876329
2009-08-24,2,0.07886615836968455,0.001557339502680252,0.9195760742778885,3.872621234740315e-07,4.058762353003644e-08,0.9195760742778885
2009-08-25,2,0.17149289752846372,0.004031081839179774,0.8244752582903244,6.697259266463531e-07,9.261610536398275e-08,0.8244752582903244
2009-08-26,2,0.09723735989045988,0.0029527386604355547,0.8998074718632763,2.3131630770481783e-06,1.1642275138226654e-07,0.8998074718632763
2009-08-27,2,0.20424429733148428,0.004429802085424438,0.7913217470329786,4.060726008052021e-06,9.282410539714693e-08,0.7913217470329786
2009-08-28,0,0.9852010962484458,0.008878336318200815,0.00588998055127009,2.9887713333228996e-05,6.991687498610512e-07,0.9852010962484458
2009-08-31,0,0.9957795295911394,0.0037831207145061062,0.00041293750000126256,2.4151774369964158e-05,2.604199836165702e-07,0.9957795295911394
2009-09-01,0,0.9951884413584475,0.004493158363065751,0.00012373606982147526,0.00019439021634192025,2.7399232359684264e-07,0.9951884413584475
2009-09-02,0,0.9948320819137134,0.0034016168498198513,0.0016412476076449296,0.0001240030609711316,1.050567850820113e-06,0.9948320819137134
2009-09-03,0,0.9901031004441428,0.0089623113343131,0.000850868872376519,7.791887909165142e-05,5.8004700750278544e-06,0.9901031004441428
2009-09-04,0,0.9620529770779445,0.037239317003039674,0.0005773608433682923,0.0001229160759272247,7.428999721050155e-06,0.9620529770779445
2009-09-08,0,0.9181978156936269,0.0815894926229633,5.813374143799708e-05,0.00014270639121359127,1.1851550758703564e-05,0.9181978156936269
2009-09-09,0,0.9061333341324921,0.09329296868268333,7.610497684202108e-05,0.00048086862429646984,1.6723583686159107e-05,0.9061333341324921
2009-09-10,0,0.9786606185630163,0.020574149230311322,4.2503153099030276e-05,0.0007089599175827809,1.3769135989707142e-05,0.9786606185630163
2009-09-11,0,0.9441473046538281,0.05396107700020326,1.8635807414620854e-06,0.0018607327124285165,2.9022052798775952e-05,0.9441473046538281
2009-09-14,0,0.857269827653839,0.1383419280118879,5.336624780625591e-07,0.004340005711547463,4.770496024728058e-05,0.857269827653839
2009-09-15,3,0.360933560328107,0.25900275754387836,1.1471723226047447e-08,0.3800397944988989,2.3876157391907944e-05,0.3800397944988989
2009-09-16,1,0.36476977446558,0.42120822351406934,2.0317510687577114e-07,0.2140081503124894,1.3648532754915816e-05,0.42120822351406934
2009-09-17,0,0.686533692736857,0.1703683236610548,1.6516208839113492e-07,0.14309239065693583,5.427783063296318e-06,0.686533692736857
2009-09-18,0,0.6391709688195953,0.31536909071636443,4.190850059725746e-07,0.04545299630208883,6.525076944766745e-06,0.6391709688195953
2009-09-21,0,0.7907754113465163,0.17658007894210528,6.014866486842785e-08,0.03264057558620387,3.87397650900755e-06,0.7907754113465163
2009-09-22,0,0.8301827202912909,0.1588123106255273,5.329075216222354e-07,0.011002201487969003,2.2346876903773333e-06,0.8301827202912909
2009-09-23,0,0.896120341090713,0.09646663576577812,5.287932013672072e-07,0.007410433215486937,2.0611348198816536e-06,0.896120341090713
2009-09-24,0,0.9799670281426943,0.01967675414930978,0.00024969394626523516,0.00010267815901951759,3.845602710242028e-06,0.9799670281426943
2009-09-25,0,0.9910383157037159,0.008649136225433429,0.00022302286410479991,8.494427712253082e-05,4.580929623261057e-06,0.9910383157037159
2009-09-28,0,0.9938056411426147,0.00544584369138357,0.0007067243418761222,3.882915391597932e-05,2.9616702090217164e-06,0.9938056411426147
2009-09-29,0,0.9859765040597382,0.008162370407067097,0.005794289678848384,6.32535919238669e-05,3.5822624232658643e-06,0.9859765040597382
2009-09-30,0,0.6518554403583949,0.0114318723997598,0.3366982061516116,9.303697095535847e-06,5.1773931382164975e-06,0.6518554403583949
2009-10-01,0,0.8643185431641419,0.0007152868348832757,0.13496440338730373,1.3659277340785718e-06,4.006859370458647e-07,0.8643185431641419
2009-10-02,2,0.47361239086872414,0.0008269013348687147,0.525557572383982,3.1153518525745354e-06,2.0060573252994245e-08,0.525557572383982
2009-10-05,0,0.6529109783734942,0.000696307759484234,0.3463924658503013,2.0150588331034652e-07,4.651083672024383e-08,0.6529109783734942
2009-10-06,0,0.7293417137159578,0.0006407183924031254,0.27001736934779674,7.544771387896767e-08,1.2309612925760185e-07,0.7293417137159578
2009-10-07,0,0.8735054814833368,0.0002678371856083605,0.12622646521357175,1.9123111614723968e-08,1.9699437165333932e-07,0.8735054814833368
2009-10-08,0,0.7445987889377432,0.0007470190454509579,0.25465395881530917,3.186447875586439e-09,2.3001504826141753e-07,0.7445987889377432
2009-10-09,2,0.17862313270711988,0.00042708775834091154,0.8209497667316696,2.430397642104233e-09,1.0372471772393046e-08,0.8209497667316696
2009-10-12,2,0.09915720201692275,0.00035200256656639874,0.9004907839833384,6.404580397784219e-10,1.0792713932770778e-08,0.9004907839833384
2009-10-13,2,0.08603698020907381,0.00010371053605962516,0.9138593014181186,4.834444996820928e-10,7.353303581429448e-09,0.9138593014181186
2009-10-14,2,0.18531192205020505,0.0005686158751026085,0.8141194505490472,1.0555224392299856e-09,1.0470121989679527e-08,0.8141194505490472
2009-10-15,2,0.34700581807208575,0.01576728729452793,0.6372259041866235,3.584892364708066e-07,6.319575256352802e-07,0.6372259041866235
2009-10-16,2,0.3079508937499284,0.009710348176291518,0.6823375545586808,4.5436232891651503e-07,7.491527696089237e-07,0.6823375545586808
2009-10-19,2,0.15209441035567434,0.0057329489552851,0.8421708916565372,6.02153071255295e-07,1.1468794323003608e-06,0.8421708916565372
2009-10-20,2,0.3057757616955226,0.004662837531051032,0.689558514591333,2.052587760468472e-06,8.335943323716303e-07,0.689558514591333
2009-10-21,2,0.0569451071076022,0.0030978503040794475,0.9399532171467733,2.6786511602929228e-06,1.1467903846412158e-06,0.9399532171467733
2009-10-22,2,0.11547136244808823,0.012749750428733367,0.8701871363808039,0.0015765597063592952,1.5191036015169585e-05,0.8701871363808039
2009-10-23,2,0.07085112538814249,0.0237553488614936,0.9047434102806957,0.0006422513124194529,7.86415724920468e-06,0.9047434102806957
2009-10-26,2,0.055398539447057936,0.02045368211942187,0.9241290551713301,1.693853654385934e-05,1.784725646032045e-06,0.9241290551713301
2009-10-27,2,0.0986510495038202,0.011524294397562748,0.8897747803038396,4.540727729080543e-05,4.468517486530218e-06,0.8897747803038396
2009-10-28,0,0.7600770579315543,0.02027618905472847,0.21950103485955683,0.00013789972174006225,7.81843242080626e-06,0.7600770579315543
2009-10-29,2,0.2989359854416618,0.029651413604301097,0.6713980684926774,8.653603332303872e-06,5.878858028091534e-06,0.6713980684926774
2009-10-30,2,0.2950452826698749,0.005744042229768553,0.6992077603879301,1.4377003812781879e-06,1.4770120450416719e-06,0.6992077603879301
2009-11-02,2,0.21782970545677935,0.004852891063862225,0.7773145706002724,1.6603906509489926e-06,1.17248843493434e-06,0.7773145706002724
2009-11-03,2,0.3383105662077592,0.00883619036038514,0.6528335128454228,1.2482289628310635e-05,7.24829680450593e-06,0.6528335128454228
2009-11-04,2,0.43711470232862953,0.014856414674409233,0.5479830588510834,3.61693462988404e-05,9.654799579662278e-06,0.5479830588510834
2009-11-05,0,0.7758260690083382,0.017647587666572713,0.20641949905763388,0.00010012645800265878,6.717809452701426e-06,0.7758260690083382
2009-11-06,0,0.926461738986488,0.03244644816682863,0.0410293273669957,5.2726904436235984e-05,9.758575251952144e-06,0.926461738986488
2009-11-09,0,0.9587179529953219,0.02495655370447726,0.016245442635598937,6.919491409198543e-05,1.0855750509052519e-05,0.9587179529953219
2009-11-10,0,0.9716993631425462,0.019679552345364778,0.008545808202368985,6.790418721346041e-05,7.372122506548617e-06,0.9716993631425462
2009-11-11,0,0.9615508044681744,0.026579417212518996,0.01179184725753848,6.932520573615948e-05,8.605856032717323e-06,0.9615508044681744
2009-11-12,0,0.9085557048189628,0.0021793832644648073,0.08926448871846027,2.351772674257462e-07,1.8802084481554548e-07,0.9085557048189628
2009-11-13,0,0.8502681433125614,0.0020506413084722696,0.14768076953295867,1.5860830245451258e-07,2.8723770441990224e-07,0.8502681433125614
2009-11-16,2,0.327856875815298,0.0005325479454688158,0.6716102408515073,2.7507792126032984e-08,3.078799343035286e-07,0.6716102408515073
2009-11-17,2,0.2853454725129896,0.0004574958276344045,0.7141967226098739,3.1378898455724756e-08,2.7767060336500665e-07,0.7141967226098739
2009-11-18,2,0.3003971653440867,0.00048439426702792595,0.6991181950922836,4.113669770821961e-08,2.0415990402588873e-07,0.6991181950922836
2009-11-19,2,0.3451539821227596,0.0004322763870003127,0.6544134930505138,8.931104238143648e-09,2.3950862183485577e-07,0.6544134930505138
2009-11-20,2,0.4297743922633238,0.0008263132032554912,0.5693988696247771,1.4931883560193677e-08,4.0997675936305014e-07,0.5693988696247771
2009-11-23,2,0.24726991957801123,0.002845990581532888,0.7498831829167362,1.6981030844089625e-08,8.899426886493133e-07,0.7498831829167362
2009-11-24,2,0.29068464889524426,0.0010634133121561742,0.7082513318035492,1.1722953437255945e-08,5.942660977621858e-07,0.7082513318035492
2009-11-25,2,0.02256896036484704,0.0003221587392489061,0.9771085015679367,3.1085414939020317e-09,3.762194250070242e-07,0.9771085015679367
2009-11-27,2,0.027217774915450608,2.082215627769795e-05,0.9727612841901947,7.428836347112709e-10,1.1799519323569642e-07,0.9727612841901947
2009-11-30,2,0.01813159821112717,3.097309549300694e-05,0.9818372713907105,2.78467664471193e-09,1.54517993058005e-07,0.9818372713907105
2009-12-01,2,0.006933458511615719,3.209891282053427e-05,0.993034356856421,4.0901106678129344e-10,8.531013224156677e-08,0.993034356856421
2009-12-02,2,0.008024182881168664,1.6348496296868728e-05,0.9919594526323177,6.160240264509716e-11,1.592861371442909e-08,0.9919594526323177
2009-12-03,2,0.00320368172475741,8.417250700500892e-06,0.9967878919117673,1.778525757820479e-11,9.094990407167632e-09,0.9967878919117673
2009-12-04,2,0.014840111804718354,0.0077314073001746334,0.9773935059551779,9.389577867416723e-06,2.558536206126578e-05,0.9773935059551779
2009-12-07,2,0.007962876199123916,0.0012598755259152607,0.9907692566552221,3.2000109393310898e-06,4.791608799375953e-06,0.9907692566552221
2009-12-08,2,0.013221558779990249,0.00037694419372785086,0.9863747031939029,1.130597213753505e-05,1.5487860241388908e-05,0.9863747031939029
2009-12-09,2,0.0016248495615486574,0.00015301183309774413,0.9981983193699313,1.7507360418299213e-05,6.31187500430372e-06,0.9981983193699313
2009-12-10,2,0.0023963812645257277,0.0003259090072679794,0.9972518926374363,1.970548703551288e-05,6.111603734327052e-06,0.9972518926374363
2009-12-11,2,0.0013435676438574803,0.00043893176047223877,0.9981929778575019,2.1410461467174274e-05,3.112276701109849e-06,0.9981929778575019
2009-12-14,2,0.0013961919268799434,0.0003747548709622385,0.9982086765457177,1.8640363434490098e-05,1.7362930048420293e-06,0.9982086765457177
2009-12-15,2,0.0067132503643731025,0.001423684294627242,0.9914480075984992,0.0004106668296036288,4.3909128974094535e-06,0.9914480075984992
2009-12-16,2,0.004183667672744398,0.0016602183119875569,0.9940368468939574,0.00011711591621191938,2.1512050985184683e-06,0.9940368468939574
2009-12-17,2,0.0015428303527913482,0.0006633827598577589,0.9973724414653015,0.00040183600536795915,1.9509416681288742e-05,0.9973724414653015
2009-12-18,2,0.0004136011213486557,0.0002939880049632546,0.9992179657250884,7.17464802986969e-05,2.698668300658708e-06,0.9992179657250884
2009-12-21,2,0.00012372836864742715,0.0007018811774928203,0.9991019439484898,7.112007777463539e-05,1.3264275959646521e-06,0.9991019439484898
2009-12-22,2,0.00032060784417148975,0.007715153041386391,0.9914500329636187,0.0005092389012389653,4.967249585330394e-06,0.9914500329636187
2009-12-23,2,6.875384182365316e-05,0.0019130690439488483,0.9979486569832917,6.889065131916243e-05,6.294796164496164e-07,0.9979486569832917
2009-12-24,2,0.00020393950209753538,0.006277194244021241,0.9932989272158819,0.00021860379216741204,1.3352458328409751e-06,0.9932989272158819
2009-12-28,2,0.0001776741847656892,0.008430509263253267,0.9910308844711238,0.0003598916874279217,1.0403934296223452e-06,0.9910308844711238
2009-12-29,2,0.00019029061763083254,0.006396776141529587,0.992809568134351,0.0006018403607240356,1.524745764504721e-06,0.992809568134351
2009-12-30,2,0.0002870324750732505,0.008986175093744614,0.9887197644194083,0.0020053170410286544,1.710970744894887e-06,0.9887197644194083
2009-12-31,2,0.000124863700656329,0.0035792933727313157,0.9949827691439895,0.0013130363458105836,3.743681298612359e-08,0.9949827691439895
2010-01-04,2,4.2372221684720826e-05,0.0007553508889382148,0.998936511966418,0.0002657385297520517,2.63932062370609e-08,0.998936511966418
2010-01-05,2,0.14497494598126348,0.012824310594338147,0.8399185164895921,0.002282037066757944,1.89868047606851e-07,0.8399185164895921
2010-01-06,2,0.029641200829054005,0.005011201846793943,0.9650347203437458,0.00031278541521805064,9.156518818607276e-08,0.9650347203437458
2010-01-07,2,0.13742445125600602,0.03256740522265015,0.8270021443641672,0.0030054026840281582,5.964731485472129e-07,0.8270021443641672
2010-01-08,2,0.0506474497283917,0.007429825920880138,0.941875196788038,4.7283433476668874e-05,2.441292140527663e-07,0.941875196788038
2010-01-11,2,0.048037318382847714,0.014391806524407325,0.93749837502079,7.185788638118424e-05,6.421855742755321e-07,0.93749837502079
2010-01-12,2,0.04475976509494553,0.004354356779319447,0.9507373109271956,0.00014794825671227772,6.189418263751843e-07,0.9507373109271956
2010-01-13,2,0.042391380849102135,0.019576739802389637,0.9379102338709182,0.00011992892853695858,1.7165490524998334e-06,0.9379102338709182
2010-01-14,2,0.03140368922972457,0.0077238552664070405,0.9608397758781809,3.1941802008145284e-05,7.378236790478122e-07,0.9608397758781809
2010-01-15,2,0.03300437048123257,0.00206798858110746,0.9649076604384481,1.9773040546029094e-05,2.0745866615891139e-07,0.9649076604384481
2010-01-19,2,0.09365993092301382,0.005168856643720795,0.9011135508757976,5.759268299443224e-05,6.887447362734417e-08,0.9011135508757976
2010-01-20,2,0.01857520901285679,0.0004470205641623004,0.9809744571080278,3.294186134716968e-06,1.912881824860453e-08,0.9809744571080278
2010-01-21,2,0.030509570232018914,0.00033885014765648575,0.9691501722657474,1.3883281100471651e-06,1.9026466756108537e-08,0.9691501722657474
2010-01-22,2,0.032529995618229786,4.719206646925597e-05,0.967422590594774,2.1903703102656757e-07,2.6834955953170066e-09,0.967422590594774
2010-01-25,2,0.03374271954952896,3.297284984543317e-05,0.966223625642954,6.791596547295691e-07,2.798016989390722e-09,0.966223625642954
2010-01-26,2,0.04483336575158603,2.7593519597217427e-05,0.9551375619518616,1.4739374940725645e-06,4.839460676567715e-09,0.9551375619518616
2010-01-27,2,0.04552519219588076,3.0379747009139914e-05,0.9544348917762132,9.528828604663601e-06,7.452291711297808e-09,0.9544348917762132
2010-01-28,2,0.06701986948320438,3.777669640340423e-05,0.9329347022124359,7.64493158330645e-06,6.676373355170578e-09,0.9329347022124359
2010-01-29,2,0.11442614500036126,2.4696264275455054e-05,0.8855391265590102,1.002060345001606e-05,1.157290225639325e-08,0.8855391265590102
2010-02-01,2,0.02652183101695851,2.8587170638851962e-05,0.9734491906076065,3.850060497122187e-07,6.198746082210799e-09,0.9734491906076065
2010-02-02,2,0.06304745508797871,8.827430300170789e-05,0.9368634689618212,7.947873863707604e-07,6.859812059537793e-09,0.9368634689618212
2010-02-03,2,0.05979095054761663,0.00017628684059550065,0.9400316914659504,1.063740690910706e-06,7.40514657359724e-09,0.9400316914659504
2010-02-04,2,0.0004746630334908702,2.870782959733334e-06,0.9995222426125475,2.1579100910888173e-07,7.779992280490027e-09,0.9995222426125475
2010-02-05,2,0.0005103336758368088,1.2593093968345976e-06,0.999488182334309,2.1143462114874726e-07,1.3245836954101719e-08,0.999488182334309
2010-02-08,2,0.00027885237570236555,2.2470830331512435e-06,0.9997187809846103,1.0703416171010709e-07,1.2522492683131036e-08,0.9997187809846103
2010-02-09,2,0.0004091874012571049,5.069391680800992e-06,0.9995857163240228,2.1530269860369552e-08,5.352770186148616e-09,0.9995857163240228
2010-02-10,2,0.000980094804039276,1.7573409872077487e-05,0.9990023241302529,5.29890319763086e-09,2.3569331779508546e-09,0.9990023241302529
2010-02-11,2,0.0004056602066549945,1.8544792425946273e-05,0.9995757922161237,1.1860242414466488e-09,1.5987719332310872e-09,0.9995757922161237
2010-02-12,2,0.0005272759196651732,1.2079029884607332e-05,0.9994606410043456,2.1698571522602236e-09,1.876246642656765e-09,0.9994606410043456
2010-02-16,2,7.328442978473787e-05,1.483026392570377e-05,0.9999118815012887,1.306780292177087e-10,3.67432276811838e-09,0.9999118815012887
2010-02-17,2,6.390148141317206e-05,2.5681202271555964e-05,0.9999104142875969,3.061177352754205e-10,2.722600929695002e-09,0.9999104142875969
2010-02-18,2,0.0003282955875728809,0.0001585980904499332,0.9995131018892586,2.848148813054853e-10,4.147902936900993e-09,0.9995131018892586
2010-02-19,2,0.000393486927463029,0.00015680066773726486,0.9994497075063526,1.2397134557637437e-10,4.774476100724085e-09,0.9994497075063526
2010-02-22,2,0.0006393054948272484,0.00024359699674300858,0.9991170902165394,6.197215386447383e-11,7.229918512588081e-09,0.9991170902165394
2010-02-23,2,0.0007258687928077667,5.296472212917703e-05,0.9992211624690552,7.539161489984114e-11,3.940616072527561e-09,0.9992211624690552
2010-02-24,2,0.0006454791209848861,5.7979433027618213e-05,0.9992965354393508,2.664615614187508e-10,5.740174834656083e-09,0.9992965354393508
2010-02-25,2,0.0005559910763539008,8.304476461672951e-05,0.9993609464754694,7.121902396707107e-11,1.761234035307244e-08,0.9993609464754694
2010-02-26,2,0.0004134092815384417,5.308676742360279e-05,0.9995334801110003,3.80749223692128e-11,2.38019623787582e-08,0.9995334801110003
2010-03-01,2,0.00045744757606981,6.731220886791249e-05,0.9994752165047266,2.9949757617832514e-11,2.3680386219615872e-08,0.9994752165047266
2010-03-02,2,0.0005118997501599084,8.492552605432622e-05,0.9994031462181635,8.917599687268581e-11,2.8416445489447398e-08,0.9994031462181635
2010-03-03,2,0.0006322023434882504,7.243148521898378e-05,0.9992953441488844,2.2999910463210708e-10,2.1792409708911032e-08,0.9992953441488844
2010-03-04,2,0.0005613796219045321,5.234213655156575e-05,0.9993862576417962,2.906888327592496e-10,2.0309059245138477e-08,0.9993862576417962
2010-03-05,2,0.00941549474504497,0.004377138058870794,0.9862054346132284,1.8616463934052842e-06,7.093646332697012e-08,0.9862054346132284
2010-03-08,2,0.024627790481510866,0.012036249312978186,0.9633214864086884,1.3690522161211346e-05,7.832746610454786e-07,0.9633214864086884
2010-03-09,2,0.05284154675197735,0.009982407804091875,0.9371689607465111,6.616265834280124e-06,4.684315852394037e-07,0.9371689607465111
2010-03-10,2,0.2771940764154224,0.031165844328277927,0.6915888693591628,4.736997331459116e-05,3.839923822624096e-06,0.6915888693591628
2010-03-11,2,0.2999623868336073,0.030890564715661817,0.6691002761852269,4.354028843916591e-05,3.2319770647747344e-06,0.6691002761852269
2010-03-12,0,0.6815461386607761,0.03481191387287934,0.2831978523149232,0.00044277127247704327,1.3238789445847642e-06,0.6815461386607761
2010-03-15,0,0.8372601323937112,0.05994032182453965,0.10223227741206466,0.000563842100495685,3.4262691895536454e-06,0.8372601323937112
2010-03-16,0,0.9637118661451867,0.0341874887843258,0.0008401178049595527,0.001256371147825627,4.156117701809269e-06,0.9637118661451867
2010-03-17,0,0.964276399282919,0.031930352856595005,0.0027354693882926506,0.0010526714171888946,5.107055004131e-06,0.964276399282919
2010-03-18,0,0.976473977812662,0.022489803787605303,0.00023869191774273394,0.0007944715828433885,3.054899146356475e-06,0.976473977812662
2010-03-19,0,0.9746471279832163,0.014950754848292875,0.010082447396778898,0.0003159124985943811,3.7572731184884467e-06,0.9746471279832163
2010-03-22,0,0.9742755793998872,0.013166618312294303,0.012240496795351401,0.0003133986867369336,3.906805730353404e-06,0.9742755793998872
2010-03-23,0,0.9719831969325419,0.02237227104983192,0.004969639746988629,0.0006702757673145896,4.6165033231808645e-06,0.9719831969325419
2010-03-24,0,0.911340913919436,0.03536038446839398,0.0532683321973658,2.8134713311980248e-05,2.234701491487703e-06,0.911340913919436
2010-03-25,0,0.9625441514966604,0.013788035769480516,0.023630767441666253,3.673784733538858e-05,3.0744485698342435e-07,0.9625441514966604
2010-03-26,0,0.931947895026065,0.01665135711607001,0.051318884132314904,8.086747871470322e-05,9.962468349457957e-07,0.931947895026065
2010-03-29,0,0.8509151537815294,0.029367732198231945,0.11967393817839862,4.242312437110226e-05,7.527174693628988e-07,0.8509151537815294
2010-03-30,0,0.9262624386681925,0.023605446040193715,0.050046996913989575,8.449912812199788e-05,6.192495026805441e-07,0.9262624386681925
2010-03-31,0,0.8937383024235643,0.02034622449095123,0.08573910529788649,0.00017581611534608275,5.516722523787928e-07,0.8937383024235643
2010-04-01,0,0.8518752885387989,0.032564381826778274,0.11546472419389242,9.504129434205851e-05,5.641461889950502e-07,0.8518752885387989
2010-04-05,0,0.8187128761190786,0.11264685614643127,0.06857891345855094,6.0937110858671536e-05,4.171650810736983e-07,0.8187128761190786
2010-04-06,0,0.8234005374657047,0.08985845611953312,0.08669440965087219,4.6406122554460865e-05,1.906413360139581e-07,0.8234005374657047
2010-04-07,0,0.7479669439393178,0.16097929627268492,0.09072933949333313,0.00032251819869542263,1.902095969476025e-06,0.7479669439393178
2010-04-08,0,0.5015248724894517,0.12279740587242131,0.3755017360235784,0.00017571457467846645,2.7103986964824403e-07,0.5015248724894517
2010-04-09,2,0.3456973078534819,0.11851795594574085,0.5356854431709758,9.897338290877621e-05,3.196468935773946e-07,0.5356854431709758
2010-04-12,2,0.18996323804681683,0.05271522795105442,0.7572901234704063,3.116057551413354e-05,2.4995620834907096e-07,0.7572901234704063
2010-04-13,2,0.2207347916658689,0.023357804989081198,0.7558859291618788,2.1269187741879432e-05,2.0499542948704374e-07,0.7558859291618788
2010-04-14,0,0.5426066342100285,0.09093110921558031,0.36637872664413074,8.293558956871894e-05,5.943406911947811e-07,0.5426066342100285
2010-04-15,0,0.5812914764557057,0.06412038879946307,0.35451291157796033,7.471047809225285e-05,5.126887783597589e-07,0.5812914764557057
2010-04-16,2,0.25974142232838243,0.004820507056240514,0.7354359954421035,2.0061918816720775e-06,6.898139200868021e-08,0.7354359954421035
2010-04-19,0,0.6162648453634814,0.03841916765281386,0.3453117052570682,3.988276960372396e-06,2.9344967544711387e-07,0.6162648453634814
2010-04-20,2,0.47187437163484836,0.044673425176367985,0.4834498679392738,2.1750709032557003e-06,1.6017860668774326e-07,0.4834498679392738
2010-04-21,2,0.4370334828439235,0.023449535344323556,0.5395132701121647,3.538822444959315e-06,1.7287714400669822e-07,0.5395132701121647
2010-04-22,0,0.7617330683226134,0.1485100929795835,0.08971709118723142,3.9144520656712646e-05,6.029899154454672e-07,0.7617330683226134
2010-04-23,0,0.5656536804029086,0.18958280345306652,0.24474263644642286,2.039818249461196e-05,4.815151076386862e-07,0.5656536804029086
2010-04-26,0,0.7731472519933117,0.1092752223253302,0.11755448283642041,2.2895792226811168e-05,1.4705270999678916e-07,0.7731472519933117
2010-04-27,0,0.9422561106841506,0.054821318652244704,0.0015642737376028893,0.0013581662041637491,1.3072183721535782e-07,0.9422561106841506
2010-04-28,0,0.8429397832175778,0.15567496383300033,0.0007452191481145309,0.0006398942762370114,1.395250703317296e-07,0.8429397832175778
2010-04-29,0,0.8441493972576248,0.15232897075130433,9.496200337308551e-06,0.0035119248439365895,2.1094679619462249e-07,0.8441493972576248
2010-04-30,0,0.8931751610967271,0.09277829869638597,2.5520174914274483e-06,0.014043866928644176,1.2126075107459858e-07,0.8931751610967271
2010-05-03,0,0.9068025879114396,0.07858792388467094,4.96736328483809e-06,0.014604412080346718,1.0876025772431476e-07,0.9068025879114396
2010-05-04,0,0.9808698638439264,0.016172742584837342,0.0023867074833058546,0.0005705405308879709,1.4555704253906546e-07,0.9808698638439264
2010-05-05,0,0.9926541286104289,0.006675915290676803,7.215967780445988e-05,0.0005977076265449066,8.879454534048018e-08,0.9926541286104289
2010-05-06,0,0.6159027823281635,0.009426253554657494,2.1753168436409797e-09,0.3746706214760883,3.404657745333246e-07,0.6159027823281635
2010-05-07,3,0.3679794781887808,0.022171342061102047,1.3247717170438525e-09,0.6098489560155839,2.2240976190425486e-07,0.6098489560155839
2010-05-10,3,0.022986295748757234,0.008144534776765376,1.0003830429028216e-11,0.9688691219171769,4.754729644348255e-08,0.9688691219171769
2010-05-11,3,0.01755356003672128,0.011370182432974453,2.3745128056456027e-11,0.9710762154541462,4.2052412501844744e-08,0.9710762154541462
2010-05-12,3,0.0082446135627713,0.008277680694148724,6.682245884106597e-13,0.9834776618448792,4.3897533130206084e-08,0.9834776618448792
2010-05-13,3,0.013708019381241688,0.011523359075584313,4.936220629713205e-12,0.9747684160016048,2.0553663338866516e-07,0.9747684160016048
2010-05-14,3,0.004376991040262381,0.001513674360358247,8.212411352524595e-14,0.9941093300310946,4.568203006985237e-09,0.9941093300310946
2010-05-17,3,0.004167726592279418,0.0019127834067249327,5.838440265985963e-14,0.9939194855801914,4.4207452277240635e-09,0.9939194855801914
2010-05-18,3,0.026396277859780416,0.0026594439083918618,2.1480780494663245e-11,0.9709441457847512,1.3242559599138484e-07,0.9709441457847512
2010-05-19,3,0.000513196543570592,2.9383080331039997e-05,7.167100842254296e-19,0.9994574161481018,4.227996284340971e-09,0.9994574161481018
2010-05-20,3,0.001334456794196424,4.5307663813565414e-05,4.916850807216272e-20,0.9986202266414429,8.900547769978452e-09,0.9986202266414429
2010-05-21,3,0.0001044043234222474,2.359343710730237e-06,1.3891076646460425e-24,0.9998932353823548,9.505114154974557e-10,0.9998932353823548
2010-05-24,3,4.9622807121755715e-05,4.515548527046235e-06,4.8542520345207545e-25,0.9999458608772711,7.670794423719547e-10,0.9999458608772711
2010-05-25,3,0.00011839637056571335,3.846671809936305e-06,2.7229691250176287e-24,0.9998777548779079,2.079717025037889e-09,0.9998777548779079
2010-05-26,3,0.00014242674719732454,2.8554649704209847e-05,2.817023484112467e-23,0.9998290100660513,8.537046469024533e-09,0.9998290100660513
2010-05-27,3,5.9991994053910924e-05,3.475940007215609e-05,1.371473734797697e-23,0.9999052414284046,7.1774692684046985e-09,0.9999052414284046
2010-05-28,3,7.258202900974912e-05,1.7306111045583986e-05,3.0267640135278763e-25,0.9999101052991644,6.560780569129715e-09,0.9999101052991644
2010-06-01,3,3.689396345787771e-05,1.4418167479154909e-05,1.2898496463424854e-25,0.9999486844822422,3.386821143366143e-09,0.9999486844822422
2010-06-02,3,1.6840655886988507e-06,1.321868809921755e-06,7.3718008121819365e-31,0.9999969940430169,2.2583974097300643e-11,0.9999969940430169
2010-06-03,3,2.607806676273843e-06,3.934634357413386e-06,1.2114601434059534e-28,0.9999934569120309,6.469350435914217e-10,0.9999934569120309
2010-06-04,3,6.917918081195403e-05,3.929385309617149e-06,2.7022129635889063e-26,0.9999268837179008,7.71597790514078e-09,0.9999268837179008
2010-06-07,3,2.527978559309453e-05,8.001392851836388e-07,5.180509415964487e-26,0.9999739158488536,4.226268590252979e-09,0.9999739158488536
2010-06-08,3,0.0004943454053126139,1.816977215146185e-05,1.1671200378901708e-23,0.9994874496241578,3.5198378755654977e-08,0.9994874496241578
2010-06-09,3,2.827373408405985e-05,2.8620145688007893e-07,1.7652694173856123e-27,0.9999714208464605,1.9217998625120297e-08,0.9999714208464605
2010-06-10,3,5.745047606439063e-06,6.869641708007341e-08,3.587915498302002e-29,0.9999941718790877,1.4376888728257942e-08,0.9999941718790877
2010-06-11,3,2.0551423282932435e-06,1.1465715071276933e-08,3.388902194614371e-32,0.9999979325597972,8.321587773848512e-10,0.9999979325597972
2010-06-14,3,5.681006462111096e-07,3.3438803445910047e-09,9.297175877258962e-33,0.9999994270594754,1.4959971101246445e-09,0.9999994270594754
2010-06-15,3,8.263691890697007e-07,5.61706254122438e-09,1.7292451393433276e-29,0.9999991569456609,1.1068087927722376e-08,0.9999991569456609
2010-06-16,3,2.5600660051264038e-08,6.613327384543339e-11,4.3303821491716454e-36,0.9999999741419664,1.9124055966827353e-10,0.9999999741419664
2010-06-17,3,4.3236529045622165e-07,3.664794420611525e-09,3.0001825873819163e-31,0.9999995638642744,1.0564149638561575e-10,0.9999995638642744
2010-06-18,3,7.011884796333722e-09,3.342581906150332e-11,1.3338089271508383e-31,0.9999999929535317,1.1569805516842343e-12,0.9999999929535317
2010-06-21,3,7.087178955955243e-07,6.2905794550380765e-09,6.02714784110669e-27,0.9999992848544358,1.3708951109805525e-10,0.9999992848544358
2010-06-22,3,4.590226825767738e-06,1.3760085204724483e-08,2.425698029967206e-24,0.9999953952559762,7.571123896383155e-10,0.9999953952559762
2010-06-23,3,1.346852820810876e-05,1.679048368324715e-08,1.8706359091250248e-23,0.9999865116853011,2.9960069232737805e-09,0.9999865116853011
2010-06-24,3,2.2901255000612583e-06,2.0889918213937725e-09,5.580414830935598e-26,0.9999977077133108,7.219719082019353e-11,0.9999977077133108
2010-06-25,3,5.507501825710239e-05,7.405090460017506e-08,3.5380731860330394e-22,0.9999448503449728,5.858648454624303e-10,0.9999448503449728
2010-06-28,3,0.0002874173899817259,1.524518724975698e-07,2.4045945389071186e-18,0.9997124144046334,1.5753512808794257e-08,0.9997124144046334
2010-06-29,3,0.0008780983272705659,1.711705681046766e-07,9.752736247432979e-18,0.9991216881143795,4.238778142923932e-08,0.9991216881143795
2010-06-30,3,0.0012758464520786206,2.151668380339653e-07,4.3358402129531795e-18,0.9987239034211797,3.4959904134889e-08,0.9987239034211797
2010-07-01,3,9.416532263827759e-05,1.6139702830906226e-08,4.137654786765607e-24,0.9999057960010492,2.2536609147658138e-08,0.9999057960010492
2010-07-02,3,0.0006781782535664157,2.837605260978407e-07,4.2059095960512824e-22,0.9993210621150187,4.7587088945197406e-07,0.9993210621150187
2010-07-06,3,0.002980398473227749,1.316653260435118e-07,2.263292120810496e-21,0.9970173466281665,2.123233280442474e-06,0.9970173466281665
2010-07-07,3,0.0019716996995548424,1.7490947646443044e-07,3.076896011012865e-21,0.9980249037731926,3.2216177760664094e-06,0.9980249037731926
2010-07-08,3,0.008340174871963084,1.3313819383418148e-06,1.71045943373177e-20,0.9916568597987292,1.6339473695671611e-06,0.9916568597987292
2010-07-09,3,0.007277131402040931,6.3288454053891936e-06,1.4234975275556647e-20,0.9927150253376289,1.5144149249836843e-06,0.9927150253376289
2010-07-12,3,0.015296799671762274,3.5198230586074553e-06,3.636803923814171e-18,0.9846966461149356,3.034390243582373e-06,0.9846966461149356
2010-07-13,3,0.02306090510803448,2.2356442735048425e-05,1.5588280393193056e-15,0.9769128846415088,3.85380772045603e-06,0.9769128846415088
2010-07-14,3,0.010473686530521664,4.679828527406057e-06,7.583082190742467e-18,0.9895194938515486,2.139789402530995e-06,0.9895194938515486
2010-07-15,3,0.01765339357547558,2.4757456379428643e-06,8.260076691130343e-17,0.9823419671501613,2.1635287243196763e-06,0.9823419671501613
2010-07-16,3,0.010115371484135672,1.5203493860684954e-07,1.7966789903979732e-18,0.9898828864794047,1.5900015204398287e-06,0.9898828864794047
2010-07-19,3,0.012145197981696979,2.1617485341517758e-07,3.813293545021481e-18,0.9878525873672682,1.998476180797779e-06,0.9878525873672682
2010-07-20,3,0.0038298880070795536,4.655263301744014e-08,1.2351649947000514e-22,0.9961697958510437,2.6958924388522214e-07,0.9961697958510437
2010-07-21,3,0.006866225899446274,2.960997021428854e-08,9.736593024793646e-22,0.9931334226231336,3.2186745028120363e-07,0.9931334226231336
2010-07-22,3,0.01781694980981589,6.860375440679237e-08,6.891317744752824e-19,0.982182196754588,7.848318416259707e-07,0.982182196754588
2010-07-23,3,0.025040690269707743,1.653632494684624e-07,1.2886994326885115e-18,0.9749580877393563,1.0566276857630974e-06,0.9749580877393563
2010-07-26,3,0.01911417742520779,1.4579521187457204e-07,2.6456676654556634e-20,0.9808849709757744,7.058038056442346e-07,0.9808849709757744
2010-07-27,3,0.010069316496762428,2.509569464011047e-07,3.130627236000912e-20,0.989929333137703,1.099408588341448e-06,0.989929333137703
2010-07-28,3,0.008231205832221573,3.7337263866258636e-08,4.0013551960732046e-20,0.9917681625798612,5.942506541451873e-07,0.9917681625798612
2010-07-29,3,0.016242731148966558,3.808915141543105e-08,5.081030818529808e-18,0.9837564634371196,7.673247624137833e-07,0.9837564634371196
2010-07-30,0,0.9984559378949179,4.3891587844459943e-08,8.931737093496334e-06,0.0015349853871091037,1.0108929095958239e-07,0.9984559378949179
2010-08-02,0,0.9983863874653665,9.155719609994579e-08,6.534580075707404e-06,0.0016067703750746178,2.160222866982453e-07,0.9983863874653665
2010-08-03,0,0.9991165057613869,5.027194856982954e-08,2.581088979140306e-05,0.0008574450671552892,1.88009718419239e-07,0.9991165057613869
2010-08-04,0,0.9989862109399422,9.55651421211674e-08,1.976735571568641e-06,0.0010115484686954717,1.6829064842416776e-07,0.9989862109399422
2010-08-05,0,0.9995089653793642,5.1106677979127664e-08,1.4197327292052445e-06,0.0004894699779387667,9.380328963487541e-08,0.9995089653793642
2010-08-06,0,0.9994848320185064,3.359491729861886e-08,9.196022422848861e-05,0.0004230841913675002,8.997098018993352e-08,0.9994848320185064
2010-08-09,0,0.9994255905972645,4.1854324593752477e-08,3.412957313736243e-05,0.0005400983402303633,1.3963504343460656e-07,0.9994255905972645
2010-08-10,0,0.9992061066307255,2.5741321885324092e-08,2.380962544470419e-06,0.0007913522749416904,1.3439046631692352e-07,0.9992061066307255
2010-08-11,0,0.9972346720991818,1.1247475324018652e-08,3.140807495908439e-08,0.0027651494152655543,1.3583000253970412e-07,0.9972346720991818
2010-08-12,0,0.9589304819840918,1.8107397498328413e-07,1.2955586039094156e-10,0.04106878310698474,5.537053917540687e-07,0.9589304819840918
2010-08-13,0,0.955071744299207,2.012875972811515e-07,1.6470196648383122e-10,0.044927873553114527,1.8069538000072262e-07,0.955071744299207
2010-08-16,0,0.9836209348651789,4.555430228233213e-08,2.6668069940834865e-09,0.01637888656322465,1.3035048799941062e-07,0.9836209348651789
2010-08-17,0,0.9559157785594837,1.589822143245817e-07,2.5026460598237676e-09,0.04408392108142965,1.3887422673545592e-07,0.9559157785594837
2010-08-18,0,0.9444114316285018,1.4979081458527058e-07,1.8201566131496308e-09,0.055588287290445196,1.294700814702067e-07,0.9444114316285018
2010-08-19,0,0.9182124207933111,2.225873532336385e-08,3.6683351006095244e-10,0.08178750266586025,5.391525990009663e-08,0.9182124207933111
2010-08-20,0,0.9673224804196678,4.7230904280089156e-08,1.613658608141767e-08,0.03267736939845611,8.681438591513738e-08,0.9673224804196678
2010-08-23,0,0.9836515525340104,4.8096819449492164e-08,1.1253177111629652e-07,0.016348175219171066,1.1161822747106971e-07,0.9836515525340104
2010-08-24,0,0.9094837822045543,2.631683053992343e-07,2.981884497498083e-08,0.09051585309833421,7.170996107568435e-08,0.9094837822045543
2010-08-25,0,0.9502271748643434,6.256598141058255e-07,1.0844839628672527e-07,0.049772012075184745,7.895226077347648e-08,0.9502271748643434
2010-08-26,0,0.8292364543866552,2.418506740467484e-07,2.6957551242704674e-11,0.17076326750951545,3.622619839546401e-08,0.8292364543866552
2010-08-27,3,0.41089130142683733,3.7309379149833716e-06,7.128235062574336e-14,0.5891049559587754,1.1676401170997442e-08,0.5891049559587754
2010-08-30,0,0.6690460109422639,4.965721783277383e-07,2.504855926325183e-13,0.3309534766487277,1.5836579821720797e-08,0.6690460109422639
2010-08-31,0,0.6693563275461197,6.617077949305493e-07,5.69014951903292e-16,0.3306429675940863,4.315199925622099e-08,0.6693563275461197
2010-09-01,3,0.18884672749969342,1.6618566518516134e-06,5.199759684895452e-19,0.8111516068819818,3.761671989145136e-09,0.8111516068819818
2010-09-02,3,0.2671512953924799,5.735432886136363e-06,7.482001324781192e-18,0.7328429609083154,8.266318114873692e-09,0.7328429609083154
2010-09-03,3,0.1564856363636037,6.493437772477102e-06,3.5761796696996973e-17,0.8435078657808283,4.417795032696424e-09,0.8435078657808283
2010-09-07,3,0.12607105589635445,1.2222444295605995e-06,3.85565339940913e-16,0.8739277208157626,1.043453774040485e-09,0.8739277208157626
2010-09-08,3,0.03477461500286549,9.992469461402828e-07,3.5986112800304114e-18,0.9652243855386432,2.115456428351638e-10,0.9652243855386432
2010-09-09,3,0.05198059376335331,3.0544628304571524e-06,9.323632302819453e-18,0.9480163515402404,2.3357550302862265e-10,0.9480163515402404
2010-09-10,3,0.3833363539506124,0.0001164239510685236,9.919577201486803e-12,0.6165472097165586,1.237184143637547e-08,0.6165472097165586
2010-09-13,3,0.2845243798266731,3.329982972158079e-05,1.40248844863824e-12,0.7154423121498497,8.192352863387798e-09,0.7154423121498497
2010-09-14,0,0.8044924309764873,2.5600126033892563e-05,7.02766361070762e-09,0.19548194501748092,1.6852335056325896e-08,0.8044924309764873
2010-09-15,0,0.8382637673006689,5.8423812828961276e-05,1.5807946954453157e-08,0.16167776993335387,2.314520115865482e-08,0.8382637673006689
2010-09-16,0,0.8676840115294643,0.00012405590036276568,3.299296577239827e-09,0.13219190682603432,2.244484185593828e-08,0.8676840115294643
2010-09-17,0,0.8808713095562054,0.00010156663123258642,3.9670237691506955e-09,0.11902709701144243,2.2834095323097646e-08,0.8808713095562054
2010-09-20,0,0.8589318556667274,7.547683816951596e-05,2.573805519284513e-10,0.1409926386388504,2.8598871916772613e-08,0.8589318556667274
2010-09-21,0,0.9313289915730435,5.791193047538548e-06,6.188633676486459e-12,0.06866517707619331,4.015152761256386e-08,0.9313289915730435
2010-09-22,0,0.9644891693587948,1.0592720362442438e-06,4.151118930261754e-08,0.035509674553096955,5.530488266843988e-08,0.9644891693587948
2010-09-23,0,0.9634190872905282,1.2642966644638724e-06,3.160582053241744e-08,0.036579575892131795,4.091485483713598e-08,0.9634190872905282
2010-09-24,0,0.9497078211085035,3.936511524895234e-06,9.89431263686619e-08,0.05028811005812585,3.337871954011106e-08,0.9497078211085035
2010-09-27,0,0.9650678877917653,5.011344952014123e-07,1.6547299353652532e-07,0.03493142425650947,2.134423603744783e-08,0.9650678877917653
2010-09-28,0,0.9574675005723313,1.8973315692327037e-07,1.61078088474537e-07,0.0425321378290269,1.0787396718269235e-08,0.9574675005723313
2010-09-29,0,0.9771721494932344,5.375048573613726e-08,4.3161655247394005e-05,0.022784625398409315,9.702622867475142e-09,0.9771721494932344
2010-09-30,0,0.9863023109828872,4.6293752056236024e-08,5.8139980046905365e-05,0.01363949002415501,1.271915853176376e-08,0.9863023109828872
2010-10-01,0,0.986472224079461,6.585220671911048e-08,0.0003158538296997659,0.013211837416784026,1.882184825391293e-08,0.986472224079461
2010-10-04,0,0.9901694859445727,2.91436311339711e-08,0.00014561375203661636,0.009684823830664876,4.732909428799316e-08,0.9901694859445727
2010-10-05,0,0.9894235006679433,1.5837633931007385e-08,0.009185880058297048,0.0013896604499871253,9.429861387515181e-07,0.9894235006679433
2010-10-06,0,0.983285464314023,4.341976345944164e-09,0.015669262035536806,0.0010441567095229268,1.112598940806857e-06,0.983285464314023
2010-10-07,0,0.9553362693865552,2.1125855609050643e-09,0.04403334372091395,0.0006296013457908299,7.834341540146005e-07,0.9553362693865552
2010-10-08,0,0.6431001260095166,3.992874811454726e-10,0.3567659265632802,0.00013340518307978512,5.418448356044836e-07,0.6431001260095166
2010-10-11,2,0.45564690497571697,4.155088298329626e-10,0.5442883287158962,6.415287770317546e-05,6.130151753051769e-07,0.5442883287158962
2010-10-12,0,0.8607141399384811,2.7547394131804397e-10,0.1392596149848662,2.6119728145275766e-05,1.2507303316924556e-07,0.8607141399384811
2010-10-13,0,0.9485077256918649,4.72517364715127e-10,0.051362420537847966,0.00012939436941700254,4.5892835199167335e-07,0.9485077256918649
2010-10-14,0,0.9546718360321255,7.885490984240232e-10,0.045151970128704345,0.00017577656811296134,4.164825075589733e-07,0.9546718360321255
2010-10-15,0,0.9061188990854986,1.4724390316004927e-09,0.0937229001826453,0.00015808637901232222,1.128804044641604e-07,0.9061188990854986
2010-10-18,0,0.872230980797929,3.8033262685781806e-10,0.12761780946959744,0.00015106706518620727,1.422869538816487e-07,0.872230980797929
2010-10-19,2,0.09584381631201523,1.213298634739121e-11,0.9041561597707775,2.0636739676069016e-08,3.268334846700585e-09,0.9041561597707775
2010-10-20,2,0.11706188796863491,1.4956945141663284e-11,0.8829380958738303,1.3481505007076122e-08,2.6610729718173964e-09,0.8829380958738303
2010-10-21,2,0.15475522850245083,5.1257342118709475e-11,0.8452447335827865,3.506570853320204e-08,2.797797187309919e-09,0.8452447335827865
2010-10-22,2,0.14484104259006733,6.972250351113736e-11,0.855158931729262,2.383610103902461e-08,1.774847817506027e-09,0.855158931729262
2010-10-25,2,0.12140221130436936,9.503918796994324e-11,0.8785977223927318,6.228856642872485e-08,3.919292413473498e-09,0.8785977223927318
2010-10-26,2,0.15097878896078917,3.056281619530515e-10,0.8490211261266781,8.175069973995619e-08,2.856205094513943e-09,0.8490211261266781
2010-10-27,2,0.15428504773474563,6.874716641449127e-10,0.8457148651273779,8.44024393819428e-08,2.0479645292954065e-09,0.8457148651273779
2010-10-28,2,0.12604678006356698,2.1037983083586476e-10,0.8739531215195967,9.250844910719842e-08,5.69800707214233e-09,0.8739531215195967
2010-10-29,2,0.08574857982252491,9.343923423341167e-11,0.9142511858170221,2.1963304060715478e-07,1.463397321029073e-08,0.9142511858170221
2010-11-01,2,0.07463364303688408,2.452772138934206e-10,0.9253660506368074,2.905493351857672e-07,1.5531696616985336e-08,0.9253660506368074
2010-11-02,2,0.13051424794333097,2.2098375443441388e-10,0.8694837977675642,1.9428754931947807e-06,1.1192628687398466e-08,0.8694837977675642
2010-11-03,2,0.13271155202001197,1.7309625826409988e-09,0.8672315137077949,5.6869342500301504e-05,6.319873010561015e-08,0.8672315137077949
2010-11-04,2,0.018464514786608884,5.135931077995739e-11,0.9815271834817529,7.478998359452491e-06,8.226819191343384e-07,0.9815271834817529
2010-11-05,2,0.013872496063633256,1.1048764534204209e-10,0.9861144133671883,1.1975819662214587e-05,1.1146390289655693e-06,0.9861144133671883
2010-11-08,2,0.016559779741897738,1.6851892313227418e-10,0.9834200546561843,1.908696951534773e-05,1.0784638843606433e-06,0.9834200546561843
2010-11-09,2,0.015436779005228217,1.903373133868619e-09,0.9845400507792307,2.1327395098887266e-05,1.8409170687193585e-06,0.9845400507792307
2010-11-10,2,0.03138390999675737,1.9077841933927512e-09,0.968529841829187,8.498019546414159e-05,1.266070807234504e-06,0.968529841829187
2010-11-11,2,0.04658428926885675,2.034415235697475e-09,0.9533121299119517,0.00010170587075142855,1.8729140254941212e-06,0.9533121299119517
2010-11-12,2,0.0066354923537840635,1.001190888492444e-09,0.9933427710264863,2.084325339427334e-05,8.923651444126189e-07,0.9933427710264863
2010-11-15,2,0.007989516235842702,1.9899359862741753e-08,0.9919842164937154,2.5031934241171845e-05,1.2154368408018745e-06,0.9919842164937154
2010-11-16,2,0.033170944609307085,1.3828165328631242e-08,0.966586801501803,0.0002380900982125861,4.149962511301871e-06,0.966586801501803
2010-11-17,2,0.02561484984396232,2.845546964653791e-08,0.9729426168835106,0.0014357787528165523,6.726064241390377e-06,0.9729426168835106
2010-11-18,2,0.012124937171374013,3.8892081537244925e-08,0.9877823651343574,8.985600597853332e-05,2.8027962086648665e-06,0.9877823651343574
2010-11-19,2,0.01298594271533066,2.0411072034355113e-08,0.9868987984395158,0.00011237710181118188,2.861332269858178e-06,0.9868987984395158
2010-11-22,2,0.019804387732822153,7.4114741262942534e-09,0.9800353024607371,0.0001570798764937917,3.2225184723018675e-06,0.9800353024607371
2010-11-23,2,0.24653862101970397,1.842405849451571e-07,0.7288135716318055,0.024377283519287498,0.00027033958861821453,0.7288135716318055
2010-11-24,0,0.5391854149446403,3.969557670249095e-05,0.3661686033918358,0.09338751111177962,0.0012187749750418402,0.5391854149446403
2010-11-26,0,0.8431369893141625,7.684466599174028e-06,0.03868873477379451,0.11751897053598695,0.0006476209094571676,0.8431369893141625
2010-11-29,0,0.8651010025204268,1.6664423161026098e-06,0.00932514254911502,0.12513924921145747,0.0004329392766842789,0.8651010025204268
2010-11-30,0,0.6750599866433462,5.892271609847722e-06,0.006936312334686711,0.3169315835653687,0.0010662251849877214,0.6750599866433462
2010-12-01,0,0.6388997044532208,0.00012941364580762723,0.001727950616025011,0.3579165461686344,0.0013263851163115602,0.6388997044532208
2010-12-02,0,0.9529295946688793,0.00023991101526337006,0.013462045862346889,0.03287410723356459,0.0004943412199466272,0.9529295946688793
2010-12-03,0,0.9833919640608523,5.146496821533938e-05,4.741900818751722e-07,0.01654364634982897,1.2450431022074412e-05,0.9833919640608523
2010-12-06,0,0.9920524338658456,1.009886129230226e-05,4.656689190346637e-06,0.0079253787439367,7.431839734815927e-06,0.9920524338658456
2010-12-07,0,0.9913783522914948,0.00029443928519726616,5.760513331141669e-06,0.008312924539944602,8.523370032039848e-06,0.9913783522914948
2010-12-08,0,0.9636520339319368,0.0007439212997954966,2.5361359001999904e-05,0.03553724651982799,4.1436889438053185e-05,0.9636520339319368
2010-12-09,0,0.9831471338369522,0.0006880693359589237,2.975903535925584e-05,0.01611342861900672,2.1609172722987825e-05,0.9831471338369522
2010-12-10,0,0.9818927947262829,0.0016472674876393722,4.2812878495171705e-05,0.01639284801503939,2.427689254379854e-05,0.9818927947262829
2010-12-13,0,0.9927033280992781,0.0016474816025965652,0.002304082550200239,0.0033403533358393827,4.75441208617595e-06,0.9927033280992781
2010-12-14,0,0.9753714778366671,0.0180625700798944,0.002517942387129372,0.004040880925696146,7.128770612529182e-06,0.9753714778366671
2010-12-15,0,0.8546376011831928,0.09791516372148056,9.319089205003414e-05,0.04733942920605933,1.4614997217377277e-05,0.8546376011831928
2010-12-16,0,0.8888509344628902,0.026280570548202813,0.0001971341508484365,0.0846517025591424,1.965827891621476e-05,0.8888509344628902
2010-12-17,0,0.8288678961223218,0.003417621250690904,7.393250947856853e-06,0.16770125665350147,5.832722537167963e-06,0.8288678961223218
2010-12-20,0,0.7940635280351088,0.004311284020467194,9.331464349002779e-06,0.20160872446045852,7.132019617032465e-06,0.7940635280351088
2010-12-21,0,0.8007215249123277,0.0030226302900606596,1.1766057123324463e-05,0.19623573239777337,8.346342714061698e-06,0.8007215249123277
2010-12-22,0,0.9735152622322097,0.003144858270606258,0.006443217014013073,0.016888221813361467,8.440669809775653e-06,0.9735152622322097
2010-12-23,0,0.9825854801237016,0.0018584807385987976,0.0047733334765518555,0.010776490501231925,6.215159915560127e-06,0.9825854801237016
2010-12-27,0,0.973961529836591,0.001510783095741118,0.0016605280316374972,0.022864553902321498,2.6051337087428108e-06,0.973961529836591
2010-12-28,0,0.9344592180408091,0.006695827044374494,0.002048107945510028,0.056789035435333104,7.811533973943467e-06,0.9344592180408091
2010-12-29,0,0.8955667167057255,0.00017050295664763237,0.10139132588589363,0.0028701941619432517,1.260289789649238e-06,0.8955667167057255
2010-12-30,0,0.9049853529953474,5.374117310637237e-05,0.08968299150759271,0.005277376040015705,5.382839371625309e-07,0.9049853529953474
2010-12-31,0,0.7753559509267232,1.2198415609100396e-05,0.2211270697436092,0.003504511611644826,2.693024132644631e-07,0.7753559509267232
2011-01-03,0,0.9624702531403166,2.923228210627318e-05,0.017061600457300426,0.020438663583981068,2.505362950896473e-07,0.9624702531403166
2011-01-04,0,0.8034049154346913,2.530335646725102e-05,0.11843355618140736,0.07813574692126393,4.781061708790389e-07,0.8034049154346913
2011-01-05,0,0.7040193188454259,0.0003645131961557266,0.04954784898603678,0.24606744053961258,8.784327685144428e-07,0.7040193188454259
2011-01-06,0,0.9083996358080135,0.0002512922781453681,0.05444069481885979,0.036907990031094524,3.8706388590521674e-07,0.9083996358080135
2011-01-07,0,0.9192982703076403,5.0504690842578113e-05,0.04289564254219917,0.03775536632795532,2.1613136331617578e-07,0.9192982703076403
2011-01-10,0,0.9175207103389573,4.5637631940168777e-05,0.054362982906895424,0.028070502949888932,1.6617231790347014e-07,0.9175207103389573
2011-01-11,0,0.9497978560111274,0.00011316561916049291,0.01554443006390632,0.034544341972880865,2.0633292496089846e-07,0.9497978560111274
2011-01-12,0,0.963962331691183,0.00010858875355770056,0.007224049198554506,0.028704847016910624,1.8333979440376088e-07,0.963962331691183
2011-01-13,0,0.9617374546819085,4.884096587430006e-05,2.9317698172408884e-05,0.03818430872147825,7.793256605174678e-08,0.9617374546819085
2011-01-14,0,0.9035717727825124,0.0001678191740177809,0.0001083148230159362,0.09615165277016695,4.4045028743355406e-07,0.9035717727825124
2011-01-18,0,0.8940650164220945,0.0003541708990286274,0.00023299920160379384,0.105347544879822,2.685974510248359e-07,0.8940650164220945
2011-01-19,0,0.9201106275455615,0.0002469363126114784,0.0010087062839343151,0.07863348313739847,2.467204946399929e-07,0.9201106275455615
2011-01-20,0,0.90613243622179,0.001477340760979588,0.009234065633000164,0.08315548904431036,6.683399195863117e-07,0.90613243622179
2011-01-21,0,0.9096234380117489,0.0007440309435013372,0.003822108610176468,0.0858096375261088,7.849084650927145e-07,0.9096234380117489
2011-01-24,0,0.9139767161500323,0.000721912476350705,0.003726734445670104,0.0815739457696853,6.911582613305953e-07,0.9139767161500323
2011-01-25,0,0.9135429833404493,0.0001997341163789791,0.003832990413022407,0.08242349812421793,7.940059314744798e-07,0.9135429833404493
2011-01-26,0,0.9378797151073933,0.0007554809851157568,0.007462157174230205,0.05390241489996975,2.3183329110814793e-07,0.9378797151073933
2011-01-27,0,0.91581667367706,0.0004941416379453935,0.0009800000676087135,0.0827089164143345,2.682030507808807e-07,0.91581667367706
2011-01-28,3,0.469860624242948,0.00124873520398782,8.102310119165454e-08,0.5288904049973449,1.545326188229062e-07,0.5288904049973449
2011-01-31,3,0.31479640876403936,0.004125097254307105,1.2864999247971381e-08,0.6810777886450028,6.924716508233917e-07,0.6810777886450028
2011-02-01,3,0.32568669130789224,0.015927894919153182,2.5690741267886146e-07,0.6583840695168667,1.0873486746298496e-06,0.6583840695168667
2011-02-02,3,0.4251833367618395,0.016668503442513204,1.0671629672217192e-11,0.5581481247474288,3.503754701719643e-08,0.5581481247474288
2011-02-03,3,0.11459094497681752,0.01719632592045635,2.7147566267054677e-16,0.8682126405521183,8.85506075625436e-08,0.8682126405521183
2011-02-04,3,0.08122663917196096,0.05490274597666763,1.160023831766995e-16,0.8638705361336746,7.87176970145665e-08,0.8638705361336746
2011-02-07,3,0.07512310287385243,0.06109863704586111,4.5230553332605205e-17,0.8637781911557241,6.892456146958599e-08,0.8637781911557241
2011-02-08,3,0.05456499888553303,0.19668283317372573,5.771185806447533e-17,0.7487520550364,1.1290434104716233e-07,0.7487520550364
2011-02-09,3,0.13411991772801102,0.11909504223169805,3.760859054605755e-16,0.7467849077624205,1.3227787086132728e-07,0.7467849077624205
2011-02-10,3,0.09016662978179628,0.26553257420738635,7.62921898159035e-17,0.6443006559650732,1.4004574365529563e-07,0.6443006559650732
2011-02-11,3,0.09051039363747004,0.12238179970885288,7.71483726610048e-18,0.7871076812648147,1.2538886242930773e-07,0.7871076812648147
2011-02-14,3,0.10585080557003246,0.06213969006403919,4.734565642736741e-20,0.8320094950481148,9.317813225852042e-09,0.8320094950481148
2011-02-15,3,0.08721117085891758,0.062454662946020686,1.2812436130971484e-20,0.8503341576517042,8.543356915888755e-09,0.8503341576517042
2011-02-16,3,0.09292210486648102,0.05515660730126435,1.9949832672053197e-20,0.8519212794482878,8.383967152118804e-09,0.8519212794482878
2011-02-17,3,0.035690033756363836,0.019232442621061233,4.4891666204077455e-24,0.9450775232954947,3.270809433008017e-10,0.9450775232954947
2011-02-18,3,0.05543001731055562,0.03922354912994625,2.6958763298779427e-22,0.9053464332669369,2.9256132984231916e-10,0.9053464332669369
2011-02-22,3,0.00018357903630792253,0.00031946618456338646,3.4990895519297824e-26,0.999496954275573,5.035564095707369e-10,0.999496954275573
2011-02-23,3,2.896030717166098e-05,5.90239944722481e-05,5.126422243023446e-24,0.9999120150334686,6.648876583261523e-10,0.9999120150334686
2011-02-24,3,4.604277383752549e-05,7.230544364683983e-05,1.7322320339031865e-24,0.9998816513197629,4.6275271734186746e-10,0.9998816513197629
2011-02-25,3,0.00010125606848991116,0.00013077562081178763,5.075271796704964e-21,0.9997679675952758,7.154230181594221e-10,0.9997679675952758
2011-02-28,3,0.013565458531797447,0.009239889447819557,1.050016952013521e-15,0.9771946381772059,1.3843175890504418e-08,0.9771946381772059
2011-03-01,3,0.005815507190552712,0.004996442109100461,1.6415508635241072e-16,0.9891880498689614,8.313861656033872e-10,0.9891880498689614
2011-03-02,3,0.002032486693012816,0.002234947554752943,8.708824698282398e-16,0.9957325649187805,8.334528616047875e-10,0.9957325649187805
2011-03-03,3,0.0002990109323600092,0.0011759522580858848,4.0537739686469824e-19,0.9985250365373702,2.721834564072401e-10,0.9985250365373702
2011-03-04,3,0.0014283581700259462,0.0017868360770547662,1.3012734076276258e-13,0.9967848055349964,2.177929615150523e-10,0.9967848055349964
2011-03-07,3,0.00045850878743070066,0.0005008859101845613,7.18253965817101e-16,0.9990406050516427,2.507419668022366e-10,0.9990406050516427
2011-03-08,3,0.0009606807384310543,0.0013468441948875408,3.874667379381057e-13,0.9976924745770527,4.892408183459574e-10,0.9976924745770527
2011-03-09,3,0.0010181697150119413,0.0004379775288276396,4.989208963032143e-14,0.9985438526593094,9.680042712918462e-11,0.9985438526593094
2011-03-10,3,0.024525840199761298,0.002310934720278777,2.6066700522120504e-07,0.9731629612729726,3.139981714098476e-09,0.9731629612729726
2011-03-11,3,0.03159630831250671,0.0032431909941256385,1.5463436009524471e-07,0.9651603414709805,4.588027561678606e-09,0.9651603414709805
2011-03-14,3,0.02082655432352818,0.0008823612878388466,1.2759933201955337e-08,0.9782910665285668,5.100133644144264e-09,0.9782910665285668
2011-03-15,3,0.0721187920143998,0.0004865234341779429,2.1465303150413872e-08,0.9273943865695234,2.7651659515931035e-07,0.9273943865695234
2011-03-16,3,0.048899983553861305,3.979891186606726e-05,3.531569469574989e-09,0.9510600178052007,1.961975016513011e-07,0.9510600178052007
2011-03-17,3,0.06896544276921557,8.260214107694271e-05,1.1871565289320228e-07,0.9309509936201723,8.427538831980271e-07,0.9309509936201723
2011-03-18,3,0.1354693837862654,0.0003541867424344441,3.9131027779048955e-07,0.8641746604216768,1.3777393451290508e-06,0.8641746604216768
2011-03-21,3,0.21732289982438513,0.0008975676086818498,2.525759488364392e-06,0.7817728777861055,4.129021339697178e-06,0.7817728777861055
2011-03-22,0,0.9857194297586751,0.0006730398448432594,0.00039441198124278353,0.013213042938025823,7.547721217891227e-08,0.9857194297586751
2011-03-23,0,0.9745248350878891,0.0005599451232167288,4.096633875854776e-06,0.024911059990314174,6.3164704438616e-08,0.9745248350878891
2011-03-24,0,0.9730959678824741,0.0009425619934415436,3.473424824973541e-06,0.025957944390980026,5.2308279314264973e-08,0.9730959678824741
2011-03-25,0,0.9858375706977093,0.001350966850758853,1.3270700401411538e-05,0.012798153984585612,3.7766544578860725e-08,0.9858375706977093
2011-03-28,0,0.990148215902919,0.0011285319847148497,1.5108797501592767e-05,0.008708113014523589,3.030034164485361e-08,0.990148215902919
2011-03-29,0,0.9975394968331108,0.0009312421172818474,0.0006219802070743215,0.0009072686872960797,1.2155236682885962e-08,0.9975394968331108
2011-03-30,0,0.997345762609867,0.0006891666730621204,0.0004214328294433838,0.0015436184870910405,1.9400536548646514e-08,0.997345762609867
2011-03-31,0,0.9837408076137635,0.0004649559643776911,0.015736611189910876,5.76195039443142e-05,5.728003100624931e-09,0.9837408076137635
2011-04-01,0,0.982125923927789,0.0005381852190334509,0.017237495234130852,9.838293695969646e-05,1.2682087229976826e-08,0.982125923927789
2011-04-04,0,0.9756436695021633,0.0003827567991945354,0.02391593135208192,5.7629728373412535e-05,1.2618186169015408e-08,0.9756436695021633
2011-04-05,0,0.979166579534584,0.0025110404489425285,0.018268213417757414,5.4078562451132984e-05,8.80362649350912e-08,0.979166579534584
2011-04-06,0,0.9697794194464863,0.005049323949560506,0.025126374062176805,4.479319752663491e-05,8.934424976262381e-08,0.9697794194464863
2011-04-07,0,0.9762964218878226,0.02279278997498308,0.0006475464657297095,0.0002628196397424388,4.22031721713442e-07,0.9762964218878226
2011-04-08,0,0.9912395667641353,0.006392403254089734,0.0022256506706492545,0.0001423033374308584,7.597369491574516e-08,0.9912395667641353
2011-04-11,0,0.9903496329860813,0.007354225791203258,0.0021427622901211197,0.00015333308201655584,4.5850577086200954e-08,0.9903496329860813
2011-04-12,0,0.9868170170452853,0.009751434530965528,0.0012021702576630055,0.0022293413555894096,3.681049722552671e-08,0.9868170170452853
2011-04-13,0,0.9895097297273328,0.005893650124007337,0.0037043053147452613,0.0008922715164695191,4.3317445026778155e-08,0.9895097297273328
2011-04-14,0,0.9882237266197825,0.005371321205215729,0.003351086242102587,0.0030538101351971257,5.579770187415828e-08,0.9882237266197825
2011-04-15,0,0.9928034427041318,0.00191571730841481,0.00013098935887704917,0.0051498030188417716,4.76097343849801e-08,0.9928034427041318
2011-04-18,0,0.9877976056648808,0.0025512697473578324,1.5473502067039998e-06,0.009649553546043984,2.3691510232225366e-08,0.9877976056648808
2011-04-19,0,0.9887825796114585,0.0016609239537591241,5.245617023288814e-07,0.009555955122231938,1.6750848824127714e-08,0.9887825796114585
2011-04-20,0,0.9885459787290042,0.0037592218699797827,1.0143262471977742e-05,0.007684627106770453,2.903177399647358e-08,0.9885459787290042
2011-04-21,0,0.9908289815969518,0.004291536106508255,2.444197328256892e-05,0.004855000355541192,3.996771556830098e-08,0.9908289815969518
2011-04-25,0,0.9828647935461485,0.00325388446732168,6.470701558713657e-08,0.013881227398749495,2.988076492658431e-08,0.9828647935461485
2011-04-26,0,0.9436254059301692,0.0020930141122304084,3.339222094294652e-08,0.05428151837811252,2.8187267072262017e-08,0.9436254059301692
2011-04-27,0,0.9662832265290959,0.0048349473935406125,4.4405448909349165e-08,0.028881745669608484,3.600230561725764e-08,0.9662832265290959
2011-04-28,0,0.9838123385597753,0.0028036177114019348,6.807950423702295e-07,0.013383303935943275,5.8997837712154426e-08,0.9838123385597753
2011-04-29,0,0.976965904427761,0.002712554580570469,7.248315403526437e-07,0.02032074113219482,7.502793392274086e-08,0.976965904427761
2011-05-02,0,0.9924801494041465,0.001770527040507051,2.4058963992787687e-07,0.00574905006213474,3.2903571485587995e-08,0.9924801494041465
2011-05-03,0,0.9990603383152054,0.00042315182072151503,1.951271972769979e-05,0.0004969656846867574,3.145965906341175e-08,0.9990603383152054
2011-05-04,0,0.9995944562483059,6.62459394219373e-05,1.179702975404494e-05,0.000327482609036612,1.8173482066652882e-08,0.9995944562483059
2011-05-05,0,0.946955043264108,4.4318289419023034e-05,0.05299990980483013,6.850658508600893e-07,4.357579222172409e-08,0.946955043264108
2011-05-06,0,0.9970430112441041,4.4327453849514744e-05,0.002910786204981228,1.719883343465536e-06,1.5521372179777237e-07,0.9970430112441041
2011-05-09,0,0.9994099449721937,5.0744713498930566e-05,0.0005378481166968807,1.2763960569589267e-06,1.8580155402165253e-07,0.9994099449721937
2011-05-10,0,0.997391998719684,0.00010383619197913867,0.002503780366460544,2.037319649172502e-07,1.809899118477186e-07,0.997391998719684
2011-05-11,0,0.9877262529496378,5.103987601979753e-05,0.012222484962173688,1.8403234482350503e-08,2.0380893442476812e-07,0.9877262529496378
2011-05-12,0,0.9859560372724816,0.0001286931015268394,0.013915032119705108,1.702383710516743e-08,2.204824490182805e-07,0.9859560372724816
2011-05-13,0,0.9946637646321728,6.490777103293764e-05,0.005271094856188714,4.29095514308244e-08,1.8983105450202342e-07,0.9946637646321728
2011-05-16,0,0.9986818146850951,3.214004297971028e-05,0.0012857674861635393,9.725311049391021e-08,1.8053265160258959e-07,0.9986818146850951
2011-05-17,0,0.9940547772784144,1.6083662778924237e-05,0.005929022210685691,4.0844107988849135e-08,7.600401263037803e-08,0.9940547772784144
2011-05-18,0,0.9948790545381947,2.5350058318410918e-05,0.005095499634469352,1.7339434472418806e-08,7.842958372756818e-08,0.9948790545381947
2011-05-19,0,0.9983274469077993,1.7114867675849422e-05,0.001655323716100775,4.516588879984293e-08,6.934253535147217e-08,0.9983274469077993
2011-05-20,0,0.99871776601013,4.5151362811007774e-05,0.0012352522711576361,1.6009926141804274e-06,2.2936328748242552e-07,0.99871776601013
2011-05-23,0,0.9997983674453882,3.548843809074358e-05,0.00016318355866309873,2.542902005170838e-06,4.176558531550583e-07,0.9997983674453882
2011-05-24,0,0.9993960044950558,3.391305102421598e-05,0.0005687258830311939,9.996093731833893e-07,3.5696151575369487e-07,0.9993960044950558
2011-05-25,0,0.9997046126115632,3.700427047168978e-05,0.00025631830889715575,1.7477308464609419e-06,3.1707822088588935e-07,0.9997046126115632
2011-05-26,0,0.9999561832815916,1.4648600315660127e-05,1.8367945455556173e-05,1.046269937497452e-05,3.374732613574195e-07,0.9999561832815916
2011-05-27,0,0.9999742979059023,9.416616537488546e-06,1.0131697165812852e-05,6.021743284223565e-06,1.3203711034560054e-07,0.9999742979059023
2011-05-31,0,0.9999737769023864,8.55902913927513e-06,1.2520842595005623e-05,4.973586418510314e-06,1.696394615508007e-07,0.9999737769023864
2011-06-01,0,0.9999387470402541,9.870031024737164e-06,1.3894559483135786e-05,3.719588027754757e-05,2.9248895994113145e-07,0.9999387470402541
2011-06-02,0,0.999899036430336,3.205998557497422e-05,3.934894078536447e-05,2.9418347888375444e-05,1.3629541485181785e-07,0.999899036430336
2011-06-03,0,0.99027146100529,0.0001751010626361104,6.664805449934786e-09,0.009553296996249676,1.3427101820246243e-07,0.99027146100529
2011-06-06,0,0.9949194492993392,9.573671779489215e-05,2.5729902368006085e-07,0.004984493514164335,6.316967764526633e-08,0.9949194492993392
2011-06-07,0,0.9939266541611436,3.786163405388934e-05,4.820877245880375e-08,0.006035422429995695,1.3566034339127674e-08,0.9939266541611436
2011-06-08,0,0.9863186831358455,3.158805285065003e-05,6.604790955544123e-08,0.013649644810594632,1.795280008127364e-08,0.9863186831358455
2011-06-09,0,0.8730980110730449,0.00010764309389212172,2.700163945046277e-12,0.1267942683085747,7.752178874204866e-08,0.8730980110730449
2011-06-10,0,0.9669403854050515,2.6388565297199122e-05,6.82545145227627e-09,0.03303318835767381,3.0846526258517486e-08,0.9669403854050515
2011-06-13,0,0.8348720735623563,2.6228575637891913e-05,8.399416042616501e-14,0.1651016861305959,1.1731326458616166e-08,0.8348720735623563
2011-06-14,0,0.8962544174116048,0.00010318790902696514,2.160108711707439e-12,0.10364238023018944,1.4447018735718881e-08,0.8962544174116048
2011-06-15,0,0.9582793701643733,5.143215046801187e-05,1.1070438827318113e-11,0.04166917986841309,1.780567498646543e-08,0.9582793701643733
2011-06-16,0,0.9043875585982124,1.7957429051673334e-05,7.725265005704888e-12,0.09559447650159596,7.463414277858188e-09,0.9043875585982124
2011-06-17,0,0.9651305764627912,7.405422052503937e-05,1.1502118884128293e-09,0.03479534906193866,1.910453260432491e-08,0.9651305764627912
2011-06-20,0,0.992096001608021,0.00011576490972144071,1.7003574761745753e-08,0.007788145321577791,7.115710455415327e-08,0.992096001608021
2011-06-21,0,0.9969174427037055,0.00013060025985396157,1.1056675963739609e-06,0.0029507728979055506,7.847093903010103e-08,0.9969174427037055
2011-06-22,0,0.9954466561351101,0.0001769749579149614,1.459802236005207e-07,0.004376138150764001,8.477598710985137e-08,0.9954466561351101
2011-06-23,0,0.9994530751028933,2.9877210013461473e-06,0.0001068947253675827,0.00043700902477218596,3.342596537745381e-08,0.9994530751028933
2011-06-24,0,0.9995414932875546,2.089690093935017e-06,0.0002266495917031511,0.00022965950917437286,1.0792147433351858e-07,0.9995414932875546
2011-06-27,0,0.9993703916661335,5.151596644833471e-06,1.3897127889201719e-05,0.000610417846185492,1.4176314666921826e-07,0.9993703916661335
2011-06-28,0,0.9995503631496316,2.5974557373334538e-05,1.987906329228802e-05,0.0004036614878797245,1.2174182268707755e-07,0.9995503631496316
2011-06-29,0,0.999676201596507,2.4352457527689265e-05,0.00028330337909028086,1.609923193199791e-05,4.333494301583063e-08,0.999676201596507
2011-06-30,0,0.9995835774991736,5.507706043029322e-05,0.0003448314562467525,1.6470120850935866e-05,4.386329820320075e-08,0.9995835774991736
2011-07-01,0,0.999741057555838,9.285561640744983e-05,4.736663828712203e-05,0.00011861347867788333,1.067107892552307e-07,0.999741057555838
2011-07-05,0,0.9992704834694591,3.9629658873734e-05,3.6547788838722846e-06,0.000686034259245877,1.978335373567909e-07,0.9992704834694591
2011-07-06,0,0.9986253413829652,3.633325313822496e-05,9.362726405830545e-07,0.0013370246584526835,3.6443280338013763e-07,0.9986253413829652
2011-07-07,0,0.9989079240672217,6.584690084054778e-05,6.656700410627999e-07,0.0010252782163824826,2.8514551414387677e-07,0.9989079240672217
2011-07-08,0,0.9986614478051956,1.9306975833118078e-05,3.1728602846458396e-07,0.0013183955093723475,5.324235701579684e-07,0.9986614478051956
2011-07-11,0,0.9867895733014109,8.892730967280224e-06,4.0282389199651305e-09,0.013201001071839746,5.28867542848966e-07,0.9867895733014109
2011-07-12,0,0.9872028291718707,1.312852579069599e-05,2.5365617895751655e-07,0.012783181493526037,6.0715263336386e-07,0.9872028291718707
2011-07-13,0,0.9916444501466426,1.665233457968199e-05,1.4490233180659088e-05,0.008323574313974385,8.329716229144725e-07,0.9916444501466426
2011-07-14,0,0.9892352176908663,2.203451860884554e-05,5.82635454947987e-05,0.010683824988056026,6.592569738072555e-07,0.9892352176908663
2011-07-15,0,0.9878703266935936,1.3213212845604782e-05,6.662571788005975e-05,0.012049016371495967,8.180041845230849e-07,0.9878703266935936
2011-07-18,0,0.9805499829821428,9.05653312737729e-06,9.139594492877696e-06,0.01943106990691322,7.50983323607214e-07,0.9805499829821428
2011-07-19,0,0.9666823757795588,7.254061380938706e-06,5.7737976199910375e-06,0.03330349775521596,1.098606224666555e-06,0.9666823757795588
2011-07-20,0,0.9361037893740889,1.1368977354276902e-05,1.0016528308356165e-06,0.06388239377827758,1.446217448228996e-06,0.9361037893740889
2011-07-21,0,0.7375717988950367,2.257862442903304e-05,1.2909200338103965e-08,0.2624040734601786,1.536111154661405e-06,0.7375717988950367
2011-07-22,3,0.026848849215674382,3.50998965742489e-07,6.5602624091327835e-18,0.9731507918549168,7.930442562982004e-09,0.9731507918549168
2011-07-25,3,0.0016183801710043454,8.639434143529687e-08,1.4302176559204797e-23,0.9983815334136096,2.104513201397376e-11,0.9983815334136096
2011-07-26,3,0.0020711125102974588,6.068110573294118e-08,1.6999976116316194e-22,0.997928826777829,3.07670943692245e-11,0.997928826777829
2011-07-27,3,0.016164128907678384,8.728746049393918e-07,4.435799218470704e-19,0.9838349980222112,1.9550578767297795e-10,0.9838349980222112
2011-07-28,3,0.019236711876348064,4.677997952093421e-07,1.436717727963581e-19,0.9807628202314976,9.235983744621313e-11,0.9807628202314976
2011-07-29,3,0.07453907899431275,9.002112998731112e-07,2.0813158312316398e-16,0.9254600204952291,2.9915867870605956e-10,0.9254600204952291
2011-08-01,3,0.11487888177977858,7.059236510102464e-07,1.4469453331907714e-15,0.8851204120833446,2.132245949360965e-10,0.8851204120833446
2011-08-02,3,0.02562965272294958,3.5826525858064285e-08,6.968335775328027e-17,0.9743703114452033,5.3218509424131605e-12,0.9743703114452033
2011-08-03,3,0.13699000638915002,4.415844462093961e-07,1.1121575620690837e-13,0.863009551861865,1.6442755223545384e-10,0.863009551861865
2011-08-04,0,0.8925965625187181,2.511761973500126e-07,8.236585527483352e-09,0.10740306870952282,1.0935897707693377e-07,0.8925965625187181
2011-08-05,0,0.8421640493866744,6.492279098609286e-07,8.337345130093795e-10,0.15783525115392547,4.939775506721978e-08,0.8421640493866744
2011-08-08,3,1.2488755268687289e-05,1.4016392662494014e-10,4.285552669362629e-22,0.9999875111043237,2.4361719038416056e-13,0.9999875111043237
2011-08-09,3,7.331140087087617e-06,6.038071983750131e-12,1.0823721886903892e-24,0.9999926688522349,1.6407077705975957e-12,0.9999926688522349
2011-08-10,3,2.4315487327131872e-05,2.6664491214381303e-11,1.8646121044187424e-20,0.9999756844302236,5.578457518079001e-11,0.9999756844302236
2011-08-11,3,2.1949441572951803e-06,2.0300702039796206e-10,4.719311513509322e-22,0.9999978048066456,4.6190908504448495e-11,0.9999978048066456
2011-08-12,3,3.2862645249621746e-06,4.2035482483797384e-11,8.48870202186937e-22,0.9999967136421066,5.133337623201418e-11,0.9999967136421066
2011-08-15,3,4.88892779432055e-06,1.2980211846971953e-10,1.258027542316847e-19,0.9999951106236223,3.187815797599958e-10,0.9999951106236223
2011-08-16,3,2.205255545319204e-06,4.2559851277393006e-11,2.827713910577861e-20,0.9999977945304563,1.7143914291776724e-10,0.9999977945304563
2011-08-17,3,3.559678469421368e-06,3.4960372696975304e-11,2.2716751032976345e-19,0.9999964400106537,2.7591730521715394e-10,0.9999964400106537
2011-08-18,3,4.09973610976143e-07,7.149821563187402e-12,1.7719719601508989e-22,0.999999589910218,1.0902051852809025e-10,0.999999589910218
2011-08-19,3,2.8082362006242553e-07,6.564805355153432e-12,5.987538282902569e-22,0.9999997189703564,1.994587326839277e-10,0.9999997189703564
2011-08-22,3,2.131590448854179e-07,2.088997436645801e-11,7.188824548256387e-20,0.9999997843224017,2.4976635946189016e-09,0.9999997843224017
2011-08-23,3,2.018787494461401e-08,6.914020859958532e-12,3.6595808162954166e-21,0.9999999792302445,5.749670886878309e-10,0.9999999792302445
2011-08-24,3,1.3906726376530047e-13,7.112600593495057e-13,1.2451514658534315e-17,0.9999966394040596,3.3605950906853583e-06,0.9999966394040596
2011-08-25,3,1.446349473450928e-13,3.9243133350534973e-13,1.2136150844344323e-17,0.9999969237208144,3.0762786494062417e-06,0.9999969237208144
2011-08-26,3,1.1253999356987128e-13,2.9713194930808395e-13,2.2200778750807802e-16,0.9999906854470385,9.314552551470842e-06,0.9999906854470385
2011-08-29,3,3.894927637227198e-14,4.593375313397607e-13,5.230781060495775e-17,0.9999952750693913,4.724930109741027e-06,0.9999952750693913
2011-08-30,3,2.625800120860724e-14,6.430123881583665e-14,1.0021086887751643e-15,0.9999842688751526,1.5731124756481783e-05,0.9999842688751526
2011-08-31,3,3.255091180469843e-14,4.6781662316883584e-14,3.8204472208657446e-15,0.9999887548601792,1.1245139737020745e-05,0.9999887548601792
2011-09-01,3,1.3116453000853167e-14,2.647172898264134e-15,5.830173744645683e-15,0.9999972237695659,2.776230412608375e-06,0.9999972237695659
2011-09-02,3,3.4049912820499574e-16,1.208020724783864e-16,5.050672228995871e-17,0.9999996528097038,3.471902954396794e-07,0.9999996528097038
2011-09-06,3,7.278383447353254e-11,1.6418059705428673e-15,7.748746944359656e-09,0.9998403648354122,0.00015962734305494773,0.9998403648354122
2011-09-07,3,1.833718489612895e-14,5.696099330756263e-19,1.998103083147607e-11,0.9999710589761189,2.8941003881814506e-05,0.9999710589761189
2011-09-08,3,4.368668206292798e-15,7.639400495479749e-20,3.928837573563679e-15,0.9999996397128302,3.6028716145990954e-07,0.9999996397128302
2011-09-09,3,1.5246790038732177e-13,5.723732536269657e-19,2.4408315903754593e-14,0.9999998083495983,1.9165022487011443e-07,0.9999998083495983
2011-09-12,3,1.3753717033566668e-14,1.9604706647954437e-19,2.8238667847513855e-13,0.9999985800597626,1.4199399412977474e-06,0.9999985800597626
2011-09-13,3,1.0936936593648406e-14,1.078854048515511e-18,2.0382994617556805e-13,0.9999986433968715,1.3566029134215428e-06,0.9999986433968715
2011-09-14,3,6.364681979819757e-14,2.071689869376054e-18,1.3671855512821806e-12,0.999995183502042,4.8164965271313496e-06,0.999995183502042
2011-09-15,3,1.0463684717225452e-15,3.8603951793201698e-19,7.562623413797201e-14,0.9999872625371373,1.2737462785761229e-05,0.9999872625371373
2011-09-16,3,1.812925631062527e-15,4.112136901679311e-20,9.292702258828029e-12,0.9999687616072571,3.1238383448677834e-05,0.9999687616072571
2011-09-19,3,1.1925751189873758e-14,1.753000652010276e-21,1.1038256862905238e-09,0.9995614256249081,0.0004385732712556656,0.9995614256249081
2011-09-20,3,2.573401696613918e-14,3.892860251669355e-21,1.0016370967979782e-09,0.9996861052675378,0.00031389373079986353,0.9996861052675378
2011-09-21,3,2.220752200730508e-13,6.116610611957004e-21,2.886734239884457e-09,0.9998583203751104,0.0001416767379340693,0.9998583203751104
2011-09-22,3,9.769816778014141e-07,5.4677613150281035e-18,0.0001935701625194875,0.9965275680805975,0.0032778847752050434,0.9965275680805975
2011-09-23,3,7.289674842897525e-14,7.822878472492447e-21,0.0007783179121783222,0.7380493982725073,0.26117228381524327,0.7380493982725073
2011-09-26,4,1.1323997046103566e-15,1.228067170735592e-21,1.209470524350234e-05,0.20841008454375423,0.7915778207509998,0.7915778207509998
2011-09-27,4,8.951599534258733e-18,1.6100014078351565e-20,0.016957695395072407,0.013700957981472502,0.9693413466234547,0.9693413466234547
2011-09-28,4,1.223530825934925e-17,7.3548024464468e-21,0.008901764543422957,0.003106201870093394,0.9879920335864831,0.9879920335864831
2011-09-29,4,1.4522751745236877e-17,1.8364908909423166e-21,0.014047232007936733,0.0035287900422198985,0.982423977949845,0.982423977949845
2011-09-30,4,8.78853951684622e-18,2.3684707682254843e-21,0.0009147114093523714,0.003429501797128421,0.99565578679352,0.99565578679352
2011-10-03,4,3.296197460819052e-17,2.968506302810104e-23,0.0005768037807736218,0.006705147623376275,0.9927180485958504,0.9927180485958504
2011-10-04,4,4.925902763199716e-19,1.9237029970458e-24,0.0002675050959714031,0.00039161016427834535,0.9993408847397488,0.9993408847397488
2011-10-05,4,4.763272802725506e-16,5.284169655611097e-21,0.12375737704472929,0.000601115833455399,0.8756415071218138,0.8756415071218138
2011-10-06,2,4.177166150202307e-15,3.1680989957856547e-20,0.7211580080063237,0.00016871291787907332,0.2786732790757925,0.7211580080063237
2011-10-07,2,8.858415945167429e-16,2.7297718021316344e-20,0.9393484529429232,3.4906217895051334e-05,0.06061664083917908,0.9393484529429232
2011-10-10,2,3.294656611577297e-15,1.0495175973830746e-19,0.9846004638345971,8.399631024819456e-06,0.015391136534374576,0.9846004638345971
2011-10-11,2,3.63917831790242e-15,8.2089633529419765e-19,0.9761378938570333,1.2679640237811013e-05,0.02384942650272522,0.9761378938570333
2011-10-12,2,1.3236231768044785e-15,3.653749410043421e-18,0.9828938980832816,8.415293246075819e-06,0.017097686623471067,0.9828938980832816
2011-10-13,2,5.00179899913691e-14,9.6955095629437e-18,0.9939790751811097,2.9622087648031594e-06,0.006017962610075168,0.9939790751811097
2011-10-14,2,6.006205668845259e-14,5.8048909260184245e-18,0.999320068571763,5.827641970483933e-07,0.0006793486639793858,0.999320068571763
2011-10-17,2,2.592775843909524e-13,2.3398616185573e-18,0.9988853763692032,1.9025440668084783e-06,0.0011127210864706836,0.9988853763692032
2011-10-18,2,2.036551583979579e-13,6.4334992676217535e-19,0.9988930845642858,5.165240279669479e-06,0.0011017501952310979,0.9988930845642858
2011-10-19,2,2.9231870443404666e-13,1.3487912219376992e-18,0.9988416280577601,5.464033347192777e-06,0.0011529079086008813,0.9988416280577601
2011-10-20,2,6.937158731428686e-12,5.447292308722416e-18,0.9959083640094972,0.0002504081971953572,0.0038412277863704276,0.9959083640094972
2011-10-21,2,1.738125342300609e-05,2.646171072633171e-14,0.9998200622636135,5.972922339884831e-05,0.00010282725953834147,0.9998200622636135
2011-10-24,2,0.00020239118032439274,1.5440001091613867e-13,0.9996977699440888,1.0459041982997952e-05,8.937983344989323e-05,0.9996977699440888
2011-10-25,2,0.016779564586397826,1.1201024603925836e-12,0.95534964702647,0.023932182438785383,0.003938605947227304,0.95534964702647
2011-10-26,3,0.060805977592501524,2.6774831280387106e-10,0.31122587163535814,0.6079007323740573,0.02006741813033445,0.6079007323740573
2011-10-27,2,0.020219373489494347,8.884830346810002e-09,0.7831390933936098,0.14495642004047332,0.05168510419159251,0.7831390933936098
2011-10-28,2,0.00922904170258901,1.762651690335779e-10,0.9269169165531902,0.04694646598971909,0.01690757557823633,0.9269169165531902
2011-10-31,2,0.0020230440045856963,3.4632475465550563e-14,0.9979231137946796,3.731363853558952e-05,1.652856216513269e-05,0.9979231137946796
2011-11-01,2,0.012603232354888047,2.0030085849260818e-15,0.987387350044483,2.282575339487612e-06,7.1350252879455905e-06,0.987387350044483
2011-11-02,2,0.018784415099902186,4.643243164477819e-15,0.9812086058556042,4.174306385850672e-06,2.8047381024248844e-06,0.9812086058556042
2011-11-03,2,0.00450874672243444,1.0699310187106363e-14,0.9954870422156483,1.1858284878473201e-06,3.0252334178174447e-06,0.9954870422156483
2011-11-04,2,0.004635430973525306,7.606380515582299e-15,0.9953616688227881,6.287553877096497e-07,2.2714482910329287e-06,0.9953616688227881
2011-11-07,2,0.0083927306198958,4.541580469467756e-15,0.9915954133059465,6.357718304046446e-06,5.4983558495938616e-06,0.9915954133059465
2011-11-08,2,0.007409771460261458,3.3639052590261944e-14,0.9925790455379405,3.7460965749097977e-06,7.436905189091962e-06,0.9925790455379405
2011-11-09,2,0.013173878662487723,1.1507950874084087e-15,0.986819832138997,3.673911442953898e-06,2.6152870714495377e-06,0.986819832138997
2011-11-10,2,0.03665971514029892,9.133403779558736e-14,0.9625809141861779,0.0006484792291815834,0.00011089144424962733,0.9625809141861779
2011-11-11,2,0.014005002321898241,6.951015468216417e-14,0.9857072290592787,0.00022421302485065833,6.355559390364767e-05,0.9857072290592787
2011-11-14,2,0.012733414430885081,4.591019596119097e-14,0.9869976107624585,0.00021533009272502735,5.364471388495161e-05,0.9869976107624585
2011-11-15,2,0.007124988942503074,2.1908107696706583e-14,0.9928580037598009,7.8613403486201e-06,9.145957325279489e-06,0.9928580037598009
2011-11-16,2,0.013643952126533096,1.7127095582338797e-14,0.9862479004740367,5.529811509184952e-05,5.284928432099992e-05,0.9862479004740367
2011-11-17,2,0.0012782422095334036,2.2497939288578687e-16,0.9987048004492053,6.6950603170837745e-06,1.0262280943599964e-05,0.9987048004492053
2011-11-18,2,0.0038533039509152157,3.323170827819554e-15,0.9960924057511682,4.207661268865013e-05,1.2213685224180716e-05,0.9960924057511682
2011-11-21,2,0.00037238833090371364,7.93609725528222e-17,0.999470359402223,0.00014972342248868075,7.528844384386631e-06,0.999470359402223
2011-11-22,2,0.0030121496319600394,9.131381994544188e-17,0.996935991337331,5.033193080140799e-05,1.5270999072046583e-06,0.996935991337331
2011-11-23,2,0.0028059456948699756,6.5792036547442845e-19,0.9971827066903015,1.1194244932995762e-05,1.5336989591164874e-07,0.9971827066903015
2011-11-25,2,0.0034507347339734666,4.8282373789201236e-18,0.9963214286625464,0.0002275162117886256,3.203916918863467e-07,0.9963214286625464
2011-11-28,2,0.001070679535201621,1.27213545746198e-18,0.9988853744965773,4.378570029526176e-05,1.6026792613930496e-07,0.9988853744965773
2011-11-29,2,0.0038953093666044478,1.5243465073606806e-17,0.9960182227883817,8.590883484807818e-05,5.59010165747852e-07,0.9960182227883817
2011-11-30,2,0.0007014942986270583,6.715975108676136e-17,0.9992733694669824,2.4413747638438075e-05,7.224867522033508e-07,0.9992733694669824
2011-12-01,2,0.001196868846167596,2.0624093355124813e-16,0.9987411860316857,6.120835694344824e-05,7.367652032918609e-07,0.9987411860316857
2011-12-02,2,0.008061057776119812,1.0127226142491777e-16,0.9914587149989404,0.0004789053726228619,1.3218523167454814e-06,0.9914587149989404
2011-12-05,2,0.007731537827385111,1.296060822345662e-16,0.9916046848701469,0.0006620318573062347,1.7454451613060591e-06,0.9916046848701469
2011-12-06,2,0.028944080219644022,6.15048710740543e-16,0.9697693434824682,0.0012854478562839662,1.1284416032785526e-06,0.9697693434824682
2011-12-07,2,0.027766388444845375,2.0956709608381716e-16,0.9700320898474738,0.0021997381997367824,1.7835079433497523e-06,0.9700320898474738
2011-12-08,2,0.0019877312450511876,3.2301269040253478e-18,0.9979112267674766,0.00010094549344256206,9.649402986598965e-08,0.9979112267674766
2011-12-09,2,0.001346323980224501,2.5783230010874393e-18,0.998649326299986,4.344748062273448e-06,4.971726723865117e-09,0.998649326299986
2011-12-12,2,0.0004154150403402516,3.10821085262306e-19,0.9995376490953063,4.693068000997757e-05,5.184343235541104e-09,0.9995376490953063
2011-12-13,2,0.0006768727594657883,2.0167175096277813e-19,0.9990055681061154,0.0003175481468520861,1.0987566077002142e-08,0.9990055681061154
2011-12-14,2,4.787094168311004e-07,4.739093222410126e-22,0.9998969625624907,0.00010254855715145188,1.0170941527416243e-08,0.9998969625624907
2011-12-15,2,2.05466117852521e-07,1.1047542514303227e-22,0.9999550488073672,4.473975011488615e-05,5.9763996770233976e-09,0.9999550488073672
2011-12-16,2,2.1642434864531266e-06,1.0602625536522092e-22,0.9999710416438738,2.6786974605470042e-05,7.138033566641217e-09,0.9999710416438738
2011-12-19,2,2.941445599642231e-06,1.9715630176966678e-23,0.9999769382086038,2.0116244558437776e-05,4.101237463356235e-09,0.9999769382086038
2011-12-20,2,7.615900610647756e-05,9.153794171905094e-21,0.9999196559626348,4.179410859404325e-06,5.620399566544888e-09,0.9999196559626348
2011-12-21,2,0.00017415056357425107,4.4297955384758835e-20,0.9998135800684077,1.2264917594579375e-05,4.450422693580836e-09,0.9998135800684077
2011-12-22,2,0.00019010753495833532,1.2503187432021302e-20,0.9997872907791717,2.259949171370914e-05,2.1941560193107996e-09,0.9997872907791717
2011-12-23,2,0.00022171492949293103,1.360248918988352e-19,0.9997670233686234,1.1259685884517342e-05,2.0159988275173634e-09,0.9997670233686234
2011-12-27,2,0.00043965211725595913,1.4775545687483886e-19,0.999511755239909,4.858978057012634e-05,2.862265447732454e-09,0.999511755239909
2011-12-28,2,7.704114447455794e-05,2.377251440944668e-21,0.9999042202723091,1.8737772554692565e-05,8.106613375129357e-10,0.9999042202723091
2011-12-29,2,0.0003684728873049466,6.9784780794621e-21,0.999242595516515,0.00038892414774753276,7.448432867829299e-09,0.999242595516515
2011-12-30,2,8.258511480405142e-05,6.4286258307036044e-21,0.9997400701027658,0.00017733256450500797,1.2217924466591612e-08,0.9997400701027658
2012-01-03,2,3.695438827150921e-05,8.85470984616491e-20,0.9999446145316773,1.8425590661853074e-05,5.489389973841968e-09,0.9999446145316773
2012-01-04,2,3.582896882201257e-05,2.388372540653412e-19,0.99994832303627,1.58328550130818e-05,1.5139894763962217e-08,0.99994832303627
2012-01-05,2,3.5701477745274564e-05,4.731942811226416e-19,0.9999459256220377,1.829072467485775e-05,8.217554187088226e-08,0.9999459256220377
2012-01-06,2,4.817040869932677e-05,1.092270767937347e-19,0.9999332407057498,1.853882244556956e-05,5.006310590266216e-08,0.9999332407057498
2012-01-09,2,0.00019511751728794812,3.06210080933558e-19,0.9997424468876439,6.23062050277913e-05,1.293900398885449e-07,0.9997424468876439
2012-01-10,2,6.335409505683408e-05,2.6608395513400607e-19,0.9999141438236299,2.240025230274264e-05,1.0182901077709873e-07,0.9999141438236299
2012-01-11,2,0.0049447335027029225,2.6620374285253335e-18,0.9948649001291143,0.0001885200588019484,1.846309381671205e-06,0.9948649001291143
2012-01-12,2,0.003083025440258473,7.50950885259497e-18,0.9968500509462129,6.547631431446665e-05,1.4472992133087692e-06,0.9968500509462129
2012-01-13,2,0.2947235767473666,7.347011075362143e-17,0.7051872633847401,8.889020001677666e-05,2.696678759702365e-07,0.7051872633847401
2012-01-17,2,0.13402777981226768,6.353439200622635e-17,0.8659311539931485,4.079275868881028e-05,2.7343589508806107e-07,0.8659311539931485
2012-01-18,2,0.23264269992023645,1.3393920541760113e-16,0.76727000863214,8.711330310506083e-05,1.7814451819184725e-07,0.76727000863214
2012-01-19,2,0.3651027773724699,1.3072582427644654e-15,0.6346449915922783,0.00025192376007676784,3.072751738778788e-07,0.6346449915922783
2012-01-20,0,0.6744289583081581,2.1505311374699435e-14,0.32382748406867223,0.0017430045836386568,5.530395093445743e-07,0.6744289583081581
2012-01-23,0,0.5017391133781453,3.583743982222093e-14,0.4975230356983835,0.0007372932155725482,5.577078630967049e-07,0.5017391133781453
2012-01-24,2,0.4058071215191858,1.768921422575222e-14,0.5936217115745327,0.0005706541504840361,5.127557797336195e-07,0.5936217115745327
2012-01-25,2,0.08099079283244687,2.6006910632019508e-15,0.9188655104727392,0.00014270120465564916,9.954901553023971e-07,0.9188655104727392
2012-01-26,2,0.03127369157086198,1.3380797536992722e-16,0.9686289891933535,9.607709686195136e-05,1.2421389231640076e-06,0.9686289891933535
2012-01-27,0,0.6281666871925355,3.5095984801831955e-15,0.3607736531596621,0.011056131074841479,3.528572957548741e-06,0.6281666871925355
2012-01-30,2,0.20350702819616148,1.4740449607383089e-16,0.7958172738110934,0.0006740603340906449,1.6376586543306983e-06,0.7958172738110934
2012-01-31,2,0.41124675146221806,2.3272152216090517e-17,0.5884261376662353,0.0003261477279996367,9.631435475455685e-07,0.5884261376662353
2012-02-01,0,0.8675797065773574,3.690621325744678e-17,0.12122580814960103,0.011193236838471702,1.2484345700101775e-06,0.8675797065773574
2012-02-02,0,0.7676484079078448,2.7046194425075415e-17,0.22313930437826726,0.009211128473661073,1.159240226747501e-06,0.7676484079078448
2012-02-03,0,0.8947228316063544,3.5281327859108144e-15,0.0825708348062452,0.02270591366160557,4.199257905829449e-07,0.8947228316063544
2012-02-06,0,0.7557177144680538,6.154392219551368e-16,0.23070241643003175,0.01357885791479985,1.0111871137593285e-06,0.7557177144680538
2012-02-07,2,0.371538569094605,2.397621421492529e-15,0.6248039311579971,0.003656860869741285,6.388776550571476e-07,0.6248039311579971
2012-02-08,0,0.6960488178838161,5.490360800175608e-15,0.29546789714143734,0.008482464473431543,8.205013086396923e-07,0.6960488178838161
2012-02-09,2,0.4959023105508663,1.1712784285707581e-14,0.4983205057072492,0.005776744037044694,4.3970482811569707e-07,0.4983205057072492
2012-02-10,2,0.2089601544189264,2.2048439434393116e-16,0.7905659315484642,0.0004736866927294391,2.2733987917010847e-07,0.7905659315484642
2012-02-13,2,0.4555940732668847,4.99745051291847e-15,0.5434931552094282,0.0009125002251667063,2.712985154097977e-07,0.5434931552094282
2012-02-14,0,0.776438616084781,1.745220252978589e-15,0.22165825179417964,0.0019025797354721892,5.523855657818917e-07,0.776438616084781
2012-02-15,0,0.7204732274195741,1.849832957653332e-15,0.27772349535448543,0.0018029138489736713,3.63376965620963e-07,0.7204732274195741
2012-02-16,0,0.7574070073865646,1.2923019917235966e-14,0.2409397456183527,0.0016528181466286427,4.288484408424407e-07,0.7574070073865646
2012-02-17,0,0.6779493464624906,4.166519685423407e-15,0.32018279431838353,0.001867642377026274,2.168420948239524e-07,0.6779493464624906
2012-02-21,2,0.331590097635163,2.731730058009129e-15,0.6678701000551062,0.0005396726628859842,1.2964684201446055e-07,0.6678701000551062
2012-02-22,2,0.3334482788573371,1.8770477839872186e-15,0.6659452063701876,0.0006063211042094768,1.9366826466938943e-07,0.6659452063701876
2012-02-23,2,0.4963330351930289,8.510622905003112e-16,0.503257742698873,0.00040916835948040335,5.3748616560180174e-08,0.503257742698873
2012-02-24,0,0.884869655456745,1.4951761820861792e-15,0.11445105267275722,0.0006792102223013066,8.164819475483045e-08,0.884869655456745
2012-02-27,0,0.9062415507523737,6.017813656551947e-16,0.09324430878484699,0.0005140530721072081,8.739067121603574e-08,0.9062415507523737
2012-02-28,0,0.8465540661390731,3.2639441331846173e-15,0.15266769166445449,0.0007781566498056817,8.554666305280276e-08,0.8465540661390731
2012-02-29,2,0.27916560068002827,6.288423010751513e-15,0.6234919527523002,0.09731731904573994,2.5127521925288838e-05,0.6234919527523002
2012-03-01,2,0.1807210941752734,7.9042102674175e-15,0.7734336205177484,0.045822480423569165,2.2804883401286832e-05,0.7734336205177484
2012-03-02,2,0.1422095105402703,1.0392713247611836e-15,0.8361942469201009,0.02158411269738146,1.2129842246751401e-05,0.8361942469201009
2012-03-05,2,0.11973483322900992,8.271737014925246e-16,0.874885135257554,0.0053758347824668816,4.196730968109451e-06,0.874885135257554
2012-03-06,2,0.04708894972030437,5.279053385675063e-17,0.9517402194274575,0.0011692498009378037,1.5810513005359984e-06,0.9517402194274575
2012-03-07,2,0.06751422910583264,1.216689505937548e-16,0.9310047289132516,0.001479342792274789,1.6991886413174e-06,0.9310047289132516
2012-03-08,2,0.05297428159716254,3.941710113780874e-16,0.946424684700494,0.0005997989566792403,1.2347456646122598e-06,0.946424684700494
2012-03-09,2,0.03357982241409364,3.166112710154738e-16,0.9657494751233258,0.0006690398952256479,1.6625673545808578e-06,0.9657494751233258
2012-03-12,2,0.039406585629032556,3.232847207105016e-16,0.9586005245018654,0.001990219444653006,2.670424448870734e-06,0.9586005245018654
2012-03-13,2,0.02848573892363363,1.1162105624798106e-15,0.9695976514720702,0.0019143038270185517,2.3057772764727144e-06,0.9695976514720702
2012-03-14,2,0.0006227244704079048,2.3282312518953753e-15,0.9988054915326773,0.0005704374050249467,1.3465918875132207e-06,0.9988054915326773
2012-03-15,2,0.00038112716132264474,3.682603586755873e-15,0.9991943102474151,0.0004231875633696886,1.3750278891501294e-06,0.9991943102474151
2012-03-16,2,0.000608887969929226,1.1105084733081033e-14,0.9988143340533676,0.0005744825698063552,2.2954068857987834e-06,0.9988143340533676
2012-03-19,2,0.0005200671002613404,8.060869243833274e-14,0.9990203131530876,0.00045679292125753854,2.8268253130642767e-06,0.9990203131530876
2012-03-20,2,0.0018446882545335897,2.5227582873590997e-13,0.9962491328223917,0.00189938473348403,6.79418933850178e-06,0.9962491328223917
2012-03-21,2,0.0019874508057168843,3.769582777025447e-14,0.996486509481845,0.0015227771818948433,3.262530505875021e-06,0.996486509481845
2012-03-22,2,0.005160123949870942,1.2273952183031785e-13,0.9857034477018443,0.009119731850729545,1.669649743210038e-05,0.9857034477018443
2012-03-23,2,0.00089073188203893,5.19901116132318e-15,0.9980644081707115,0.0010432231582281808,1.636789016917276e-06,0.9980644081707115
2012-03-26,2,0.00036578946265851544,3.415837858316477e-15,0.9991436284502856,0.000489359921003175,1.2221660499170784e-06,0.9991436284502856
2012-03-27,2,0.00021456988109262373,8.120652160415711e-17,0.9996204502691843,0.00016479575743828337,1.8409228470972637e-07,0.9996204502691843
2012-03-28,2,0.04916206096985815,1.9487981394494494e-16,0.9508099066614973,2.802536067183998e-05,7.007972550550339e-09,0.9508099066614973
2012-03-29,2,0.04204247817334554,1.654403646680475e-16,0.957905375814116,5.213338588057436e-05,1.262665816622403e-08,0.957905375814116
2012-03-30,2,0.026269221049375704,4.1752287834696007e-16,0.9736848523869223,4.591447190737242e-05,1.2091794230524803e-08,0.9736848523869223
2012-04-02,2,0.02945919077084253,4.737724638184659e-16,0.9705128115898448,2.7987656498881263e-05,9.98281372092106e-09,0.9705128115898448
2012-04-03,2,0.2618601107852635,6.36617644905531e-14,0.7377445522425258,0.00039525725148526294,7.972066156730808e-08,0.7377445522425258
2012-04-04,2,0.007182283961909035,8.311169061044475e-16,0.9925927979790142,0.00022482985853790048,8.820053764736584e-08,0.9925927979790142
2012-04-05,2,0.037706348608259097,1.0704520607468137e-15,0.9583453689759612,0.003947556742692883,7.256730860188466e-07,0.9583453689759612
2012-04-09,2,0.010083635697042282,2.1636841185086486e-17,0.9894150407723992,0.0005012558335795729,6.76969785741816e-08,0.9894150407723992
2012-04-10,2,0.00880515872799551,2.120604470054675e-17,0.9907535779976289,0.0004410469736804927,2.1630069499962853e-07,0.9907535779976289
2012-04-11,2,0.008696944545369777,9.24623006388292e-17,0.9910644740721993,0.00023839838030617426,1.8300212483185066e-07,0.9910644740721993
2012-04-12,2,0.04803337051102052,4.0859313676051856e-16,0.9519198378578755,4.671081790463244e-05,8.081319907923328e-08,0.9519198378578755
2012-04-13,2,0.03269900350401876,3.3075484131465196e-17,0.9672765641058639,2.440256979065813e-05,2.982032658007965e-08,0.9672765641058639
2012-04-16,2,0.02633730080762593,6.276449576027144e-18,0.9736225890312741,4.00789657960029e-05,3.119530372057789e-08,0.9736225890312741
2012-04-17,2,0.031289259820360286,2.0024129607723192e-17,0.9686546705629067,5.603848878684712e-05,3.112794611740085e-08,0.9686546705629067
2012-04-18,2,0.038082909833781896,1.1630813414926535e-17,0.9618461616927743,7.089465441847072e-05,3.381902516276043e-08,0.9618461616927743
2012-04-19,2,0.03524417479491913,3.584745067300768e-18,0.9646803060301451,7.54769236664819e-05,4.225126962665874e-08,0.9646803060301451
2012-04-20,2,0.04445546024100304,6.474174964190775e-18,0.955474052022477,7.044265127076887e-05,4.508524959384686e-08,0.955474052022477
2012-04-23,2,0.07019284515465397,3.125161729728791e-18,0.9294399737054324,0.0003671194005603931,6.173935300652343e-08,0.9294399737054324
2012-04-24,2,0.19355823559565502,1.2260234902663194e-17,0.8056412521340868,0.0008004252967638064,8.69734943750649e-08,0.8056412521340868
2012-04-25,2,0.20522806169271898,2.5345498200006792e-17,0.7940759457213707,0.000695901216823274,9.136908677660345e-08,0.7940759457213707
2012-04-26,2,0.14692656508434535,1.5185420709235142e-17,0.8528807174820058,0.0001926432948312056,7.413881745549837e-08,0.8528807174820058
2012-04-27,2,0.17475157592265492,2.773281154953952e-18,0.8250707580393867,0.00017758825040842187,7.778755031795812e-08,0.8250707580393867
2012-04-30,2,0.3090603955684574,2.025515179957422e-18,0.6906105436420534,0.0003289827163822829,7.807310687793082e-08,0.6906105436420534
2012-05-01,2,0.32212401353940845,4.644459002091724e-18,0.6772529145128984,0.0006229718056215058,1.001420716149935e-07,0.6772529145128984
2012-05-02,2,0.19530514848788896,9.188734144488235e-19,0.8041802016584215,0.0005145947682107592,5.5085477901292134e-08,0.8041802016584215
2012-05-03,0,0.5564891504054089,5.0032025211582684e-17,0.4431415099008743,0.0003693095378512778,3.015586564998276e-08,0.5564891504054089
2012-05-04,0,0.9891742671012095,8.802665702202275e-15,0.009918423784027039,0.000907141286819383,1.678279346992199e-07,0.9891742671012095
2012-05-07,0,0.9881297903510087,5.016095874793791e-15,0.011557519724625844,0.0003124861211119126,2.0380324853582742e-07,0.9881297903510087
2012-05-08,0,0.8258744547462834,1.3960753168913403e-16,0.17385167681921493,0.00027374070322557577,1.277312760893387e-07,0.8258744547462834
2012-05-09,0,0.7758305305558739,7.744507989892177e-17,0.22359582824899776,0.000573439125032404,2.0207009513286007e-07,0.7758305305558739
2012-05-10,0,0.977726302502365,6.581599098565538e-16,0.01828146590779838,0.003991803200338978,4.283894967349718e-07,0.977726302502365
2012-05-11,0,0.9927219398919803,2.323747473366825e-16,0.0022515782938656776,0.005026158281572565,3.2353258175992787e-07,0.9927219398919803
2012-05-14,0,0.893526286837436,3.4689611687915453e-17,0.10397914362608637,0.0024942222670695014,3.472694076095742e-07,0.893526286837436
2012-05-15,0,0.9642079154646706,1.9916136005468325e-17,0.028169391918196538,0.007621862506077166,8.301110562743849e-07,0.9642079154646706
2012-05-16,0,0.9497161834736094,1.0227942026988639e-17,0.040514818893217334,0.009768000991876963,9.966412956465679e-07,0.9497161834736094
2012-05-17,0,0.9442664387088986,2.2647322383538057e-18,0.021607972404783606,0.03412371427225966,1.8746140580933282e-06,0.9442664387088986
2012-05-18,0,0.8846622826454957,3.905669160458756e-18,0.041354908834827314,0.07397956795142023,3.2405682566595668e-06,0.8846622826454957
2012-05-21,0,0.9376997756920962,1.7064855397226368e-17,0.013734280469279082,0.048563719460129245,2.2243784950125465e-06,0.9376997756920962
2012-05-22,0,0.9154900968207537,7.799463023095716e-17,0.006033225977478666,0.07847349719458278,3.180007185603256e-06,0.9154900968207537
2012-05-23,0,0.8163317894559207,7.990913810432283e-18,0.061545880170177966,0.12211166413957927,1.066623432173248e-05,0.8163317894559207
2012-05-24,0,0.8706158021016134,2.3391026958897227e-17,0.01699707859192334,0.11237966379053715,7.455515925702505e-06,0.8706158021016134
2012-05-25,0,0.8509610022371271,1.2442753467166754e-17,0.02021971719594092,0.12881135847975417,7.922087177442077e-06,0.8509610022371271
2012-05-29,0,0.786765470161039,1.305270178272179e-17,0.007994336848690565,0.20522047460129336,1.9718388976681983e-05,0.786765470161039
2012-05-30,3,0.4452842335574321,3.823409293484436e-18,7.311437246877294e-06,0.5546791207729362,2.9334232385548295e-05,0.5546791207729362
2012-05-31,3,0.4313228393811297,1.2376404883563704e-18,7.0102177387141165e-06,0.5686457757895794,2.4374611551503452e-05,0.5686457757895794
2012-06-01,3,0.00286609817752689,4.976389902404996e-19,1.6387458377868427e-09,0.997131973713528,1.9264701994086685e-06,0.997131973713528
2012-06-04,3,0.00501786639415845,1.1115377840356958e-18,4.9498249736287725e-08,0.9949800007178645,2.0833897280685206e-06,0.9949800007178645
2012-06-05,3,0.005743263840189081,2.6842579448681554e-18,9.556703914081951e-08,0.9942542912188033,2.3493739686224984e-06,0.9942542912188033
2012-06-06,3,0.011611271067695966,6.738756080647733e-17,1.5741667726729803e-07,0.9883874091541813,1.1623614459419035e-06,0.9883874091541813
2012-06-07,3,0.00036412692891277216,5.1393963183894115e-18,1.6779634214750246e-08,0.9996339042028247,1.9520886287428023e-06,0.9996339042028247
2012-06-08,3,0.0002685154456316963,2.5964751745835772e-18,6.479592129703041e-09,0.9997299310612723,1.5470135046940919e-06,0.9997299310612723
2012-06-11,3,0.00025334757903830695,1.4546238401900564e-18,2.735615218742999e-09,0.9997458636073218,7.860780242888014e-07,0.9997458636073218
2012-06-12,3,0.0003249183391299002,1.4318377734260532e-17,2.432310282478237e-09,0.9996748637225308,2.1550602845029224e-07,0.9996748637225308
2012-06-13,3,0.0002705010563471441,2.6594946190973345e-18,1.5044670056826298e-09,0.9997293531902298,1.4424895614606335e-07,0.9997293531902298
2012-06-14,3,0.00036282782924849076,7.64639773235672e-18,2.6057637855704897e-10,0.999637143212906,2.8697269841733137e-08,0.999637143212906
2012-06-15,3,0.003409577699104844,8.324309106808298e-18,1.5185726081327723e-10,0.9965903906782656,3.1470773091346734e-08,0.9965903906782656
2012-06-18,3,0.006297951464221733,6.7017551018381546e-18,2.835549107922582e-10,0.993701996592169,5.1660054134443714e-08,0.993701996592169
2012-06-19,3,0.004285269638328608,1.0449128761169477e-17,9.278740106285726e-11,0.9957146908062202,3.946266425336923e-08,0.9957146908062202
2012-06-20,3,0.0036741329787700404,2.0999811054230025e-17,1.8974322795907528e-11,0.9963258400731536,2.692910200710307e-08,0.9963258400731536
2012-06-21,3,0.020639834044960455,4.2811964271131914e-17,2.8632232150981096e-05,0.979270173210141,6.136051274721606e-05,0.979270173210141
2012-06-22,3,0.026338218690029544,3.0012890725748854e-16,2.027880038077728e-05,0.9735821069802673,5.939552932194304e-05,0.9735821069802673
2012-06-25,3,0.008660434237638799,3.4195279948668204e-17,4.315636690811001e-06,0.9913061534033867,2.9096722282961438e-05,0.9913061534033867
2012-06-26,3,0.010890567054650673,6.808659793047596e-17,2.8386060386704866e-06,0.9890840600990684,2.2534240241766315e-05,0.9890840600990684
2012-06-27,3,0.08200507329408595,7.74529406897407e-17,0.0013537610527190182,0.9165581968453843,8.296880781027539e-05,0.9165581968453843
2012-06-28,3,0.07929347627408853,1.6363379666119186e-17,0.018974952752325885,0.901341483524646,0.0003900874489388932,0.901341483524646
2012-06-29,2,0.011714343377883182,2.8990060476091915e-20,0.9882852353202604,2.8241425428190884e-07,1.3888760179367286e-07,0.9882852353202604
2012-07-02,2,0.011028046132902205,3.720691157968646e-21,0.988971719243344,1.3883916490827788e-07,9.578458930743487e-08,0.988971719243344
2012-07-03,2,0.007101373612486221,1.570885458634492e-20,0.9928982090792542,1.6315990702908485e-07,2.5414835319606027e-07,0.9928982090792542
2012-07-05,2,0.014774330419456387,6.439143857465324e-21,0.9852237427869859,1.5702440637037424e-06,3.5654949475557665e-07,0.9852237427869859
2012-07-06,2,0.048102354374541925,2.4635121632091936e-21,0.9518975664422599,5.580074850457227e-08,2.3382449189891725e-08,0.9518975664422599
2012-07-09,2,0.04386483071078117,9.528717479319395e-22,0.956135087388679,5.992427891093613e-08,2.1976261095957555e-08,0.956135087388679
2012-07-10,2,0.04678802540952436,3.7615567312895384e-22,0.9532119264390345,3.6018349061978335e-08,1.2133092295577578e-08,0.9532119264390345
2012-07-11,2,0.07302358402892464,4.856775344696696e-22,0.9269762250183109,1.7974754123680093e-07,1.1205222799762152e-08,0.9269762250183109
2012-07-12,2,0.05583217531231675,1.1962521360677375e-22,0.9441677293899376,9.002909372000506e-08,5.268652502609327e-09,0.9441677293899376
2012-07-13,2,0.026962989428619445,1.482497349436524e-22,0.9730369860986465,1.838046581250907e-08,6.092268094359565e-09,0.9730369860986465
2012-07-16,2,0.027002667799676878,4.450416097733539e-23,0.9729973023775002,2.4046332439734636e-08,5.776491098753585e-09,0.9729973023775002
2012-07-17,2,0.02677772421667814,7.611106340923161e-23,0.9732222537357041,1.817825885219588e-08,3.869358698190385e-09,0.9732222537357041
2012-07-18,2,0.020708287797791176,5.003730602294162e-23,0.9792916808057626,2.7370449957455332e-08,4.025996022370298e-09,0.9792916808057626
2012-07-19,2,0.020849893118397626,5.516035382507378e-23,0.9791500752256872,2.5366226040675144e-08,6.289689363690869e-09,0.9791500752256872
2012-07-20,2,0.10095126851520644,1.427012336832491e-22,0.8990481074395277,5.379480557470135e-07,8.609721035370723e-08,0.8990481074395277
2012-07-23,2,0.08700709403727001,2.2146181903154816e-22,0.9129926514586643,2.115636126523519e-07,4.2940453342655123e-08,0.9129926514586643
2012-07-24,2,0.14034731900298844,1.786924493026391e-23,0.8596526348581021,4.250073589333971e-08,3.6381743641370223e-09,0.8596526348581021
2012-07-25,2,0.06645875121648173,2.6579002010376314e-23,0.9335412387720442,4.5761210073948355e-09,5.4353536046663076e-09,0.9335412387720442
2012-07-26,2,0.060966926956100745,4.344412081943736e-23,0.939033056253886,8.996425864116627e-09,7.79358798672428e-09,0.939033056253886
2012-07-27,2,0.06283624182160295,2.7429713829007888e-21,0.9371637454852604,3.5176404132762182e-09,9.17549645837516e-09,0.9371637454852604
2012-07-30,2,0.2019521670987074,2.0286881209454267e-21,0.798042189610674,5.641192512204961e-06,2.0981063752989724e-09,0.798042189610674
2012-07-31,2,0.24973019483772615,1.3081914609743978e-21,0.7502599751958208,9.826855298314827e-06,3.111154720158111e-09,0.7502599751958208
2012-08-01,2,0.3086343552158415,8.5696987374243e-21,0.6913135773931951,5.206390078211558e-05,3.4901814778868273e-09,0.6913135773931951
2012-08-02,2,0.33373190716316486,2.2905649846558e-21,0.6662013169157264,6.677326958621444e-05,2.65152265047439e-09,0.6662013169157264
2012-08-03,2,0.23833927563369042,1.6204259309391845e-19,0.7616587843431726,1.9364561274965686e-06,3.5670092846301147e-09,0.7616587843431726
2012-08-06,2,0.2389587537306699,1.0166995071419042e-19,0.7610396395414376,1.6034177689254107e-06,3.310123364041479e-09,0.7610396395414376
2012-08-07,2,0.32179596494288215,9.143042750962015e-19,0.6781989233181274,5.10304064484206e-06,8.698345968232953e-09,0.6781989233181274
2012-08-08,2,0.25082643374463676,8.950440796052759e-19,0.7491720303969299,1.5294722929672693e-06,6.386139944524812e-09,0.7491720303969299
2012-08-09,2,0.23270803455302105,4.010479029311401e-18,0.7672908141660717,1.1436257908130878e-06,7.655116173892188e-09,0.7672908141660717
2012-08-10,2,0.40217145545577976,3.65179792018828e-18,0.5978197029795117,8.83487224088863e-06,6.692467309225085e-09,0.5978197029795117
2012-08-13,0,0.5485082677164954,3.677425755114529e-18,0.45146434909065264,2.7375604186657673e-05,7.588665186713013e-09,0.5485082677164954
2012-08-14,0,0.601757828783385,2.498667464589835e-17,0.3982179490336752,2.4212346303387653e-05,9.836636101022472e-09,0.601757828783385
2012-08-15,2,0.2568661514238174,6.530254999628117e-17,0.7431309881856507,2.857871756765982e-06,2.5187751989285244e-09,0.7431309881856507
2012-08-16,2,0.20950394084294643,9.025231607126973e-17,0.790493756385223,2.300360233375503e-06,2.4115967511748265e-09,0.790493756385223
2012-08-17,2,0.13563407855559648,2.0811081596565367e-17,0.8643639232102269,1.9972398815368476e-06,9.94295058320164e-10,0.8643639232102269
2012-08-20,2,0.17139897580052774,4.5623119517096466e-18,0.8285933148032275,7.707743134836307e-06,1.6531096770375483e-09,0.8285933148032275
2012-08-21,2,0.1871804825412909,6.311372324888496e-18,0.8127985091459122,2.100611393039121e-05,2.1988662889184337e-09,0.8127985091459122
2012-08-22,0,0.54925430779012,9.561102088734064e-19,0.4505628595207199,0.0001828313148449097,1.3743146103426702e-09,0.54925430779012
2012-08-23,0,0.7910471004589561,8.454198558115877e-18,0.20796893772800884,0.0009839520334382578,9.779597419753485e-09,0.7910471004589561
2012-08-24,0,0.8105289049727756,1.1947305731733204e-17,0.18845245334647753,0.0010186326980274856,8.982719306216608e-09,0.8105289049727756
2012-08-27,0,0.8095916858744578,6.407676456026688e-18,0.1893972902052751,0.0010110153413318624,8.578934608115576e-09,0.8095916858744578
2012-08-28,0,0.9109196030769552,9.253065889076108e-18,0.08602979439709847,0.003050582392139136,2.013380692891217e-08,0.9109196030769552
2012-08-29,0,0.9349480828783854,1.9803737553745616e-17,0.06293815310737116,0.0021137270953245943,3.69189195358459e-08,0.9349480828783854
2012-08-30,0,0.955364966230907,1.1062902604412258e-17,0.04252629925590948,0.002108667693455445,6.681972726940051e-08,0.955364966230907
2012-08-31,0,0.958767527294815,4.5165325615730815e-20,0.0354452320496627,0.005787217448772869,2.3206749285727966e-08,0.958767527294815
2012-09-04,0,0.9721439517926798,2.3028495573286894e-19,0.019933879136879742,0.007922147105633284,2.1964807749363897e-08,0.9721439517926798
2012-09-05,0,0.9685582641141363,1.0950677704069046e-19,0.024130301051175602,0.007311406000169003,2.8834519962111722e-08,0.9685582641141363
2012-09-06,0,0.9325945137889174,9.465859044406089e-19,0.06172654436509919,0.005678876542230952,6.530375169212932e-08,0.9325945137889174
2012-09-07,2,0.302378795138875,2.112422598178689e-19,0.6968033512119614,0.0008175913041039872,2.623450599777295e-07,0.6968033512119614
2012-09-10,2,0.30723556777761796,3.0096574833920584e-19,0.692203300935313,0.0005607656903154622,3.655967529067776e-07,0.692203300935313
2012-09-11,2,0.22092946207955422,6.6807019494839775e-19,0.7789074308424625,0.0001626199771330591,4.871008499548806e-07,0.7789074308424625
2012-09-12,2,0.16798559512716607,1.8570941248553106e-18,0.831871316306756,0.0001427864990039283,3.020670734789182e-07,0.831871316306756
2012-09-13,2,0.03594839882797035,2.8740292565747066e-19,0.9640473579792437,3.371904457203259e-06,8.712883288854978e-07,0.9640473579792437
2012-09-14,2,0.09714195015515582,1.2185782203058327e-17,0.9028435116472125,1.2734402218843278e-05,1.8037954136290445e-06,0.9028435116472125
2012-09-17,2,0.06912556111623482,1.1474648044815902e-17,0.9308709674306428,2.418255129022398e-06,1.0531979941916264e-06,0.9308709674306428
2012-09-18,2,0.07925558698836754,7.945472664354353e-18,0.9207404784146995,2.8211797189043158e-06,1.1134172147192294e-06,0.9207404784146995
2012-09-19,2,0.03308984395040103,4.647748898355153e-18,0.966908920119126,1.0532045709131547e-06,1.8272590134753288e-07,0.966908920119126
2012-09-20,2,0.014642979066033407,1.0276838518190362e-18,0.9853562322369935,6.791701924551121e-07,1.0952678108504068e-07,0.9853562322369935
2012-09-21,2,0.0037346779699202926,3.288055414576584e-20,0.9962653106466277,8.54925702168489e-09,2.834195221485467e-09,0.9962653106466277
2012-09-24,2,0.004928943355619848,8.377149153045466e-21,0.9950710445222497,9.345550578980623e-09,2.7765802218625834e-09,0.9950710445222497
2012-09-25,2,0.004646684138443136,2.874365776798323e-21,0.9953533035997112,9.805852418773183e-09,2.455993489661821e-09,0.9953533035997112
2012-09-26,2,0.0026663535198570214,6.493598444313272e-23,0.9973336403387609,4.714679576447981e-09,1.4267028579138089e-09,0.9973336403387609
2012-09-27,2,0.000975491684098064,7.780904025380067e-23,0.9990245075199463,1.6018705132717718e-10,6.357677412643374e-10,0.9990245075199463
2012-09-28,2,0.001011096036969096,1.0324158534716709e-22,0.9989889029142361,3.7110465618063457e-10,6.776907531577538e-10,0.9989889029142361
2012-10-01,2,0.0014735875786192438,1.3363632503868216e-22,0.9985264096851444,1.9467948002651754e-09,7.894413449311351e-10,0.9985264096851444
2012-10-02,2,0.001973971948655143,5.343620609520381e-23,0.9980260229039609,4.721717922938557e-09,4.256658870635165e-10,0.9980260229039609
2012-10-03,2,0.014020540338445362,1.1733813471285365e-20,0.9859794367171877,1.3306769572800942e-08,9.637597921026947e-09,0.9859794367171877
2012-10-04,2,0.036324996105808166,3.9306912233379637e-19,0.9636749986849689,8.990172221642367e-10,4.31020595581158e-09,0.9636749986849689
2012-10-05,2,0.09110402830513185,2.817840038212277e-18,0.9088959534917145,1.4998830085916255e-08,3.2043234350712505e-09,0.9088959534917145
2012-10-08,2,0.06702013211581519,2.340436635731334e-18,0.9329798567758858,8.572081550495848e-09,2.5362170380382773e-09,0.9329798567758858
2012-10-09,0,0.8081157553474526,1.1651845068435668e-16,0.19188356603354115,6.388099392515063e-07,3.980906702098065e-08,0.8081157553474526
2012-10-10,0,0.827369318003417,5.87934654629443e-17,0.17263001597618424,6.15054658309169e-07,5.0965741172904374e-08,0.827369318003417
2012-10-11,0,0.879220000609352,1.6058315298881831e-16,0.12077075931625078,9.20031814199296e-06,3.9756254814889725e-08,0.879220000609352
2012-10-12,0,0.9317185833403372,1.0798320047770859e-16,0.06826652608530762,1.4838022812274513e-05,5.2551542876531034e-08,0.9317185833403372
2012-10-15,0,0.969921149134551,7.926726978142107e-17,0.029935969136143128,0.0001428494814840534,3.224782160792052e-08,0.969921149134551
2012-10-16,0,0.9516054379813859,2.1892829535991458e-16,0.04827991412985937,0.00011462782318560536,2.0065569523488617e-08,0.9516054379813859
2012-10-17,0,0.6436100393558749,4.3518714974425045e-16,0.35635439189229595,3.556141158472189e-05,7.340244334457285e-09,0.6436100393558749
2012-10-18,0,0.6776931386663876,6.548882575461483e-16,0.32225856711791184,4.8287928228736076e-05,6.287470595914573e-09,0.6776931386663876
2012-10-19,0,0.6468217483667515,8.217427476070775e-17,0.35314706511724997,3.118109980842506e-05,5.4161896831791445e-09,0.6468217483667515
2012-10-22,0,0.7739727562078621,3.7358226089668536e-16,0.22600109462874146,2.6138696511798815e-05,1.0466883925461067e-08,0.7739727562078621
2012-10-23,0,0.7120775733413252,8.565244783535715e-17,0.2879129006965288,9.519029213970517e-06,6.9329317876784985e-09,0.7120775733413252
2012-10-24,0,0.7320001964494389,1.3157661806326614e-16,0.26798363087261695,1.616449170060682e-05,8.18624413026628e-09,0.7320001964494389
2012-10-25,0,0.9424259376843402,2.4310015074101972e-15,0.057245021286207017,0.00032900772966082967,3.3299788660546454e-08,0.9424259376843402
2012-10-26,0,0.892869955138297,3.432443393889008e-16,0.10691468606921839,0.00021533247755977915,2.631492443907995e-08,0.892869955138297
2012-10-31,0,0.8911910302012402,7.970032475469861e-17,0.10854167916042341,0.00026726226608359194,2.837225263592933e-08,0.8911910302012402
2012-11-01,0,0.907333010086246,2.1235413708424206e-16,0.09238131170083591,0.00028565737728842655,2.0835629430303914e-08,0.907333010086246
2012-11-02,2,0.2177286000469652,4.1615858384488403e-19,0.782169852392441,0.0001015471612885378,3.993054409521538e-10,0.782169852392441
2012-11-05,2,0.39051503150578765,6.267420614892799e-20,0.591177407696141,0.018307555645909687,5.15216083885279e-09,0.591177407696141
2012-11-06,2,0.1846581408028686,3.115016663962011e-20,0.8151193439441833,0.00022251480244385192,4.5050355537745736e-10,0.8151193439441833
2012-11-07,0,0.7100334180834329,2.9881766182017203e-19,0.2894442504017188,0.0005223245492063342,6.965642169641808e-09,0.7100334180834329
2012-11-08,2,0.14317624101056053,7.847989983276606e-21,0.8568133896590849,1.0367848518852782e-05,1.4818352602352821e-09,0.8568133896590849
2012-11-09,2,0.15103519816265173,3.846503556737738e-21,0.8489535825719876,1.1218199481245746e-05,1.0658790040024322e-09,0.8489535825719876
2012-11-12,2,0.1927885003081103,4.661533519912816e-21,0.8071804270773358,3.107079884744734e-05,1.8157056102433737e-09,0.8071804270773358
2012-11-13,2,0.17533480252803527,2.24951064315379e-21,0.8246385666830608,2.6629504620696254e-05,1.2842840448545545e-09,0.8246385666830608
2012-11-14,2,0.10547133119579225,8.869788863272596e-22,0.8945248027899981,3.865647911597954e-06,3.662988830010779e-10,0.8945248027899981
2012-11-15,2,0.14298348588881007,1.1177397184647876e-21,0.8570060936287537,1.041993778972028e-05,5.446456938496588e-10,0.8570060936287537
2012-11-16,2,0.16611859160775652,1.2743648536450553e-21,0.8338705540442091,1.085402649421937e-05,3.2154071247876527e-10,0.8338705540442091
2012-11-19,2,0.11674703445259249,4.5039135008098575e-21,0.8832527146227217,2.5076973450840564e-07,1.549509161529246e-10,0.8832527146227217
2012-11-20,2,0.1844007351753727,4.7755110084139183e-20,0.8155981671118577,1.0973939734228176e-06,3.187965737615077e-10,0.8155981671118577
2012-11-21,2,0.1793959479435771,8.947827578433731e-20,0.8206032700127935,7.818167318358433e-07,2.2689663591873285e-10,0.8206032700127935
2012-11-23,2,0.21408035525157443,1.252341812199923e-19,0.7859151035486759,4.54061895091731e-06,5.807985901350033e-10,0.7859151035486759
2012-11-26,2,0.16660587486691283,4.8666979020044244e-20,0.8333915585221889,2.566133097672395e-06,4.777998588848954e-10,0.8333915585221889
2012-11-27,2,0.1920519242666273,2.645843439528773e-20,0.8079449794360178,3.0959841764115367e-06,3.1317816238774247e-10,0.8079449794360178
2012-11-28,2,0.28188862146457205,1.5646311006719002e-20,0.7180974754022313,1.3902080327120955e-05,1.052869036860696e-09,0.7180974754022313
2012-11-29,2,0.2429219121018971,1.4222191927510115e-20,0.7570718571142488,6.2299540691267295e-06,8.297844046275308e-10,0.7570718571142488
2012-11-30,2,0.16824836229423937,7.398084731702341e-21,0.83174873688435,2.899874361454046e-06,9.470491126171276e-10,0.83174873688435
2012-12-03,0,0.6371758935035828,1.630627479782063e-19,0.3627736543610893,5.0445415982706976e-05,6.7193445460476635e-09,0.6371758935035828
2012-12-04,0,0.8934326776389644,7.319519048205895e-20,0.10644350187022064,0.00012379989824792018,2.059256706127306e-08,0.8934326776389644
2012-12-05,0,0.9507986690374771,1.5582448000833182e-19,0.04869854598428889,0.0005027698951912591,1.5083042798484232e-08,0.9507986690374771
2012-12-06,0,0.9973061086293429,3.4245965733009835e-21,0.0020555121194840522,0.0006383613035747432,1.7947598404758483e-08,0.9973061086293429
2012-12-07,0,0.9976854587747161,1.7901809621445186e-20,0.0015469544423129765,0.0007675684138084192,1.836916193483844e-08,0.9976854587747161
2012-12-10,0,0.9938611775439774,2.299557223405917e-20,0.00556046351059074,0.0005783356483573368,2.3297075286439273e-08,0.9938611775439774
2012-12-11,0,0.9966290104680908,4.702769234466352e-20,0.002726731382903038,0.0006442340516164547,2.409738885412121e-08,0.9966290104680908
2012-12-12,0,0.9970684328004663,1.8655639895033843e-19,0.002438128523485318,0.0004934176722301545,2.1003818309496507e-08,0.9970684328004663
2012-12-13,0,0.990746369257694,2.349411642957438e-19,0.00891997004971791,0.00033363114660006936,2.954598872056239e-08,0.990746369257694
2012-12-14,0,0.9938420996070156,2.1448924025219534e-19,0.005895933061881916,0.00026194022758090833,2.7103520894201567e-08,0.9938420996070156
2012-12-17,0,0.9948395181996385,7.977799299191655e-19,0.005009324838275933,0.00015112640784231194,3.055424391299278e-08,0.9948395181996385
2012-12-18,0,0.9809163902947953,1.0768506384477003e-17,3.2524668889083356e-06,0.019080143447194844,2.137911206904576e-07,0.9809163902947953
2012-12-19,0,0.9719740298270992,2.070377859834138e-18,1.4475977886106694e-06,0.028024276508511355,2.4606660155277564e-07,0.9719740298270992
2012-12-20,0,0.9382531986010567,3.586189299322718e-18,5.7745161473912875e-06,0.06174022880078858,7.980820068868974e-07,0.9382531986010567
2012-12-21,3,0.06291667776982922,6.537092428803237e-20,8.732649375524836e-19,0.9370832892068087,3.302336198299382e-08,0.9370832892068087
2012-12-24,3,0.06706775820893586,9.74858497965824e-20,1.0636070294644686e-18,0.9329322047999146,3.6991150132586694e-08,0.9329322047999146
2012-12-26,3,0.1220200860307148,1.940072434558717e-19,4.553313588003371e-18,0.8779798364100677,7.755921704900393e-08,0.8779798364100677
2012-12-27,3,0.11372843315066797,1.5798382519413213e-19,6.608197968277199e-19,0.8862715499424494,1.690688285946757e-08,0.8862715499424494
2012-12-28,3,0.04448599995732363,7.325341518838908e-20,6.425190189784629e-21,0.955513993150088,6.892588277327686e-09,0.955513993150088
2012-12-31,3,0.3104707449125792,1.364234846181503e-18,5.103751181147057e-19,0.689529230850749,2.423667094541524e-08,0.689529230850749
2013-01-02,3,0.32535230626389816,8.057322685108735e-18,3.3634687037543123e-21,0.6746476697222794,2.4013820897243103e-08,0.6746476697222794
2013-01-03,0,0.9097954906660258,5.46424134581462e-16,2.019249725874292e-13,0.090204361852986,1.4748078607814018e-07,0.9097954906660258
2013-01-04,0,0.7746110859421026,2.3514712789191715e-16,1.275341334920638e-12,0.22538848003688602,4.340197349980377e-07,0.7746110859421026
2013-01-07,0,0.936100054123062,7.206428647340464e-17,1.4603389739771147e-09,0.06389897692291795,9.674936801398318e-07,0.936100054123062
2013-01-08,0,0.9257160799889533,3.266647350834318e-17,1.619957322998717e-09,0.07428297186105323,9.465300365019887e-07,0.9257160799889533
2013-01-09,0,0.9198593942487538,7.597524945231913e-18,1.027493984174429e-09,0.0801396129197542,9.918039977925126e-07,0.9198593942487538
2013-01-10,0,0.9870711601139937,6.339204681686367e-17,0.0004555728177668076,0.012472160040930014,1.107027308869489e-06,0.9870711601139937
2013-01-11,0,0.9737311253799282,2.6619015418561033e-17,0.00015608807772927213,0.026110983073805008,1.8034685373773838e-06,0.9737311253799282
2013-01-14,0,0.9760894633967429,3.339887639233405e-17,4.6217061052091505e-05,0.023862980573017587,1.3389691869805931e-06,0.9760894633967429
2013-01-15,0,0.9525129059447939,5.983557207503267e-17,1.7786744229520673e-06,0.047484125741418005,1.1896393644590604e-06,0.9525129059447939
2013-01-16,0,0.9517434555441909,5.009935740084322e-17,1.780840524311653e-06,0.04825349549246937,1.2681228156514836e-06,0.9517434555441909
2013-01-17,0,0.9950707068648649,3.3179498374894747e-16,0.00013468006326960668,0.0047940155344197806,5.975374449153587e-07,0.9950707068648649
2013-01-18,0,0.9943657499000491,8.033733942200584e-17,0.0004934249005672483,0.005140358910919384,4.6628846403279316e-07,0.9943657499000491
2013-01-22,0,0.9953361471941582,7.567649652792746e-17,0.002578668237522421,0.002084932293291251,2.5227502739420336e-07,0.9953361471941582
2013-01-23,0,0.9030139505229219,3.2428595811238755e-18,0.09564948737545967,0.00133643128754587,1.3081407181749759e-07,0.9030139505229219
2013-01-24,0,0.9413208880513916,5.3368148412343345e-18,0.056584210151139,0.0020946824072303792,2.193902396039769e-07,0.9413208880513916
2013-01-25,0,0.9769412969647727,8.229216822850154e-18,0.019321384347485378,0.0037370137178813143,3.0496986005001913e-07,0.9769412969647727
2013-01-28,0,0.979842021345516,1.4016232337568654e-17,0.016296010279429077,0.003861657973485863,3.1040156967108525e-07,0.979842021345516
2013-01-29,0,0.9802210784804465,2.200234736644475e-17,0.01742815976116727,0.002350506435644942,2.5532274131825455e-07,0.9802210784804465
2013-01-30,0,0.9795945869593472,5.5201743721991706e-17,0.012029109301488016,0.008376190907003757,1.1283216066027203e-07,0.9795945869593472
2013-01-31,0,0.9852389749026682,2.6307481471534258e-17,0.0014288142452938922,0.013332158445996035,5.240604190420781e-08,0.9852389749026682
2013-02-01,0,0.9853473348603389,5.2603788308053185e-17,0.0009900511876514675,0.013662526246042821,8.77059668790394e-08,0.9853473348603389
2013-02-04,0,0.9871145293617811,2.683146388308017e-16,4.938924092877739e-05,0.01283602057177097,6.082551814080592e-08,0.9871145293617811
2013-02-05,0,0.9856315896537403,9.118660744206368e-16,5.723329456080079e-05,0.01431111413025736,6.292144021022045e-08,0.9856315896537403
2013-02-06,0,0.9877054000191192,2.324334746611136e-16,8.508267453499995e-05,0.012209468722663253,4.85836824895833e-08,0.9877054000191192
2013-02-07,0,0.9887571861831215,1.7688286921343037e-16,0.00010965820150590006,0.01113310414214237,5.147323056406532e-08,0.9887571861831215
2013-02-08,0,0.936137939211589,9.058425186927598e-17,2.483788172181845e-10,0.06386203775659496,2.2783436437268943e-08,0.936137939211589
2013-02-11,0,0.8840107727767869,7.699015033480524e-16,1.1042038773883802e-08,0.11598917434121137,4.183996261685336e-08,0.8840107727767869
2013-02-12,0,0.8507272690466011,1.941714658487331e-15,3.4620463464807122e-09,0.14927267712837514,5.0362975067324046e-08,0.8507272690466011
2013-02-13,0,0.9532101232016659,2.7907020824736017e-15,1.3694414156909334e-06,0.04678843363647292,7.372044248925003e-08,0.9532101232016659
2013-02-14,0,0.9565211833518407,1.941310146698656e-15,7.001394387973085e-06,0.0434717390206787,7.623309136498941e-08,0.9565211833518407
2013-02-15,0,0.967063307633185,5.012481683980616e-16,8.394526183757525e-06,0.03292818078259181,1.1705803921880114e-07,0.967063307633185
2013-02-19,0,0.9594421254361066,1.2030018030126173e-15,8.758048901089593e-06,0.04054895199354744,1.645214442538523e-07,0.9594421254361066
2013-02-20,0,0.9763213090592833,8.611315060757752e-16,0.0020614569626689035,0.021616562634765725,6.713432811235255e-07,0.9763213090592833
2013-02-21,0,0.9714194186399309,7.028133128435678e-16,0.0002693876342108683,0.028310132417462205,1.0613083953096767e-06,0.9714194186399309
2013-02-22,0,0.9830531241941634,3.31119881159872e-16,0.00041937523728212455,0.016526959174636466,5.413939182039185e-07,0.9830531241941634
2013-02-25,0,0.983845166602507,1.0429756113917303e-16,0.00014833474536734455,0.01600627657173632,2.2208038941137804e-07,0.983845166602507
2013-02-26,0,0.9757468852213096,3.9499061139007706e-17,3.488282711251603e-05,0.024217675693661542,5.562579155059666e-07,0.9757468852213096
2013-02-27,0,0.8505027178722957,4.1419158814562706e-17,6.090957761077855e-08,0.14949637025151435,8.509666125963791e-07,0.8505027178722957
2013-02-28,0,0.6695546850795903,1.5598311244959166e-17,9.192737235438074e-10,0.33044362957035545,1.6844307808982613e-06,0.6695546850795903
2013-03-01,0,0.7695897854161755,1.5970765462725273e-17,6.798602814635497e-09,0.2304089994262966,1.2083589242152614e-06,0.7695897854161755
2013-03-04,0,0.6893966432951634,3.435106192248359e-17,1.1556653968801264e-09,0.3106022426424783,1.1129066929282495e-06,0.6893966432951634
2013-03-05,0,0.88618126681061,3.0527880812203046e-17,1.9865681234267198e-07,0.11381714499295734,1.3895396193859993e-06,0.88618126681061
2013-03-06,0,0.8707599812261484,7.645579783241389e-17,6.267310749309198e-08,0.1292386969137908,1.2591869535715458e-06,0.8707599812261484
2013-03-07,0,0.8853463288290194,5.044210774350033e-16,2.094578598588244e-07,0.11465167425893129,1.7874541887683335e-06,0.8853463288290194
2013-03-08,0,0.9163103781400679,1.5802889133204726e-15,5.3147560240160806e-08,0.08368876471905774,8.039933128532559e-07,0.9163103781400679
2013-03-11,0,0.933721813906469,1.6354670050937422e-15,1.4354525985226022e-07,0.06627732393820394,7.186100651002057e-07,0.933721813906469
2013-03-12,0,0.9805846056806073,1.3911709616795014e-16,3.556802884219104e-07,0.019414839013833122,1.9962527135402085e-07,0.9805846056806073
2013-03-13,0,0.9770285996007115,1.228176530366376e-16,2.858679129614724e-07,0.022970910115246806,2.044161279198462e-07,0.9770285996007115
2013-03-14,0,0.9833039786970988,1.8128412530089677e-16,6.799310445817295e-07,0.01669515277569368,1.885961621051893e-07,0.9833039786970988
2013-03-15,0,0.9877097914277015,5.940662027127551e-17,3.017923723736677e-07,0.0122897547319215,1.5204800365884128e-07,0.9877097914277015
2013-03-18,0,0.9824942272687516,4.740416149710119e-17,1.5162259221109795e-08,0.017505710206018578,4.736297102199106e-08,0.9824942272687516
2013-03-19,0,0.9784824897460155,3.7784646355234226e-17,2.9076486090065584e-08,0.021517438587213188,4.259028458261172e-08,0.9784824897460155
2013-03-20,0,0.691730112822143,1.9045654857577657e-16,3.4696428591265566e-15,0.3082698864730285,7.048255439418394e-10,0.691730112822143
2013-03-21,0,0.7447420953237506,1.0883021267482003e-16,4.558687354408234e-15,0.25525790411993804,5.56306944527977e-10,0.7447420953237506
2013-03-22,3,0.49942954901109754,8.536931004682243e-17,1.791311126477851e-16,0.500570450635641,3.532618808017732e-10,0.500570450635641
2013-03-25,0,0.7488638806689559,2.442764806744881e-16,1.2430768265387858e-14,0.2511361174839798,1.8470508832851283e-09,0.7488638806689559
2013-03-26,0,0.9176893911834211,3.481201947851312e-16,8.080350227363223e-15,0.0823106083730803,4.4349060174327324e-10,0.9176893911834211
2013-03-27,0,0.9152473651819442,3.214952817848759e-16,1.5869984536635356e-12,0.08475263446531156,3.5115671165730395e-10,0.9152473651819442
2013-03-28,0,0.6004854490022213,1.9397987238744485e-16,6.597022489593034e-21,0.39951455099346,4.318946419271423e-12,0.6004854490022213
2013-04-01,0,0.7370956499454692,1.758866265481433e-16,2.372022719206152e-22,0.26290435005402907,5.020870982756163e-13,0.7370956499454692
2013-04-02,0,0.9235524576004823,9.773118654400251e-17,7.533614936651602e-16,0.07644754235992096,3.959586709042954e-11,0.9235524576004823
2013-04-03,0,0.9466029751323213,8.510246040206139e-18,1.4786803966791631e-16,0.05339702116908379,3.698595195228172e-09,0.9466029751323213
2013-04-04,0,0.948878846564295,3.6613277546425295e-18,1.5623567217451697e-16,0.05112114941194786,4.023756987701427e-09,0.948878846564295
2013-04-05,0,0.9708034343023894,2.1614743720318746e-18,6.255923490241271e-13,0.029196559273248563,6.423737324317735e-09,0.9708034343023894
2013-04-08,0,0.9758225034772441,6.166021779898604e-18,1.4488508289601497e-12,0.024177490403278778,6.11802901792803e-09,0.9758225034772441
2013-04-09,0,0.9829784668959528,7.006897896887817e-18,1.082762195951087e-09,0.01702152579992264,6.221362792574277e-09,0.9829784668959528
2013-04-10,0,0.9844309449432433,3.7756859925001355e-17,9.732876263861564e-08,0.015568930659588174,2.706840582296466e-08,0.9844309449432433
2013-04-11,0,0.9845922744519218,6.06288774997461e-17,1.0438592197018479e-07,0.01540759562102772,2.5541128442999172e-08,0.9845922744519218
2013-04-12,3,0.4372908132024501,7.307075549645837e-19,0.0002758594775204907,0.562395725519799,3.760180022950273e-05,0.562395725519799
2013-04-15,2,5.706511889222339e-24,8.019952161617065e-34,0.9999970749173018,2.5760270675308495e-06,3.490556305818497e-07,0.9999970749173018
2013-04-16,2,3.749212848369396e-25,2.014048276615451e-34,0.9999998721257211,1.2275062989723422e-07,5.123648449105605e-09,0.9999998721257211
2013-04-17,2,1.6298948910659939e-24,2.04955282989555e-34,0.9999999188765025,7.320725009621513e-08,7.916247249979168e-09,0.9999999188765025
2013-04-18,2,1.2254410157580629e-24,1.3293434047677807e-34,0.9999999218624569,6.949370239010382e-08,8.643841425230521e-09,0.9999999218624569
2013-04-19,2,1.0757777610639208e-24,1.3640795322521793e-34,0.99999993367781,6.086197944871308e-08,5.460210091125551e-09,0.99999993367781
2013-04-22,2,1.0127916853998019e-25,9.089611760321337e-35,0.9999999415436721,4.8910018952310545e-08,9.546308048146113e-09,0.9999999415436721
2013-04-23,2,7.483390973827657e-26,4.7760457111673244e-35,0.9999999577732863,3.5487082102123816e-08,6.739632363213627e-09,0.9999999577732863
2013-04-24,2,1.0079989221910808e-25,1.189278053176548e-34,0.999999964031814,2.6723815988740926e-08,9.244370786872778e-09,0.999999964031814
2013-04-25,2,1.4973081668482955e-26,2.266287046693647e-34,0.9999999754616894,1.0130004486371114e-08,1.440830703318912e-08,0.9999999754616894
2013-04-26,2,1.0422428380235281e-26,4.648978977348396e-35,0.9999999740765343,1.1445110562395666e-08,1.4478355170174395e-08,0.9999999740765343
2013-04-29,2,1.6356568745991607e-26,7.785285553360472e-35,0.9999999799607837,7.348911441370265e-09,1.269030532824307e-08,0.9999999799607837
2013-04-30,2,4.024956991242856e-26,7.10927429976826e-34,0.9999999494286977,1.0925777058226029e-08,3.9645524379596926e-08,0.9999999494286977
2013-05-01,2,2.806196180321067e-26,9.222701724804392e-35,0.9999999734250483,6.422366239385683e-09,2.0152584955227832e-08,0.9999999734250483
2013-05-02,2,4.77824723896922e-27,1.2656854098766794e-34,0.999999742926778,6.356866392071131e-08,1.935045587917943e-07,0.999999742926778
2013-05-03,2,2.4878593049531266e-26,2.6097133462172063e-33,0.9999998578034907,6.376847376926448e-08,7.84280351059377e-08,0.9999998578034907
2013-05-06,2,2.575254774337943e-26,7.143950061798337e-33,0.9999998268235178,6.205061871232919e-08,1.1112586336661111e-07,0.9999998268235178
2013-05-07,2,9.573800679903419e-27,2.7253075627920633e-33,0.9999998638036609,7.881028166436744e-08,5.7386057682000333e-08,0.9999998638036609
2013-05-08,2,2.0405621224377955e-26,1.0835841021312006e-32,0.9999997684072357,4.510486927046362e-08,1.8648789577134088e-07,0.9999997684072357
2013-05-09,2,3.1036094485788755e-26,2.6571405105531314e-32,0.999999808012906,4.32478165696148e-08,1.4873927708368383e-07,0.999999808012906
2013-05-10,2,1.875095268426557e-23,1.0540225469943137e-29,0.9999997323970135,6.056045977515465e-08,2.0704252719237234e-07,0.9999997323970135
2013-05-13,2,0.05502250131311828,1.1044292046562886e-17,0.9432864800594659,0.001685213703137961,5.80492427819403e-06,0.9432864800594659
2013-05-14,0,0.8881165788481742,7.491310697621773e-17,0.08433242978640285,0.02754392191974719,7.069445675057873e-06,0.8881165788481742
2013-05-15,3,0.3819395709215714,8.259152173672426e-18,0.1404593389410433,0.4775750408389171,2.6049298468944578e-05,0.4775750408389171
2013-05-16,3,0.2940766146181437,6.11930973199429e-19,0.228019536434461,0.4778816336466523,2.221530074354403e-05,0.4778816336466523
2013-05-17,3,0.08363031040311943,2.5182446325905153e-18,0.4457478206420274,0.47060944778636626,1.2421168486673086e-05,0.47060944778636626
2013-05-20,3,0.17330533853895158,5.71141986369693e-18,0.24490321790778605,0.5817865595580866,4.883995175373387e-06,0.5817865595580866
2013-05-21,3,0.1884183383318759,3.900375412590977e-18,0.3313577286941952,0.4802185955825564,5.337391372329805e-06,0.4802185955825564
2013-05-22,2,0.14747089298967533,5.60802548164783e-17,0.6100742122324904,0.24245182665605722,3.06812177722196e-06,0.6100742122324904
2013-05-23,2,0.19239591014481142,1.2910155154772151e-16,0.562735178386825,0.24486741542265672,1.4960457070095933e-06,0.562735178386825
2013-05-24,2,0.17142424354272748,7.481716163899686e-17,0.6652756617607843,0.16329911567172198,9.790247659290598e-07,0.6652756617607843
2013-05-28,3,0.19078144324613694,3.1755652621348376e-15,0.27158121354818315,0.537634244808375,3.098397301935587e-06,0.537634244808375
2013-05-29,3,0.17345542749461262,9.045169366329016e-15,0.13691704360107704,0.6896220511876675,5.477716634290375e-06,0.6896220511876675
2013-05-30,2,0.30301239679971625,1.3908378849953324e-14,0.3602463859738652,0.3367391410473491,2.0761790559012334e-06,0.3602463859738652
2013-05-31,0,0.37577454151299255,1.1392448158036714e-13,0.2612107905727562,0.3630127064214694,1.961492668309782e-06,0.37577454151299255
2013-06-03,2,0.2105966565283864,1.4258624269938892e-14,0.6366753485843721,0.15272644880430913,1.546082917914048e-06,0.6366753485843721
2013-06-04,2,0.18874839109224756,2.032558542062774e-14,0.5955383090728099,0.2157112418352532,2.0579996691476073e-06,0.5955383090728099
2013-06-05,2,0.3619835315749205,1.5737801438843857e-14,0.41106783934370983,0.226947099038652,1.5300427017979897e-06,0.41106783934370983
2013-06-06,0,0.4517356283364431,1.178478632862922e-14,0.3571318197366748,0.1911310253066079,1.5266202629578887e-06,0.4517356283364431
2013-06-07,3,0.21153521466667358,1.468562310408839e-12,0.03718766163546064,0.7512733025070828,3.821189313736462e-06,0.7512733025070828
2013-06-10,3,0.4596628329687039,5.401445185146085e-12,0.011680356452215284,0.5286546325960885,2.1779775899921315e-06,0.5286546325960885
2013-06-11,3,0.44398745722750554,1.625952884948423e-12,0.04104206058759601,0.5149672983919656,3.1837913075044206e-06,0.5149672983919656
2013-06-12,3,0.4281848730498312,3.0313529275754104e-12,0.06787097174908047,0.5039408354834284,3.319714629001945e-06,0.5039408354834284
2013-06-13,0,0.6701426772492238,1.3361320266192093e-12,0.06882898525915608,0.2610271090980836,1.2283922007152584e-06,0.6701426772492238
2013-06-14,0,0.6565294435729222,2.300586499271251e-13,0.17751544807139974,0.1659542658785903,8.424768580780915e-07,0.6565294435729222
2013-06-17,0,0.5918238591259057,2.917567391521018e-13,0.3578098703706904,0.05036567025882749,6.002442838060109e-07,0.5918238591259057
2013-06-18,0,0.7325944336531711,6.243679379014471e-13,0.1798798567128571,0.08752504549309278,6.64140254877664e-07,0.7325944336531711
2013-06-19,0,0.7600880993605775,1.274636370032217e-11,0.14801807264267489,0.0918918294372488,1.998546752340648e-06,0.7600880993605775
2013-06-20,2,4.039245504689465e-09,2.499479216402719e-17,0.9999301417891016,6.889055980483136e-05,9.636118481897552e-07,0.9999301417891016
2013-06-21,2,2.5320136714951362e-08,1.2635783268818725e-15,0.9998953548448718,0.00010196099202492846,2.6588429648579947e-06,0.9998953548448718
2013-06-24,2,1.464264107239639e-08,3.699416027831207e-15,0.9998493991983667,0.00014674101808167964,3.845140907001059e-06,0.9998493991983667
2013-06-25,2,2.2227344475967435e-08,1.2460321320928442e-14,0.9998568637537789,0.0001377686213489029,5.345397514798247e-06,0.9998568637537789
2013-06-26,2,1.902038366597963e-10,5.623691864254992e-17,0.9998630042586018,0.00012732197544718538,9.673575746402714e-06,0.9998630042586018
2013-06-27,2,2.0955552862221493e-10,1.3856115420314948e-17,0.9996209392916282,0.00035070981203853287,2.8350686778194208e-05,0.9996209392916282
2013-06-28,2,3.9978913759717057e-10,3.002608046180241e-17,0.9987671220511899,0.00111888057047834,0.00011399697854266458,0.9987671220511899
2013-07-01,2,2.8818761703030854e-11,1.2240274078871765e-17,0.9992012318096898,0.0006805811175592766,0.00011818704393292042,0.9992012318096898
2013-07-02,2,1.1825717608312875e-11,5.392575391635173e-18,0.9993274813197769,0.0005993770265283416,7.314164186962957e-05,0.9993274813197769
2013-07-03,2,1.1237568807132225e-11,1.016081599970701e-17,0.9994872673447738,0.00045549595816304775,5.7236685824832294e-05,0.9994872673447738
2013-07-05,2,2.9443923550524827e-14,2.6657548565581464e-16,0.999196355987329,0.00036408266379430826,0.000439561348846346,0.999196355987329
2013-07-08,2,1.1253389071098851e-13,4.1964443461782597e-16,0.9992605745335753,0.0005343804751480894,0.00020504499116361633,0.9992605745335753
2013-07-09,2,7.162502289270868e-14,2.0486433960215272e-16,0.9992492368037201,0.0005109418565561141,0.00023982133965265884,0.9992492368037201
2013-07-10,2,3.5419014479904405e-13,1.2874333334781383e-15,0.9990706828444194,0.0005734325154831821,0.00035588463974107066,0.9990706828444194
2013-07-11,2,2.228673819893592e-13,1.3578070849806264e-14,0.96773330351961,0.0212234510974172,0.0110432453827365,0.96773330351961
2013-07-12,2,6.056516798674039e-13,6.596123081802124e-14,0.9507957161906964,0.032695919170915924,0.016508364637716526,0.9507957161906964
2013-07-15,2,9.433341541413241e-13,3.784234658354036e-14,0.9351828661488168,0.04631977760582224,0.018497356244380096,0.9351828661488168
2013-07-16,2,1.3474949381629509e-12,5.942416911727923e-14,0.8561347150585414,0.09985985417830258,0.04400543076174952,0.8561347150585414
2013-07-17,2,1.790679444120124e-12,2.5767604793793305e-14,0.8530111453318604,0.11061416229148324,0.03637469237483952,0.8530111453318604
2013-07-18,2,3.473020786213049e-12,8.582325372340654e-14,0.7134657614067346,0.24063413066228878,0.045900107927418686,0.7134657614067346
2013-07-19,3,8.769906897560527e-05,7.389443791100307e-10,1.1539696984193644e-08,0.9995361817113375,0.0003761069410457591,0.9995361817113375
2013-07-22,3,3.575301675182169e-07,1.229940327679178e-10,6.254308670511096e-13,0.9985530941642481,0.0014465481819651135,0.9985530941642481
2013-07-23,3,1.050532841330635e-06,3.9311485160245595e-10,5.1201440471354315e-12,0.9994185871645189,0.0005803619044059383,0.9994185871645189
2013-07-24,3,7.312288839312747e-07,1.8994288328064777e-09,8.122598211708465e-10,0.998653764752332,0.0013455013070956734,0.998653764752332
2013-07-25,3,9.14688058089481e-05,4.274032403672781e-08,1.2771749060371905e-12,0.9985619811016563,0.0013465073509333115,0.9985619811016563
2013-07-26,3,0.00023646983952672047,1.605224201501634e-08,3.990402613906698e-11,0.9985324321847387,0.0012310818835878433,0.9985324321847387
2013-07-29,3,0.0002834022818444382,1.783721336044254e-08,2.3553676827854326e-11,0.9984638633134937,0.0012527165438946301,0.9984638633134937
2013-07-30,3,0.003868876595008324,7.009204937234062e-08,1.657061064887326e-12,0.9960123740679819,0.00011867924330294522,0.9960123740679819
2013-07-31,3,0.00628779082476562,1.4545905977068657e-07,7.446664615369306e-11,0.9935816175990791,0.00013044604262881282,0.9935816175990791
2013-08-01,3,0.006680021883502555,2.4912690354409863e-06,5.809411247120415e-12,0.9927237242707169,0.0005937625709366084,0.9927237242707169
2013-08-02,3,0.3870095272945109,5.150197015203371e-06,3.4014734714111864e-08,0.6079177998137635,0.005067488679975983,0.6079177998137635
2013-08-05,0,0.6275025527523282,4.784694152747114e-06,4.974881477422546e-08,0.3706764117255778,0.0018162010791266223,0.6275025527523282
2013-08-06,0,0.5029566491322724,3.24231215145399e-06,6.046596752380047e-07,0.4889417976063538,0.008097706289546787,0.5029566491322724
2013-08-07,3,0.11273999273619696,3.4715088267642585e-07,1.353983521111537e-08,0.865604397879682,0.021655248693402945,0.865604397879682
2013-08-08,3,0.34260392222685454,6.292459173627072e-07,4.2341047563685255e-07,0.642536410970414,0.01485861414633791,0.642536410970414
2013-08-09,3,0.4212931361403239,8.319664609571042e-07,4.0807632371971123e-07,0.5679352996864651,0.010770324130427177,0.5679352996864651
2013-08-12,3,0.21858951169913068,3.420811437427514e-06,3.846987614998042e-07,0.7326030244017014,0.04880365838896851,0.7326030244017014
2013-08-13,3,0.1850024787252284,1.6827153950993375e-05,2.630908863735631e-07,0.7517839725963038,0.06319645843363003,0.7517839725963038
2013-08-14,3,0.17117890419812742,2.8848615213220837e-05,2.067152829547587e-07,0.7651110036820445,0.06368103678933217,0.7651110036820445
2013-08-15,3,0.060053000217440526,7.883898804537915e-06,3.1791353936385618e-06,0.935820193151583,0.004115743596778566,0.935820193151583
2013-08-16,3,0.053725371189230015,3.285851874232818e-05,2.0528702054672845e-06,0.9421964063807667,0.004043311041054751,0.9421964063807667
2013-08-19,0,0.6561785897112955,1.4249322394312747e-05,8.600460325558149e-07,0.3437567042815722,4.9596638705878e-05,0.6561785897112955
2013-08-20,0,0.5569302013144555,8.612130570163834e-06,1.6207158637064672e-07,0.44298855049041846,7.247399296979365e-05,0.5569302013144555
2013-08-21,0,0.667487252275314,3.820156773910627e-05,1.1819420799423215e-08,0.33241380214524274,6.0732192284063963e-05,0.667487252275314
2013-08-22,0,0.6935571227550337,9.505510614044157e-05,2.8466586952586224e-09,0.3062849949483947,6.282434377295713e-05,0.6935571227550337
2013-08-23,0,0.5785213825107549,2.8649934584356326e-05,6.25805269219256e-07,0.421133931341987,0.0003154104074038532,0.5785213825107549
2013-08-26,0,0.6017143169136324,2.027649182699236e-05,8.672361582307033e-07,0.3978557132563149,0.0004088261020683436,0.6017143169136324
2013-08-27,3,0.339463044242719,1.5234369228918357e-06,1.722809805218793e-05,0.6604066540332884,0.0001115501890172216,0.6604066540332884
2013-08-28,3,0.19748895445984205,8.936268977797341e-07,1.6942905045535482e-05,0.8024360116992886,5.719730892620308e-05,0.8024360116992886
2013-08-29,0,0.6929592397008367,2.8482849342583335e-07,0.021939286032806,0.2850889495501064,1.2239887758055915e-05,0.6929592397008367
2013-08-30,0,0.6429823785266601,1.4012498887768718e-07,0.17507983477170375,0.181927069167001,1.0577409646218064e-05,0.6429823785266601
2013-09-03,0,0.5879879101120316,2.026631140654003e-06,0.1998522242142941,0.21211423441674446,4.3604625788719006e-05,0.5879879101120316
2013-09-04,0,0.5573070890360867,3.543888200027809e-06,0.09945196701281289,0.3432309044048205,6.495658079982641e-06,0.5573070890360867
2013-09-05,0,0.4087753684490807,1.5535937686172855e-05,0.26044243483850393,0.33075819370066595,8.467074062620319e-06,0.4087753684490807
2013-09-06,0,0.5163677750172101,2.6222195174762164e-06,0.4145509848579892,0.06907783992950937,7.779757733700686e-07,0.5163677750172101
2013-09-09,0,0.739286137031334,8.504253453116995e-07,0.13856309715719214,0.12214913606845937,7.79317668669668e-07,0.739286137031334
2013-09-10,0,0.8570690238555779,2.038254946159054e-06,0.029494904702425544,0.11343394926187875,8.392517207886731e-08,0.8570690238555779
2013-09-11,0,0.9073797915882623,6.85034899168718e-07,0.004795217579674952,0.08782423521397502,7.058318790060146e-08,0.9073797915882623
2013-09-12,0,0.6124123363150895,1.7996490257329397e-06,0.1308568547692646,0.2567235576737483,5.451592872167807e-06,0.6124123363150895
2013-09-13,0,0.6179995229645273,5.032664535786355e-07,0.0020315376544046177,0.3799545960077443,1.3840106869822848e-05,0.6179995229645273
2013-09-16,0,0.6239159497899143,8.465850873936058e-07,0.007947754330678534,0.368120188137287,1.5261157032126555e-05,0.6239159497899143
2013-09-17,0,0.6010341918984182,6.207395443581335e-07,0.005527881776112605,0.39342187208307483,1.5433502849255263e-05,0.6010341918984182
2013-09-18,0,0.7678736965451677,1.361459151399241e-08,0.0012664799271802868,0.23084053122579812,1.927868726324329e-05,0.7678736965451677
2013-09-19,3,0.0002541921240550225,3.866658201212226e-08,0.0005570417039423075,0.9970224641529277,0.002166263352493625,0.9970224641529277
2013-09-20,3,3.973835368993534e-05,1.0364986651764734e-08,0.011939359886781973,0.9759922926193001,0.012028598775240653,0.9759922926193001
2013-09-23,3,9.494756038667024e-05,7.60522232986057e-09,0.0023231867208166786,0.9882634737377525,0.00931838437582265,0.9882634737377525
2013-09-24,3,9.430441581711557e-05,2.0467085619464115e-09,0.004373541356358969,0.9841025888129438,0.011429563368170768,0.9841025888129438
2013-09-25,3,5.0758420788260516e-05,4.729462646267743e-10,0.00020222466725929462,0.9918181750112774,0.007928841427728065,0.9918181750112774
2013-09-26,3,3.425135747593636e-05,5.408462915502176e-10,0.00018639806373878882,0.9889718349850352,0.010807515052903978,0.9889718349850352
2013-09-27,3,2.5077942397927992e-05,6.066969860102605e-10,0.0008520308954885878,0.9905834079259199,0.008539482629496255,0.9905834079259199
2013-09-30,3,2.5036799545050395e-05,5.131604835418366e-10,0.00039613451781381995,0.9928045669254745,0.006774261244005849,0.9928045669254745
2013-10-01,3,1.2493697242723835e-06,2.598938018329661e-10,0.001606859884817941,0.9196372282777162,0.07875466220784728,0.9196372282777162
2013-10-02,3,4.495219488503957e-07,3.682275091334536e-10,0.07570549038175119,0.8662836219787861,0.05801043774928595,0.8662836219787861
2013-10-03,3,4.6643709253031417e-07,8.955953527694292e-11,0.002888918600971662,0.9687235803352865,0.028387034537089743,0.9687235803352865
2013-10-04,3,4.3471036111834675e-07,2.248029545828665e-10,0.0026946280739117688,0.9590217327132724,0.03828320427765249,0.9590217327132724
2013-10-07,3,1.9319992308020028e-07,1.7543129813627123e-10,0.0015497082629666208,0.9706649931863401,0.027785105175339112,0.9706649931863401
2013-10-08,3,2.0924999220110753e-07,1.181427087128764e-10,0.0002007359395780859,0.9933368843491839,0.006462170343103145,0.9933368843491839
2013-10-09,3,2.3935089237363633e-07,2.653308706707628e-10,0.0012321627087897404,0.9782700475092712,0.020497550165715313,0.9782700475092712
2013-10-10,3,3.6470210316899644e-06,2.4198950164664722e-09,0.002568651109901906,0.9892252054813547,0.008202493967817248,0.9892252054813547
2013-10-11,3,2.289204526802625e-06,2.3401881384045224e-09,0.005625279797558452,0.9773153272728123,0.01705710138491462,0.9773153272728123
2013-10-14,3,2.9306155221032687e-06,1.5233054060616918e-09,0.006613046291608599,0.9724463649414318,0.020937656628132812,0.9724463649414318
2013-10-15,3,2.344605953766558e-06,2.008335255281057e-09,0.0032359319598813567,0.9808906523554082,0.0158710690704211,0.9808906523554082
2013-10-16,3,2.4941882276695054e-06,9.166917935956499e-10,0.34626373632022933,0.6286046604425087,0.02512910813234209,0.6286046604425087
2013-10-17,3,0.00015322444179145274,5.592217275145789e-11,0.3651422935122241,0.6343591623099024,0.0003453196801597819,0.6343591623099024
2013-10-18,3,0.001807755910007981,2.597594524908682e-10,0.048034013117219214,0.9499571014917744,0.0002011292212387834,0.9499571014917744
2013-10-21,3,0.0022168275449765663,8.337390003898872e-10,0.033600891687535106,0.9639394001334378,0.00024287980031186316,0.9639394001334378
2013-10-22,3,0.00019956285557572477,8.770413007678189e-11,0.0001841835477984941,0.9992743296588585,0.0003419238500628171,0.9992743296588585
2013-10-23,3,0.0006517039126608679,5.7872177641839235e-11,0.0008840419485127792,0.9982546459998844,0.00020960808106929146,0.9982546459998844
2013-10-24,3,0.0004631246156625623,1.157237192009412e-10,0.002239066244533555,0.996951673828091,0.0003461351959890965,0.996951673828091
2013-10-25,3,0.000880848157893023,1.013161420488683e-10,0.003363165381404975,0.9954461402915761,0.00030984606780948596,0.9954461402915761
2013-10-28,3,0.0013302619221879951,1.9860998734013837e-10,0.001915249884792959,0.9965352690272894,0.00021921896711881288,0.9965352690272894
2013-10-29,3,0.024745264846298173,2.1342009883394407e-10,0.00024352291104170944,0.974980076155858,3.1135873382032616e-05,0.974980076155858
2013-10-30,3,0.06013395869223755,8.267962411266485e-10,3.895824605333877e-08,0.9398352414296516,3.0760093067859494e-05,0.9398352414296516
2013-10-31,3,0.019897970333885136,5.994959249729809e-10,2.3601783899795608e-08,0.9800699111303685,3.2094334465798795e-05,0.9800699111303685
2013-11-01,3,0.03847962496745386,5.102084600875973e-09,2.687542404723034e-06,0.9614599510618668,5.773132619057651e-05,0.9614599510618668
2013-11-04,3,0.08091924189246255,5.167391074591678e-09,1.2273079592982844e-05,0.9189660962926104,0.00010238356794237588,0.9189660962926104
2013-11-05,3,0.0671401188187525,1.2373173235385711e-08,1.4872117370659737e-05,0.932688228652151,0.0001567680385529386,0.932688228652151
2013-11-06,3,0.1871917774145438,3.35675743935126e-08,2.836792946705188e-05,0.8126070500276276,0.0001727710607877331,0.8126070500276276
2013-11-07,3,0.17382438048145135,6.285822586205944e-09,0.0002051149978386701,0.825378704910882,0.0005917933240047811,0.825378704910882
2013-11-08,3,0.11765575411548589,1.1437733359701964e-07,2.6352375033020842e-08,0.8820337431702976,0.000310361984507605,0.8820337431702976
2013-11-11,3,0.13913112372101288,2.0903938692417816e-07,1.2120363434855793e-08,0.860528052104661,0.0003406030145755289,0.860528052104661
2013-11-12,3,0.1698088885487542,2.7661984921549416e-07,8.125972039080636e-08,0.829780471796348,0.00041028177532758905,0.829780471796348
2013-11-13,3,0.17921307537111583,2.2199768163545315e-07,2.1616586126431226e-08,0.820438093023043,0.0003485879915730405,0.820438093023043
2013-11-14,0,0.874463187126615,6.15926991320454e-08,0.006366696431388703,0.11916763874674338,2.4161025531884838e-06,0.874463187126615
2013-11-15,0,0.8914282724261611,5.512498895120961e-08,0.007773507581983316,0.100795903264727,2.2616021391724613e-06,0.8914282724261611
2013-11-18,0,0.8735891332667023,1.5801196758806164e-08,0.03480997319621858,0.09159511496674308,5.762769140132665e-06,0.8735891332667023
2013-11-19,0,0.7925240578856123,3.2303807538249208e-09,0.19435455062004964,0.013120604728869709,7.835350883731369e-07,0.7925240578856123
2013-11-20,0,0.7294574035679878,2.119297010369798e-08,0.24843452463517793,0.02210666213358419,1.388470280080433e-06,0.7294574035679878
2013-11-21,0,0.8516371957467861,4.524269126698724e-07,0.03800456920265874,0.11034845055825394,9.332065388111416e-06,0.8516371957467861
2013-11-22,0,0.8707172286806345,2.8030689654997263e-07,0.01714208504386302,0.11213145062084169,8.955347764534785e-06,0.8707172286806345
2013-11-25,0,0.8497745958360526,2.6320598677778857e-07,0.00700861894430934,0.14320177945075596,1.474256289486152e-05,0.8497745958360526
2013-11-26,0,0.8730731874266267,1.1625627997772267e-07,0.006892986076314561,0.12002548159605227,8.228644725780098e-06,0.8730731874266267
2013-11-27,0,0.8613583247846099,1.940517413573108e-07,0.01876403728245999,0.11986975182689881,7.692054289125492e-06,0.8613583247846099
2013-11-29,0,0.9440305402246267,1.0112590316867712e-07,0.015836706545960536,0.04013188777547564,7.643280348209985e-07,0.9440305402246267
2013-12-02,0,0.8473203287695414,1.1990490811465246e-06,0.0008992590631062287,0.15175286857732276,2.6344540948577826e-05,0.8473203287695414
2013-12-03,0,0.8502515737801891,1.2333399161130896e-06,0.0031750512402364548,0.14655169002425758,2.0451615401305132e-05,0.8502515737801891
2013-12-04,0,0.793109416446209,1.0598433522104336e-06,0.05639350787542009,0.15046139138486453,3.462445015367557e-05,0.793109416446209
2013-12-05,0,0.6787585313430686,1.4189176155993623e-06,0.003620104270405574,0.3174698196008207,0.0001501258680902553,0.6787585313430686
2013-12-06,0,0.6999542190057257,2.1029033244047344e-06,0.0026842749961427403,0.29723547237654474,0.00012393071826268854,0.6999542190057257
2013-12-09,0,0.864669083446745,9.284161970590918e-07,5.243867750905548e-05,0.1352252717116068,5.227774794243738e-05,0.864669083446745
2013-12-10,0,0.7690355619083962,3.474544371861018e-07,0.003671776640822002,0.22723479656516046,5.7517431183863955e-05,0.7690355619083962
2013-12-11,0,0.7308921693669777,7.953303703377764e-07,0.0014413075685485327,0.26757077204049534,9.495569360835764e-05,0.7308921693669777
2013-12-12,3,0.2464030226712062,1.275589156461353e-06,0.16471275783433187,0.5881419827503771,0.000740961154927469,0.5881419827503771
2013-12-13,3,0.3408535551545306,1.6199387972764313e-06,0.11118191881463442,0.5475125451898484,0.0004503609021885572,0.5475125451898484
2013-12-16,3,0.291299985344013,1.615211979900386e-06,0.21751940074647785,0.49081528468188157,0.00036371401564747063,0.49081528468188157
2013-12-17,3,0.2865871152182898,8.883883401360066e-07,0.17461873513408907,0.5385153552680895,0.00027790599119221755,0.5385153552680895
2013-12-18,3,0.28562967357756036,1.9187911118931863e-06,0.1627725605466721,0.551026106017119,0.0005697410675363725,0.551026106017119
2013-12-19,3,0.009027441679027078,2.710932243213478e-06,0.04833679201019185,0.9370374877090105,0.005595567669527199,0.9370374877090105
2013-12-20,3,0.010694291723020005,5.815061824293478e-07,0.22994111805511563,0.7560988847869035,0.0032651239287790307,0.7560988847869035
2013-12-23,3,0.008750954790718224,8.113337014777403e-07,0.38027288172266127,0.6085714459511977,0.002403906201721742,0.6085714459511977
2013-12-24,3,0.006690222376863068,1.880715828855265e-06,0.34729668073589615,0.6421267846611685,0.0038844315102437893,0.6421267846611685
2013-12-26,3,0.005926197728302377,1.890396467440982e-06,0.42029926192463285,0.5701563372342401,0.0036163127163578164,0.5701563372342401
2013-12-27,3,0.004088454006444346,1.114268793782611e-06,0.3652602239367937,0.6262289366505859,0.00442127113738219,0.6262289366505859
2013-12-30,3,0.002226837316746535,4.0380278454803565e-07,0.47673993683778515,0.5143378040406626,0.006695018002020572,0.5143378040406626
2013-12-31,2,0.014939867902391173,1.374989984122841e-06,0.7408244545489779,0.2430930435027743,0.0011412590558732198,0.7408244545489779
2014-01-02,3,0.004273667975598583,6.558620223610048e-06,7.758665587156513e-05,0.9934080590685104,0.002234127679796205,0.9934080590685104
2014-01-03,3,0.0037973240689628865,6.320028110106499e-06,4.011572236316831e-08,0.9953523329291278,0.0008439828580768056,0.9953523329291278
2014-01-06,3,0.011584632582845842,1.1399235055295915e-05,5.521724761892664e-07,0.9874171176057491,0.0009862984038732764,0.9874171176057491
2014-01-07,3,0.010852676724353118,8.195338171245335e-06,7.282148812371544e-07,0.9878608033240037,0.0012775963985901613,0.9878608033240037
2014-01-08,3,0.010892920907342712,1.546061228318762e-05,7.263919344540326e-07,0.987778108921054,0.0013127831673857468,0.987778108921054
2014-01-09,3,0.016352302818560337,1.1141012931326719e-05,5.165966361733031e-11,0.9824610304865936,0.0011755256302542294,0.9824610304865936
2014-01-10,3,0.02721985755790119,2.829261085360189e-06,3.969244130157132e-08,0.9716202045154857,0.0011570689730863936,0.9716202045154857
2014-01-13,3,0.1464611115266118,3.6682951316163256e-06,2.1367185189052902e-09,0.8534613245564618,7.389348507569293e-05,0.8534613245564618
2014-01-14,3,0.19398762548985382,7.697297250920651e-06,3.99935726012901e-09,0.8058921277527897,0.00011254546074822073,0.8058921277527897
2014-01-15,3,0.30243062495995204,5.607416157936012e-05,4.754940186150062e-10,0.6967064729681514,0.0008068274348232889,0.6967064729681514
2014-01-16,3,0.40316154603669013,3.937537046726995e-05,3.6771970667280154e-10,0.5964629635519945,0.0003361146731284715,0.5964629635519945
2014-01-17,3,0.31112264585015553,3.197926813979772e-05,2.367990143483759e-10,0.6885505988034402,0.00029477584146499,0.6885505988034402
2014-01-21,3,0.22258182732673107,2.352596306788547e-06,1.684761784245167e-20,0.7774157995602613,2.0516700127352685e-08,0.7774157995602613
2014-01-22,3,0.19687674826501347,5.144833187766198e-06,5.939712146139136e-22,0.8031180743456257,3.2556173431532975e-08,0.8031180743456257
2014-01-23,0,0.6814220197589277,5.223183282316668e-06,3.461134353481727e-11,0.3185724350002672,3.220229117181892e-07,0.6814220197589277
2014-01-24,0,0.7045345976812812,2.6811435520628266e-06,2.7020579292782612e-11,0.29546239341952135,3.2772862440570636e-07,0.7045345976812812
2014-01-27,0,0.6865322460410004,3.339646320176519e-06,1.0551197854385607e-11,0.31346416163396085,2.526681681510297e-07,0.6865322460410004
2014-01-28,0,0.5507121451932371,3.061649925400207e-06,1.7172888148575091e-12,0.4492845690392768,2.2411584250543504e-07,0.5507121451932371
2014-01-29,3,0.4544322823371572,1.3139212217650175e-06,1.8172641097559904e-11,0.5455663762594116,2.7464036407274298e-08,0.5455663762594116
2014-01-30,0,0.5538824749388195,3.909368821675215e-06,1.165175794962396e-10,0.44611334328006613,2.7229577454065313e-07,0.5538824749388195
2014-01-31,0,0.9571355031316436,2.1543895840314595e-07,3.456690665570086e-07,0.04286382813240524,1.0762792683467319e-07,0.9571355031316436
2014-02-03,0,0.9557503162963696,2.1580387904920042e-08,1.0845669174804319e-07,0.0442495428244891,1.084206117450519e-08,0.9557503162963696
2014-02-04,0,0.9556767343550545,6.554000701170761e-08,7.887582572436541e-08,0.04432311054513124,1.0683981038006296e-08,0.9556767343550545
2014-02-05,0,0.9489910947806194,1.498145086091641e-07,6.725948620791188e-08,0.05100867487011253,1.3275273506658193e-08,0.9489910947806194
2014-02-06,0,0.9503191802282869,2.457675187959192e-07,3.889757751662864e-09,0.049680539466438946,3.064799783005954e-08,0.9503191802282869
2014-02-07,0,0.9373306911583733,1.7010511488411893e-07,1.2791494546973213e-07,0.06266895944464479,5.1376921220219456e-08,0.9373306911583733
2014-02-10,0,0.9707504755968072,2.113754423765303e-07,4.88387196850462e-09,0.029249290182267327,1.796161076088114e-08,0.9707504755968072
2014-02-11,0,0.941416061359102,5.658201420775163e-07,4.962584406172095e-09,0.05858326366030422,1.0419786652533608e-07,0.941416061359102
2014-02-12,0,0.9336662666677223,1.3053626436054104e-06,7.505687762510879e-09,0.06633226278308461,1.5768086215447729e-07,0.9336662666677223
2014-02-13,0,0.9262329907693155,6.407391393725114e-07,1.0510198752660452e-07,0.07376615314819773,1.1024136006955244e-07,0.9262329907693155
2014-02-14,0,0.8536051839514411,1.2831829946325405e-06,5.167261791751612e-08,0.14639301298523438,4.682077126523622e-07,0.8536051839514411
2014-02-18,0,0.8465964901265202,7.469947427770883e-07,6.247620051980062e-08,0.15340252016182002,1.8024071574821414e-07,0.8465964901265202
2014-02-19,0,0.8207125650968584,1.1071290720765266e-06,8.263844278702778e-09,0.17928614905778092,1.7045244493888937e-07,0.8207125650968584
2014-02-20,0,0.8009147327303808,9.141722210833588e-07,1.852042088596114e-07,0.19908403155006008,1.3634312987137396e-07,0.8009147327303808
2014-02-21,0,0.9232615040591071,7.952321516799849e-07,4.392733631310257e-09,0.07673761912602778,7.718997955599506e-08,0.9232615040591071
2014-02-24,0,0.9136760016342584,8.489788169934075e-07,2.4688127751424924e-08,0.08632307222468096,5.247411504405513e-08,0.9136760016342584
2014-02-25,0,0.9144135240733088,4.336136346494007e-07,3.051299384849443e-09,0.08558598593386656,5.332789118537909e-08,0.9144135240733088
2014-02-26,0,0.8781974835124009,1.4050350964933828e-07,1.0297235565994336e-08,0.12180183836814355,5.273187106618534e-07,0.8781974835124009
2014-02-27,0,0.9025969980664603,7.360317358710207e-08,1.0985761853877251e-08,0.09740224279260215,6.74552001575399e-07,0.9025969980664603
2014-02-28,0,0.9780804205706107,1.530276917293865e-07,9.110007422856581e-07,0.021918184295900228,3.311050555284441e-07,0.9780804205706107
2014-03-03,0,0.84275479850021,5.294318614022693e-08,2.8973194658573513e-09,0.15724470688429906,4.387749849414549e-07,0.84275479850021
2014-03-04,0,0.8496288858803281,1.55455734345449e-08,4.941226199510067e-10,0.15037099962183387,9.845814166852965e-08,0.8496288858803281
2014-03-05,0,0.7636985501135363,5.925756000499628e-08,2.1488496648534534e-11,0.2363013038072346,8.680018075162308e-08,0.7636985501135363
2014-03-06,0,0.8083661046210181,1.3104982298873866e-07,8.954088157872894e-10,0.19163366348508884,9.994866217310894e-08,0.8083661046210181
2014-03-07,0,0.8444039990081528,5.394483880824013e-07,2.888069902304326e-08,0.15559501105262247,4.2161013693044244e-07,0.8444039990081528
2014-03-10,0,0.8006720064057653,4.867789282839214e-07,8.712513624274878e-09,0.1993272295708012,2.685319913930342e-07,0.8006720064057653
2014-03-11,0,0.838272013740919,3.6357010698126234e-07,6.933933355077725e-09,0.16172744721267288,1.685423680847358e-07,0.838272013740919
2014-03-12,0,0.8036993231634397,1.2910503472868918e-06,1.6804323871639684e-08,0.1962988624163713,5.065655180009491e-07,0.8036993231634397
2014-03-13,0,0.8246792412520856,3.2225833306347513e-07,2.8243168503698516e-08,0.175319729786612,6.784598003794692e-07,0.8246792412520856
2014-03-14,0,0.8352258453140761,2.660686113068053e-07,4.213302415491114e-08,0.16477326627101296,5.802132762706879e-07,0.8352258453140761
2014-03-17,0,0.891027010083231,3.1530000366524203e-07,1.3613911046708111e-09,0.1089725986053279,7.465004603450852e-08,0.891027010083231
2014-03-18,0,0.9248547626910636,3.747905265454973e-07,3.522355104628899e-10,0.07514472592174569,1.3624442794951994e-07,0.9248547626910636
2014-03-19,0,0.940590341162527,1.7034947110028628e-06,6.104870904117793e-08,0.05940750957192066,3.8472213307446746e-07,0.940590341162527
2014-03-20,0,0.9392730249446894,1.4417149753181218e-06,3.2421225584453207e-07,0.060724849452330025,3.596757488246728e-07,0.9392730249446894
2014-03-21,0,0.9477851568763572,7.240360062055585e-07,5.973845473735712e-07,0.052213257008175085,2.6469491321638526e-07,0.9477851568763572
2014-03-24,0,0.9291355472307897,9.794565459292823e-07,7.554949030237264e-08,0.07086105635432498,2.3414088489725718e-06,0.9291355472307897
2014-03-25,0,0.9354613362457778,7.88754662758791e-07,1.0963674561407565e-07,0.06453542735207923,2.338010735069611e-06,0.9354613362457778
2014-03-26,0,0.9403755646722081,3.6684804233175827e-07,2.6598472025629416e-08,0.059622979565289974,1.062315986882691e-06,0.9403755646722081
2014-03-27,0,0.9505112234393186,2.5540930925121374e-07,2.7989149695106277e-08,0.04948688463842948,1.608523793098814e-06,0.9505112234393186
2014-03-28,0,0.9653638245029177,4.806397121038415e-07,2.3653780608393462e-07,0.03463467059281897,7.87726744952292e-07,0.9653638245029177
2014-03-31,0,0.9722372562629216,2.6510002843655607e-06,5.4715721871132995e-11,0.027758355669094695,1.7370129839981803e-06,0.9722372562629216
2014-04-01,0,0.971682629973401,7.33508425901115e-06,1.3960752856521609e-12,0.028306629709440048,3.4052315033665586e-06,0.971682629973401
2014-04-02,0,0.9689892227688643,8.640969083963102e-06,1.7662916816389757e-11,0.030996525131605123,5.611112782987236e-06,0.9689892227688643
2014-04-03,0,0.9822408766408222,1.163353612821257e-05,5.147090091129488e-13,0.017724201552660142,2.3288269875290987e-05,0.9822408766408222
2014-04-04,0,0.9756766262894002,9.733379946539984e-07,1.7226639150803847e-09,0.024319633905107635,2.7647448340283034e-06,0.9756766262894002
2014-04-07,0,0.9739652338371697,4.298032488775946e-07,3.2337205082209408e-09,0.02602705292320092,7.280202659585943e-06,0.9739652338371697
2014-04-08,0,0.9519691691605403,1.1714129294221993e-07,1.9544624515064782e-05,0.04800846665382152,2.7024198302771673e-06,0.9519691691605403
2014-04-09,0,0.9667038386874901,5.227936559631038e-09,0.0007288352380236811,0.03256694321355811,3.7763299123432205e-07,0.9667038386874901
2014-04-10,0,0.9741247418336618,2.7640558119288076e-09,0.0009032472556046485,0.024971819435372643,1.8871130493756565e-07,0.9741247418336618
2014-04-11,0,0.9714458446727043,2.4185815853425058e-09,0.0003558009587546952,0.028198022621199716,3.293287596726597e-07,0.9714458446727043
2014-04-14,0,0.9613544311710237,2.5166182099816288e-09,4.969300343737045e-05,0.038595148181772454,7.251271483076397e-07,0.9613544311710237
2014-04-15,0,0.9416948382264737,5.324375006286614e-10,0.00032586879587499654,0.05797789479154136,1.3976536719959487e-06,0.9416948382264737
2014-04-16,0,0.9365270426233986,2.8510691485918115e-10,5.214911389040881e-07,0.06347191197193533,5.236284202206056e-07,0.9365270426233986
2014-04-17,0,0.9149706078463388,1.7604785375511008e-09,1.0211384169493355e-07,0.08502840862030946,8.79659031274917e-07,0.9149706078463388
2014-04-21,0,0.9057938160710949,1.3643093072292802e-09,7.073473709508074e-08,0.0942049218733787,1.189956479299611e-06,0.9057938160710949
2014-04-22,0,0.9743809365545902,5.285223059603403e-09,2.8042432125173756e-06,0.025616169042091765,8.4874882414782e-08,0.9743809365545902
2014-04-23,0,0.9764696012103027,3.174976624477531e-09,3.6166145609843066e-06,0.023526707604495684,7.139566370512274e-08,0.9764696012103027
2014-04-24,0,0.980533379400342,2.0729506734162008e-09,2.5844175403231167e-06,0.019464008012943155,2.609622419892299e-08,0.980533379400342
2014-04-25,0,0.9770974092356665,2.672316538509692e-09,7.674008047324063e-07,0.02290180374090628,1.6950305914821134e-08,0.9770974092356665
2014-04-28,0,0.9755496833675393,3.1750489469252143e-09,5.493290664447737e-07,0.024449746360967563,1.7767377915517735e-08,0.9755496833675393
2014-04-29,0,0.9796371119552393,5.4441460309870005e-09,2.457422567566649e-06,0.020360410351083272,1.4826964040485253e-08,0.9796371119552393
2014-04-30,0,0.9788099439417979,2.5051183255296615e-09,9.482836392603966e-07,0.021189087664081112,1.7605363495248108e-08,0.9788099439417979
2014-05-01,0,0.9844732799019367,6.770126349393128e-10,1.597393580407388e-05,0.015510728106454878,1.737879204565847e-08,0.9844732799019367
2014-05-02,0,0.9722336315025865,4.956447547589802e-10,4.7693681231257955e-06,0.027761556026969725,4.2606675974051445e-08,0.9722336315025865
2014-05-05,0,0.9769420380690232,9.492268105714109e-10,3.399429289530176e-06,0.02305452154214116,4.001031879162903e-08,0.9769420380690232
2014-05-06,0,0.9799977228436733,7.003736725144171e-10,2.8629155275238173e-06,0.019999394769421263,1.8771004272353314e-08,0.9799977228436733
2014-05-07,0,0.9854917807905358,3.647847421094996e-09,1.281673111350407e-08,0.014508025840938953,1.76903947572371e-07,0.9854917807905358
2014-05-08,0,0.9835683114024473,4.2222332205474745e-09,1.0080553901515978e-08,0.016431403823651772,2.704711139507853e-07,0.9835683114024473
2014-05-09,0,0.9666933069205509,1.023533788143918e-08,1.0345874282501984e-09,0.033305020122117786,1.6616874056868155e-06,0.9666933069205509
2014-05-12,0,0.9497017134149348,1.7617131367738256e-08,4.22293003731514e-09,0.050296018813567815,2.2459314350723e-06,0.9497017134149348
2014-05-13,0,0.9737699247247649,8.159810821579518e-09,1.5206199767264742e-08,0.02622901367118392,1.0382380408491632e-06,0.9737699247247649
2014-05-14,0,0.9838466102806013,1.9395980406715157e-09,1.2744840538021633e-08,0.016153266992425183,1.08042535097199e-07,0.9838466102806013
2014-05-15,0,0.9597797132882586,1.0249484919808971e-09,1.5643168836091353e-08,0.04021925806592262,1.0119777014520212e-06,0.9597797132882586
2014-05-16,0,0.9472680810036245,1.7332634182107364e-09,3.974496651309541e-08,0.05272976330683852,2.1142113071875937e-06,0.9472680810036245
2014-05-19,0,0.953070619811238,2.8354218659816174e-09,2.5485869348589367e-08,0.04692764962660794,1.702240862309248e-06,0.953070619811238
2014-05-20,0,0.9743009355752209,1.898068478272173e-09,2.5619464516047625e-08,0.02569662875466255,2.40815258285458e-06,0.9743009355752209
2014-05-21,0,0.9847658491668962,3.5282191314174415e-09,6.536657786696564e-09,0.015233060156972178,1.0806112555490422e-06,0.9847658491668962
2014-05-22,0,0.9842932516939689,7.693918872319306e-09,5.637319560125363e-10,0.015705673247030035,1.0668013499522946e-06,0.9842932516939689
2014-05-23,0,0.9797175837367024,1.8931700456430528e-09,4.40928465448071e-09,0.020279964753603073,2.445207239158188e-06,0.9797175837367024
2014-05-27,0,0.9058469012762812,8.61891985206295e-10,8.311951534032649e-09,0.09412111578608769,3.197376378843713e-05,0.9058469012762812
2014-05-28,0,0.9210513509219924,1.0183198625887281e-10,3.8558111608765186e-08,0.07894013446261408,8.475955449395504e-06,0.9210513509219924
2014-05-29,0,0.9375447248350025,1.6738835743702832e-11,2.4986755221672812e-08,0.06245313760779408,2.112553709446018e-06,0.9375447248350025
2014-05-30,0,0.9279416066653375,2.856534101430831e-11,3.6754394524679406e-09,0.07205608580327538,2.3038273818634527e-06,0.9279416066653375
2014-06-02,0,0.9148936747791881,1.2784022915346622e-10,2.309405198963138e-11,0.08510485191253819,1.473157339170151e-06,0.9148936747791881
2014-06-03,0,0.9010877905817024,3.0122038286741457e-10,1.1106303261074807e-11,0.09891039129863105,1.8178073397609962e-06,0.9010877905817024
2014-06-04,0,0.8546655581610472,2.7982903597037126e-10,1.869578258626157e-13,0.14533297519139443,1.4663675426659886e-06,0.8546655581610472
2014-06-05,0,0.9654000447417999,1.2553860769305505e-10,5.05327587599939e-09,0.03459954331275129,4.067666343720185e-07,0.9654000447417999
2014-06-06,0,0.9617295186718546,1.5160104591167455e-10,6.299059264734759e-09,0.038270015075654945,4.5980182936195824e-07,0.9617295186718546
2014-06-09,0,0.9093805391192554,5.702218366850456e-10,4.22483051396108e-09,0.09061812361818955,1.3324675029256836e-06,0.9093805391192554
2014-06-10,0,0.9050324275791156,1.2484407591563039e-09,8.728439211572698e-11,0.09496639755685758,1.1735283024639486e-06,0.9050324275791156
2014-06-11,0,0.9323979538335586,7.617012473151977e-10,1.8082496347842232e-10,0.0676015593649271,4.85858988350007e-07,0.9323979538335586
2014-06-12,0,0.96603087374594,5.4986625923543114e-11,3.6054768602957463e-09,0.033969089721368084,3.287222849614653e-08,0.96603087374594
2014-06-13,0,0.9799280159785658,9.696811329764229e-11,2.368275737014135e-08,0.0200719488752371,1.1366471839901678e-08,0.9799280159785658
2014-06-16,0,0.981728578100789,9.212328427085309e-11,3.584403042519418e-08,0.018271377103895932,8.859161495182623e-09,0.981728578100789
2014-06-17,0,0.9812365033079206,3.2238590742216285e-10,3.806612193327417e-08,0.01876344998792335,8.31564858863699e-09,0.9812365033079206
2014-06-18,0,0.9807527535781619,1.625385413891379e-10,1.0046430210156932e-07,0.01924713207164014,1.3723357351848395e-08,0.9807527535781619
2014-06-19,0,0.9489128354135145,1.8848584385459084e-10,0.01932140274799407,0.03176534373435799,4.179156473845518e-07,0.9489128354135145
2014-06-20,0,0.9376824567636136,1.449750158854424e-10,0.03202089056341772,0.030296333583633244,3.1894436051872023e-07,0.9376824567636136
2014-06-23,0,0.9360948800042335,2.223300410284746e-10,0.03031564726388897,0.033589096756975384,3.757525716772883e-07,0.9360948800042335
2014-06-24,0,0.9119033946418706,9.32508549844167e-11,0.07224611640658486,0.015850448610610617,4.024768384532748e-08,0.9119033946418706
2014-06-25,0,0.9498706567948698,5.593215739821484e-11,0.0251723455045978,0.024956941100103054,5.654449762309861e-08,0.9498706567948698
2014-06-26,0,0.9364605883495357,1.2171644843418141e-11,0.03071140278416932,0.03282796209910273,4.675502120625834e-08,0.9364605883495357
2014-06-27,0,0.8579212514536622,2.4168872283856098e-11,0.11571915184144024,0.026359543164713416,5.3516015754432806e-08,0.8579212514536622
2014-06-30,0,0.9153719203668759,2.099817881495059e-11,0.040204377276479714,0.04442362325112456,7.908452219220963e-08,0.9153719203668759
2014-07-01,0,0.9095402627036818,6.105255581553963e-11,0.04383498907165853,0.046624666311856924,8.185174935022949e-08,0.9095402627036818
2014-07-02,0,0.9258023807709264,4.579391378969636e-10,0.03941098915926281,0.034786552366650306,7.724522228577404e-08,0.9258023807709264
2014-07-03,0,0.9092324838497666,3.0912418612515293e-10,0.0656848846844436,0.025082607818027982,2.333863771181377e-08,0.9092324838497666
2014-07-07,0,0.8653491159729648,1.4146739394747976e-10,0.11250320444850523,0.022147623873833303,5.556322998852599e-08,0.8653491159729648
2014-07-08,0,0.8587233772870371,1.6722628111076475e-11,0.1288846353554822,0.01239190282562817,8.451512960971632e-08,0.8587233772870371
2014-07-09,0,0.6534702911861285,1.5724916282658908e-11,0.33001265183014394,0.016516979254318567,7.771368429300738e-08,0.6534702911861285
2014-07-10,0,0.8894835921252902,1.49607769571536e-11,0.08278866929947448,0.027727666291524924,7.226874973593024e-08,0.8894835921252902
2014-07-11,0,0.8801965871942156,8.359661351230114e-12,0.04292171347387994,0.07688154264835127,1.5667519414413105e-07,0.8801965871942156
2014-07-14,0,0.8125643199672524,6.287573018966924e-11,0.020429096156829345,0.16700476277269374,1.8210403485641452e-06,0.8125643199672524
2014-07-15,0,0.7841003925638745,4.258943256112951e-11,0.05061204594925604,0.16528546307203978,2.098372240474386e-06,0.7841003925638745
2014-07-16,0,0.7767793634854895,8.401095713002405e-11,0.02482757346528357,0.19839049234932118,2.5706158949113967e-06,0.7767793634854895
2014-07-17,0,0.8647947257026549,3.077248192500296e-11,0.018803933218114927,0.11640093430953993,4.0673891809535854e-07,0.8647947257026549
2014-07-18,0,0.9879073657312484,1.5230602960910147e-11,9.717381827908409e-08,0.012092535349820294,1.7298829147482187e-09,0.9879073657312484
2014-07-21,0,0.9879596609512638,1.5306039797939084e-11,7.976383443410996e-08,0.012040257754868245,1.514727113907464e-09,0.9879596609512638
2014-07-22,0,0.9912727101664243,8.25967512935661e-12,4.3364203162757906e-07,0.008726854781342372,1.401941569763913e-09,0.9912727101664243
2014-07-23,0,0.9909961430158917,1.1244401588929445e-11,5.745048239547901e-07,0.009003280946106803,1.5219340057988917e-09,0.9909961430158917
2014-07-24,0,0.9857781077960432,2.399118745401873e-11,5.419341029880939e-07,0.01422134654506193,3.7008003623949474e-09,0.9857781077960432
2014-07-25,0,0.9837186580599685,1.249026478961405e-11,4.5037640889283686e-08,0.016281292787923195,4.1019772128599556e-09,0.9837186580599685
2014-07-28,0,0.9828398872813727,2.1406410450220635e-11,1.622092216421565e-08,0.017160092335840593,4.140458627548126e-09,0.9828398872813727
2014-07-29,0,0.9832877184471079,1.0408506250889628e-11,1.57900099090921e-08,0.01671226041995968,5.332513403902824e-09,0.9832877184471079
2014-07-30,0,0.9850809717053314,8.13633685272309e-11,1.0887747264151926e-08,0.014919012393107469,4.9324512327392964e-09,0.9850809717053314
2014-07-31,0,0.9391208399341928,7.249022862285531e-11,1.5316158706618615e-08,0.06087911167285454,3.300430344845606e-08,0.9391208399341928
2014-08-01,0,0.9388076118215224,2.8123664785456505e-11,6.235708802794768e-07,0.061191724852647914,3.97268253965491e-08,0.9388076118215224
2014-08-04,0,0.9534979942699909,2.621876655677438e-11,7.276533227456818e-07,0.046501243781973844,3.426849439906535e-08,0.9534979942699909
2014-08-05,0,0.9551432444109215,2.305308342729969e-11,1.0914321925188733e-06,0.04485562455254629,3.9581286926998907e-08,0.9551432444109215
2014-08-06,0,0.9533371887360242,2.51731534313732e-11,7.663650308798913e-05,0.04658603037877259,1.4435694265911898e-07,0.9533371887360242
2014-08-07,0,0.9679380063106067,7.968042444862057e-12,0.0004804611710195822,0.03158142693162342,1.0557878251835984e-07,0.9679380063106067
2014-08-08,0,0.9737090953093918,2.6595393372584792e-12,0.00024185883780006924,0.02604895145265349,9.439749560342635e-08,0.9737090953093918
2014-08-11,0,0.9861603935624127,9.614892079642263e-13,0.0020355507196109773,0.01180405183819438,3.878820125496106e-09,0.9861603935624127
2014-08-12,0,0.9841876648114326,2.076691203856723e-12,0.0006579358929037037,0.015154395162928385,4.130659115570304e-09,0.9841876648114326
2014-08-13,0,0.9872870092021875,7.505581777612478e-13,0.0011995716584593595,0.011513414136703289,5.001899510486076e-09,0.9872870092021875
2014-08-14,0,0.9552142866398504,3.542084043034824e-12,0.0018083034719848109,0.04297722785027967,1.820343434149856e-07,0.9552142866398504
2014-08-15,0,0.9907570692466061,1.6506542540295096e-11,3.723529945303606e-05,0.0092053180404158,3.7739701830029786e-07,0.9907570692466061
2014-08-18,0,0.9836208743359652,2.311955566548133e-11,4.1899730464475446e-05,0.016336588491490653,6.3741896085558e-07,0.9836208743359652
2014-08-19,0,0.9868086141704128,3.204120425828436e-11,4.65017439927002e-06,0.013186279965257716,4.5565788842541563e-07,0.9868086141704128
2014-08-20,0,0.9876680586797036,2.6158971599973917e-10,4.159601358510671e-06,0.012326952675215759,8.287821329072862e-07,0.9876680586797036
2014-08-21,0,0.95430051751908,1.2405111174806684e-10,3.9210218701560745e-08,0.045698542292749215,9.008539011946322e-07,0.95430051751908
2014-08-22,0,0.9683647294544532,1.6016550668060072e-10,1.3032151386289282e-07,0.03163342995654015,1.7101073281518642e-06,0.9683647294544532
2014-08-25,0,0.9659032033461731,1.1622113990411878e-10,1.0822569186484766e-07,0.03409492844955363,1.759862360639919e-06,0.9659032033461731
2014-08-26,0,0.9673274293878964,1.3300888759336012e-10,5.383286356925014e-08,0.03267126223875091,1.254407479768487e-06,0.9673274293878964
2014-08-27,0,0.9680542566281021,7.752324478764002e-11,1.6166009568050973e-08,0.03194467437431936,1.0527540448425401e-06,0.9680542566281021
2014-08-28,0,0.9700119850305609,3.313977194516095e-11,4.54653825896001e-09,0.029987911332809605,9.905695142457375e-08,0.9700119850305609
2014-08-29,0,0.948205998063149,9.840458914510995e-11,2.4645912615518586e-11,0.05179374309159783,2.5872220231682116e-07,0.948205998063149
2014-09-02,0,0.9724258368841041,7.278944423384679e-11,6.490584161254068e-08,0.027573880028963736,2.1810830083397333e-07,0.9724258368841041
2014-09-03,0,0.9905253263945749,7.629636105163392e-11,2.3070977605470058e-07,0.009474354166266259,8.865308632011372e-08,0.9905253263945749
2014-09-04,0,0.9781459876763572,5.6537762733716874e-11,1.6675065818389858e-10,0.02185399192341451,2.0176939179202353e-08,0.9781459876763572
2014-09-05,0,0.9783286221505647,1.3049969250638544e-10,3.760684437224349e-10,0.02167134209201851,3.5250848617881756e-08,0.9783286221505647
2014-09-08,0,0.9888212086409924,1.3088683568913587e-10,7.063471420890794e-08,0.01117866135461592,5.923879057365083e-08,0.9888212086409924
2014-09-09,0,0.9871754150269269,2.699184787714202e-10,4.0966448147071596e-08,0.012824460629893729,8.310681304457924e-08,0.9871754150269269
2014-09-10,0,0.9818624578420229,5.603726445723e-10,1.543488798359634e-08,0.01813743494766598,9.121505116634132e-08,0.9818624578420229
2014-09-11,0,0.9672248260357342,8.683030573558752e-10,5.137956118925763e-09,0.03277503763365121,1.3032435612408582e-07,0.9672248260357342
2014-09-12,0,0.9487814347959433,1.438801198659449e-09,3.775406316249699e-10,0.05121848069015275,8.26975615433746e-08,0.9487814347959433
2014-09-15,0,0.9390846615755374,2.810384679363012e-10,1.3817132447740615e-09,0.06091532590171285,1.085999714260023e-08,0.9390846615755374
2014-09-16,0,0.9840731851584604,3.1354331626542257e-10,2.991380292861791e-08,0.015926774135405834,1.0478787712946279e-08,0.9840731851584604
2014-09-17,0,0.9768195840209154,2.016089511650659e-10,3.4360517333854873e-09,0.023180403562307127,8.77911691300985e-09,0.9768195840209154
2014-09-18,0,0.9316686751805849,2.8873777761089427e-10,2.6885869028364857e-11,0.06833131586800283,8.635788181340265e-09,0.9316686751805849
2014-09-19,0,0.9863287302459357,1.4980378227869792e-10,2.913490738900424e-07,0.013670973016864853,5.238322261190792e-09,0.9863287302459357
2014-09-22,0,0.9731589834830567,1.4162562903400543e-10,5.152764542266051e-07,0.026840498147315386,2.951548299903361e-09,0.9731589834830567
2014-09-23,0,0.9763146087056623,8.225776558391808e-11,8.012691470255891e-07,0.0236845879943278,1.9486042557600414e-09,0.9763146087056623
2014-09-24,0,0.9541695367891034,2.6121305991315493e-10,6.039862887463156e-07,0.04582985667456152,2.2888341356995472e-09,0.9541695367891034
2014-09-25,0,0.9605260349231081,1.018452568301266e-10,2.960995338809636e-07,0.0394736672051248,1.6703880803986814e-09,0.9605260349231081
2014-09-26,0,0.9294774657532325,3.5559413452899485e-10,5.033093849341642e-07,0.07052202783488903,2.746898806493185e-09,0.9294774657532325
2014-09-29,0,0.9581402611589906,9.715623614518279e-11,1.1732771487624224e-06,0.041858564141262,1.325442574303815e-09,0.9581402611589906
2014-09-30,0,0.9602118989777019,2.7982781918047745e-09,2.9350745732405957e-05,0.03975874565538093,1.822905986033265e-09,0.9602118989777019
2014-10-01,0,0.9675836614688931,2.9833340361097393e-10,7.756894325604687e-06,0.03240857855981665,2.778631029550021e-09,0.9675836614688931
2014-10-02,0,0.966803447528898,4.834200738449184e-10,4.12918541365684e-05,0.033155258082001725,2.051543173384698e-09,0.966803447528898
2014-10-03,0,0.9490167768733059,5.423034721559277e-10,0.03668690615963408,0.014296316152957044,2.7179982739768204e-10,0.9490167768733059
2014-10-06,0,0.8840746395060737,2.7974876801194154e-10,0.10911766987077422,0.006807690294676599,4.8726344333488745e-11,0.8840746395060737
2014-10-07,0,0.940625620873655,1.2853692259825695e-10,0.05459695810922715,0.004777420858649389,2.9931491812222507e-11,0.940625620873655
2014-10-08,0,0.9786195710864489,5.129143291394066e-11,0.017172414128608177,0.004208014708217539,2.5433369894667525e-11,0.9786195710864489
2014-10-09,0,0.9970904574668892,1.3081694801977478e-10,0.0009561025047803807,0.0019534398335129166,6.400034505629501e-11,0.9970904574668892
2014-10-10,0,0.9963651449387072,8.547476884992238e-11,0.0013947276304432674,0.0022401272895951163,5.577917408533875e-11,0.9963651449387072
2014-10-13,0,0.996078250525938,5.352541329936563e-11,0.001684001503423946,0.002237747869563001,4.755024409420554e-11,0.996078250525938
2014-10-14,0,0.9955287893025915,7.241441014182505e-11,3.827834350452656e-05,0.004432932155865617,1.2562327134463434e-10,0.9955287893025915
2014-10-15,0,0.9953131624040643,6.636071823592685e-12,0.00015686487047880695,0.004529972608856604,1.0996334199307398e-10,0.9953131624040643
2014-10-16,0,0.9934342228391034,9.389346326834643e-11,0.00026154590227519305,0.0063042310792462055,8.548104092096629e-11,0.9934342228391034
2014-10-17,0,0.9923209436279937,2.7316673527850575e-10,0.00023072725752530004,0.007448328772010341,6.930420131582196e-11,0.9923209436279937
2014-10-20,0,0.9896474036860445,1.4657490892088488e-10,0.00036417956608817396,0.009988416412965634,1.8832632233889364e-10,0.9896474036860445
2014-10-21,0,0.9879571078781354,1.6104860644992516e-10,0.00026769521959812964,0.0117751962578358,4.833827795170753e-10,0.9879571078781354
2014-10-22,0,0.9839530232381466,1.6165048942646969e-10,0.0009186169969199894,0.015128356683481541,2.919802047580706e-09,0.9839530232381466
2014-10-23,0,0.9784356770979251,2.9046976940513333e-09,2.705014394671755e-05,0.0215372665960135,3.2574170047045876e-09,0.9784356770979251
2014-10-24,0,0.970980080989503,1.7682153295609247e-09,4.9484916648522334e-05,0.028970426414252574,5.911380622794188e-09,0.970980080989503
2014-10-27,0,0.9629945046218046,1.1107249156105273e-09,2.1944318339845175e-05,0.036983541554081886,8.39504881851101e-09,0.9629945046218046
2014-10-28,0,0.9558036622426769,1.8046404453647119e-09,1.0419742729700259e-05,0.04418591265098998,3.558963162988752e-09,0.9558036622426769
2014-10-29,0,0.9687640843891103,4.324168798680563e-09,3.7815867552441914e-06,0.031232126474483073,3.2254820482322664e-09,0.9687640843891103
2014-10-30,0,0.9634561775727898,1.4370096769664452e-09,3.644229814132298e-05,0.036507341172671424,3.751938856612164e-08,0.9634561775727898
2014-10-31,0,0.9351407670560588,2.7830229887864942e-09,1.5041929875143311e-05,0.06484402978993486,1.5844110750151926e-07,0.9351407670560588
2014-11-03,0,0.9205785020904204,4.397681234368721e-09,1.626844961816782e-07,0.07942105334050921,2.7748689224069196e-07,0.9205785020904204
2014-11-04,0,0.9337442132809758,3.2096323103215387e-09,1.2961251106818299e-07,0.06625528838004527,3.655168347397731e-07,0.9337442132809758
2014-11-05,0,0.8747927798736628,2.535681723244313e-08,1.2698969480381852e-08,0.1252059559735646,1.2260969858067662e-06,0.8747927798736628
2014-11-06,0,0.9039288860998607,2.4166614012293896e-08,3.4457266779051586e-08,0.09606759485727613,3.460418981563618e-06,0.9039288860998607
2014-11-07,0,0.8558411453269785,2.227440197658637e-09,2.8412149757235467e-05,0.14412489862885108,5.541666972133707e-06,0.8558411453269785
2014-11-10,0,0.8375829025900864,5.27131691248115e-09,1.6725936012586175e-05,0.16237949715537564,2.0869047208571768e-05,0.8375829025900864
2014-11-11,0,0.8388199075486236,3.576936106621668e-10,0.009287026300098318,0.15188819667076225,4.86912282301404e-06,0.8388199075486236
2014-11-12,0,0.8428529075959071,3.5998445063852884e-10,0.005161883807424458,0.15197240501805798,1.28032186255404e-05,0.8428529075959071
2014-11-13,0,0.7643431544556539,1.1495790085244686e-09,1.3804316103654606e-05,0.23562271824917352,2.0321829490652368e-05,0.7643431544556539
2014-11-14,0,0.7841191465179684,2.852177989089678e-10,0.005838145604766589,0.21002683779991593,1.5869792131552487e-05,0.7841191465179684
2014-11-17,0,0.7677425298741525,4.920163132287132e-10,0.004797425439994288,0.22744775094460257,1.2293249233528056e-05,0.7677425298741525
2014-11-18,0,0.6623934309264515,6.032823691642187e-10,0.00060393424730159,0.3369945903757013,8.04384726358472e-06,0.6623934309264515
2014-11-19,0,0.6252531219795469,6.712918572444075e-10,0.0006969227066845338,0.37404566201542955,4.292627048069814e-06,0.6252531219795469
2014-11-20,0,0.7109649863305006,1.372401814147493e-10,0.003547306969042967,0.2854849964229153,2.7101403010395264e-06,0.7109649863305006
2014-11-21,0,0.6723433680625053,6.560848302807933e-11,0.008747807122649564,0.3189035011725617,5.3235766739898975e-06,0.6723433680625053
2014-11-24,0,0.615127160316843,5.390177574611589e-11,0.004514746214840605,0.3803524570503506,5.636364064332621e-06,0.615127160316843
2014-11-25,3,0.4358406636524044,1.9501971076301112e-11,0.00030037862455780593,0.5638518135871246,7.1441164105249545e-06,0.5638518135871246
2014-11-26,0,0.5000985840795817,9.967485417790298e-12,0.0008223828725791491,0.4990725794174832,6.453620388482458e-06,0.5000985840795817
2014-11-28,0,0.9955943572316037,6.609711294811926e-11,2.154890953918875e-06,0.004387271545000695,1.621626634507164e-05,0.9955943572316037
2014-12-01,0,0.9926710592662433,4.566578005351608e-10,0.001974251371930321,0.005230895410968953,0.00012379349419946404,0.9926710592662433
2014-12-02,0,0.9776555501124007,4.6628049713502455e-09,0.004244642313893921,0.017971363227942815,0.00012843968295721565,0.9776555501124007
2014-12-03,0,0.9697084505160785,6.012936724136783e-09,0.016161766264325896,0.014005974232494112,0.00012380297416528764,0.9697084505160785
2014-12-04,0,0.9817943287523129,4.463978356733295e-10,0.016795731582682664,0.0013572295062071445,5.270971240032774e-05,0.9817943287523129
2014-12-05,0,0.9696631102784651,1.9613495250744404e-09,0.02790074792431327,0.002363128259427011,7.30115764454586e-05,0.9696631102784651
2014-12-08,0,0.9923825686289255,4.137395277634566e-10,9.159462848916362e-05,0.00750825406069747,1.75822681475509e-05,0.9923825686289255
2014-12-09,0,0.9430758044894234,2.8666598442677253e-09,0.0029828981206853635,0.053022485023898405,0.0009188094993326065,0.9430758044894234
2014-12-10,0,0.7962632232827492,3.285052163128096e-10,2.6459571586110442e-05,0.19768727186289778,0.00602304495426094,0.7962632232827492
2014-12-11,0,0.8152041822163325,3.3726954910010693e-10,2.4808093808091937e-05,0.1764830233368006,0.00828798601579044,0.8152041822163325
2014-12-12,0,0.7965895355741497,5.087443381625361e-11,2.4780072056970904e-05,0.19571503769947057,0.007670646603447855,0.7965895355741497
2014-12-15,0,0.6766752470641358,3.506305536539927e-11,9.183757410839238e-07,0.32041343780658826,0.0029103967184732522,0.6766752470641358
2014-12-16,0,0.7097079978389401,1.9062415790473818e-11,2.173996692824194e-06,0.2811754445202924,0.009114383625012242,0.7097079978389401
2014-12-17,3,0.4184929110446183,5.542247701657387e-11,4.832531790635513e-08,0.5789763546129088,0.0025306859617309735,0.5789763546129088
2014-12-18,3,0.25197509438229304,1.2271714615385793e-10,2.091682129785594e-09,0.739812627543766,0.008212275859540997,0.739812627543766
2014-12-19,3,0.14370110039894157,6.673587153301008e-11,5.2580160199344236e-11,0.8519703740762347,0.0043285254055062,0.8519703740762347
2014-12-22,3,0.23546178379017527,9.622783544374344e-11,5.488826054523314e-10,0.7546762233295036,0.009861992235212422,0.7546762233295036
2014-12-23,3,0.1947492705504644,1.0248024783183349e-09,9.0862553598419e-11,0.8012892261227559,0.0039615022111142845,0.8012892261227559
2014-12-24,3,0.1977967390862868,1.2367470893773418e-09,1.1170227768744205e-10,0.7983294401329053,0.0038738194323571207,0.7983294401329053
2014-12-26,3,0.047896669846970226,7.333245942894606e-10,1.984055401140697e-11,0.937517634495185,0.014585694904681035,0.937517634495185
2014-12-29,3,0.01071821935049975,2.844395569656157e-11,1.9117140913031557e-09,0.9891363980208405,0.00014538068850128587,0.9891363980208405
2014-12-30,3,0.030980423597823915,1.8429103621137955e-11,1.2274915965760076e-12,0.9689915652782292,2.8011104290476262e-05,0.9689915652782292
2014-12-31,3,0.009577810102398747,5.9987093793649715e-12,5.990971671330321e-14,0.9903092775645127,0.00011291232703038672,0.9903092775645127
2015-01-02,3,0.01339149097552489,3.0515371683651873e-12,6.894445034911154e-14,0.9864666640211788,0.00014184500017649237,0.9864666640211788
2015-01-05,3,0.003007996851328141,1.4867046558379643e-12,3.5473790757922423e-17,0.9966382567414864,0.00035374640569812115,0.9966382567414864
2015-01-06,3,0.00041762156295438387,2.4735166252165513e-13,1.0002266433670093e-20,0.9992114106169034,0.0003709678198948908,0.9992114106169034
2015-01-07,3,0.0028873220971633693,1.0330694872085104e-12,1.9428801789067204e-18,0.9969067506144026,0.00020592728740041863,0.9969067506144026
2015-01-08,3,0.005633814422268971,2.5835358432174573e-11,5.612939659458793e-26,0.994129020698187,0.0002371648537079821,0.994129020698187
2015-01-09,3,0.04969930191953673,2.2282524714497616e-11,7.138817932047688e-21,0.9502284702316884,7.222782649231878e-05,0.9502284702316884
2015-01-12,3,0.010681330109913515,6.267354198820164e-12,2.601785635121997e-24,0.9892911496864409,2.752019737866429e-05,0.9892911496864409
2015-01-13,3,0.031071416293959722,7.519278831274885e-12,3.7770836709925873e-22,0.9689146276471388,1.395605138195691e-05,0.9689146276471388
2015-01-14,3,0.07476025036901261,9.78186853349621e-12,1.4845476247974303e-21,0.9252358285389775,3.921082227872882e-06,0.9252358285389775
2015-01-15,3,0.008241947743355795,2.124471975715151e-12,8.144649753136219e-25,0.991757635924847,4.1632967336554586e-07,0.991757635924847
2015-01-16,3,0.006378879317584537,3.825330530461815e-12,9.55842007468361e-23,0.9936198308507308,1.2898278586578608e-06,0.9936198308507308
2015-01-20,3,0.0011915394143025239,2.3432229893116838e-12,9.733810141137937e-25,0.9988078986759383,5.619074155927709e-07,0.9988078986759383
2015-01-21,3,0.0007961428301840872,4.317379847470139e-12,4.362029625153071e-24,0.9992037346602766,1.2250522121857207e-07,0.9992037346602766
2015-01-22,3,0.00050778303382801,1.7155983112916493e-11,7.249960971927413e-27,0.9994921540683351,6.288068104348393e-08,0.9994921540683351
2015-01-23,3,0.0015899749843438337,5.298463509145895e-12,7.383069970646377e-25,0.9984097819390589,2.430712990061918e-07,0.9984097819390589
2015-01-26,3,0.0005681179340939258,2.359147145300278e-12,3.925301860210725e-25,0.9994318251067309,5.695681610216592e-08,0.9994318251067309
2015-01-27,3,0.002371991877202301,3.930708847738538e-12,2.7997323379973793e-22,0.9976279400614315,6.805743619464782e-08,0.9976279400614315
2015-01-28,3,0.005991353655409436,1.4955633579905302e-12,1.9095328732989215e-22,0.9940084315572563,2.1478583855187616e-07,0.9940084315572563
2015-01-29,3,0.0006595231519037394,1.6749365870359952e-13,3.2894183545330295e-24,0.9993404008458776,7.600205192022674e-08,0.9993404008458776
2015-01-30,3,4.876792260018709e-05,6.156425312268448e-15,1.3965476376392325e-20,0.999951153793883,7.828351138998466e-08,0.999951153793883
2015-02-02,3,8.238898807268656e-06,8.010763154087455e-16,3.9873559008028845e-21,0.9999917179187895,4.318240291966655e-08,0.9999917179187895
2015-02-03,3,4.74889703822036e-09,4.0970829855108218e-19,4.783932556302285e-24,0.9999999725326741,2.2718428750019275e-08,0.9999999725326741
2015-02-04,3,1.3945937283597156e-09,2.0033509398097361e-19,1.4226817069468475e-27,0.9999999093052244,8.930018223379987e-08,0.9999999093052244
2015-02-05,3,4.4358312905303843e-10,5.63841918256586e-20,1.1382014044350873e-28,0.9999998498515363,1.4970488008011597e-07,0.9999998498515363
2015-02-06,3,2.206604802119133e-11,1.0361744326153584e-20,6.535715125422822e-30,0.9999990404869179,9.594910152212128e-07,0.9999990404869179
2015-02-09,3,4.10181736717898e-12,1.1481603446084403e-21,1.6750241674368464e-29,0.9999988013435804,1.198652316921977e-06,0.9999988013435804
2015-02-10,3,1.4364127236474152e-11,2.7532177941243527e-21,4.923069772597281e-28,0.9999887022314404,1.1297754195592398e-05,0.9999887022314404
2015-02-11,3,2.728685171865688e-11,5.044047289605503e-21,1.1147018780991626e-27,0.999970787574323,2.9212398390683802e-05,0.999970787574323
2015-02-12,3,8.93576896738248e-11,1.9237014979320893e-20,1.2164015623268843e-26,0.9999683522326457,3.164767799733844e-05,0.9999683522326457
2015-02-13,3,2.3036355305553173e-10,5.631007021514032e-21,1.9815357623690958e-23,0.9996807027490916,0.0003192970205452713,0.9996807027490916
2015-02-17,3,5.348840904784691e-10,2.9346458863375215e-19,3.823241345319755e-24,0.9995711065101619,0.00042889295495342786,0.9995711065101619
2015-02-18,3,3.9696247147303435e-09,3.987378312148756e-19,4.8766644165229005e-20,0.9984815154060872,0.0015184806242880672,0.9984815154060872
2015-02-19,3,1.8842135804182948e-08,1.2500453796223138e-17,5.939379625591618e-21,0.9993149522512351,0.0006850289066295049,0.9993149522512351
2015-02-20,3,9.617407262286213e-08,3.248524854335788e-16,1.0614932848470412e-16,0.9988218962240198,0.0011780076019065064,0.9988218962240198
2015-02-23,3,9.483923799414182e-08,6.903646644051546e-17,4.391749769662795e-17,0.9990847654559137,0.0009151397048473159,0.9990847654559137
2015-02-24,3,1.9593146880897016e-07,2.8169142174174424e-17,1.2741063863247468e-16,0.9992975893303365,0.000702214738194399,0.9992975893303365
2015-02-25,3,2.2997670867055528e-08,6.806335638275325e-19,1.236859412859824e-19,0.9991756105503623,0.0008243664519671749,0.9991756105503623
2015-02-26,3,2.516186358133487e-10,3.154103682589069e-20,2.4280992413601803e-25,0.9999137518693352,8.624787904635712e-05,0.9999137518693352
2015-02-27,3,6.875758877060888e-11,1.724249807818899e-21,2.3914071862736219e-29,0.9999880979941523,1.1901937090017227e-05,0.9999880979941523
2015-03-02,3,1.3388742097904572e-08,7.797512682325518e-18,3.485128809902851e-33,0.9999958019576092,4.184653649510724e-06,0.9999958019576092
2015-03-03,3,1.4991813988603757e-08,1.9223657510249262e-17,1.2488998843338202e-33,0.9999966561368693,3.3288713171864273e-06,0.9999966561368693
2015-03-04,3,0.00046787674835008474,1.1645959594642583e-12,3.5905059931352434e-25,0.999456237229379,7.58860211070072e-05,0.999456237229379
2015-03-05,3,0.01666300235046623,2.4838567603715448e-12,2.8121853222182845e-17,0.9832247128380478,0.0001122848090014588,0.9832247128380478
2015-03-06,0,0.9461906177506854,1.5037638502948485e-09,2.1564780083962972e-08,0.053112893879072434,0.00069646530169754,0.9461906177506854
2015-03-09,0,0.9986660557439055,4.42651121259925e-10,2.3924245670744496e-06,0.0013204383524823564,1.111303639472115e-05,0.9986660557439055
2015-03-10,0,0.9993760762940085,1.2012197342149375e-10,3.037259689178932e-08,0.0006073025382467935,1.6590675026399962e-05,0.9993760762940085
2015-03-11,0,0.9995507649356316,5.012002159782657e-11,6.425891773251772e-07,0.00044058818325128286,8.004241820615461e-06,0.9995507649356316
2015-03-12,0,0.9997596534484894,7.742068856846203e-11,1.1244738281258443e-07,0.00023476911727169275,5.464909434736844e-06,0.9997596534484894
2015-03-13,0,0.9992152162407849,1.9263105942819502e-10,1.1505508532651401e-10,0.0007694534168521992,1.5330034676206016e-05,0.9992152162407849
2015-03-16,0,0.9965572625187703,3.2024952469672954e-10,1.1100360449298925e-12,0.0033873942465597463,5.5342913311184344e-05,0.9965572625187703
2015-03-17,0,0.9979313784698672,6.74973979777669e-11,1.4985875716128932e-10,0.002051270238234867,1.73510745411574e-05,0.9979313784698672
2015-03-18,0,0.9996883210732375,9.947159521210071e-12,4.053354686809159e-09,0.0003080499903285299,3.6248731329349738e-06,0.9996883210732375
2015-03-19,0,0.9988765528794382,1.2265992896757808e-11,9.53811118647548e-10,0.0011192618241422211,4.184330342862587e-06,0.9988765528794382
2015-03-20,0,0.9999756303074439,1.6639725119402957e-12,1.3055102416723384e-06,2.2010989097040428e-05,1.0531915540627213e-06,0.9999756303074439
2015-03-23,0,0.999972640319558,1.7444708723596943e-12,5.002305006777295e-06,2.1202827443776438e-05,1.1545462476889862e-06,0.999972640319558
2015-03-24,0,0.9999803266263444,7.676636565825809e-13,6.633750340145099e-06,1.2041545169573317e-05,9.98077378025968e-07,0.9999803266263444
2015-03-25,0,0.9999288735360318,2.5492318911980906e-12,1.6120587139142645e-05,5.382144557404154e-05,1.1844287053851763e-06,0.9999288735360318
2015-03-26,0,0.9860862284286511,9.691962643211704e-13,0.013865914291620804,4.757974234657782e-05,2.7753641273274495e-07,0.9860862284286511
2015-03-27,0,0.9995054836743701,4.550848851993591e-13,0.0004235459184041185,7.074029326372357e-05,2.3011350660513238e-07,0.9995054836743701
2015-03-30,0,0.9992544927553345,7.245490159340796e-13,0.000560851200505225,0.00018437797372711568,2.7806970872845554e-07,0.9992544927553345
2015-03-31,0,0.9996182889988072,3.8704647719598155e-13,0.0002574701242114353,0.00012401646032713406,2.244162672992301e-07,0.9996182889988072
2015-04-01,0,0.9970036808068988,2.6840021554857007e-14,0.002938482762345947,5.722228696417372e-05,6.141437648402843e-07,0.9970036808068988
2015-04-02,0,0.9992413367783475,5.3041712069504674e-14,0.0005661170511616741,0.0001914125706896031,1.1335997484474263e-06,0.9992413367783475
2015-04-06,0,0.9930396514773487,1.8136133838785953e-13,2.0435621864570973e-05,0.006931524587149163,8.388313456808397e-06,0.9930396514773487
2015-04-07,0,0.9725076114228189,1.5631749342180966e-13,1.84311021404684e-05,0.02744912898869698,2.4828486187957407e-05,0.9725076114228189
2015-04-08,0,0.6749896190035689,3.2810947759327827e-13,1.0337499498464891e-07,0.32494646970256336,6.380791854479728e-05,0.6749896190035689
2015-04-09,3,0.32902141197705526,1.0228914515309586e-12,3.7239169314560056e-08,0.6709382383980896,4.031238466242133e-05,0.6709382383980896
2015-04-10,3,0.2885586300837857,5.063687966178604e-13,3.4991519734461694e-07,0.7113289244063694,0.00011209559414100728,0.7113289244063694
2015-04-13,3,0.27821999029057654,4.166905653611142e-14,8.916405645484803e-07,0.7216785656604136,0.00010055240840375214,0.7216785656604136
2015-04-14,3,0.08637642647896437,3.4805282970668594e-15,1.2126384866176326e-06,0.9133278554466526,0.0002945054358922456,0.9133278554466526
2015-04-15,3,0.009767642248469667,2.0604393679983984e-16,6.352559176618001e-07,0.9883760495294666,0.0018556729661470628,0.9883760495294666
2015-04-16,3,0.007808721574296262,8.891740874728369e-17,4.331960973502589e-08,0.9914369566196797,0.0007542784864141526,0.9914369566196797
2015-04-17,3,0.02176410974991976,5.419417269471403e-17,4.987591051709393e-07,0.9780890665863119,0.00014632490466310154,0.9780890665863119
2015-04-20,3,0.002292492031721265,3.710833044194837e-17,9.646191454758128e-10,0.9976988036920988,8.703311561522425e-06,0.9976988036920988
2015-04-21,3,0.011162134118836268,1.0951817839720113e-15,5.256543875174371e-10,0.9888309001733563,6.965182151700809e-06,0.9888309001733563
2015-04-22,3,0.0022928632861722482,7.480843166810321e-16,1.7283192790522484e-10,0.9976987028927715,8.433648223376932e-06,0.9976987028927715
2015-04-23,3,0.008214810171704891,1.4359004723635602e-15,2.3133837573875096e-09,0.9917725808297236,1.2606685187162463e-05,0.9917725808297236
2015-04-24,3,0.035031176753559976,4.058027630456459e-15,6.49396997574996e-09,0.964948413336205,2.0403416260130607e-05,0.964948413336205
2015-04-27,3,0.014026155256891257,2.900154383187875e-15,7.192328882202834e-07,0.9859361638309547,3.696167926333478e-05,0.9859361638309547
2015-04-28,3,0.01610575383614841,1.3292277927501628e-14,1.228729010367491e-07,0.983836565807176,5.755748376166994e-05,0.983836565807176
2015-04-29,3,0.002387123366783499,2.9391167919216637e-15,9.07267410235815e-09,0.9974907954512117,0.00012207210932772526,0.9974907954512117
2015-04-30,3,0.003143080874952162,6.197072986761176e-15,4.2509669364789923e-10,0.9964677427387321,0.0003891759612129488,0.9964677427387321
2015-05-01,3,0.004040442531797587,4.4906139038370134e-14,2.568266247621662e-08,0.9955986325363777,0.0003608992491173693,0.9955986325363777
2015-05-04,3,0.01781293383865221,1.3951878732531123e-12,8.273544091365526e-10,0.9820878839649108,9.918136768731923e-05,0.9820878839649108
2015-05-05,3,0.020904850516262827,3.1577280784089343e-12,3.1954202146461685e-09,0.9790585650161816,3.6581268978230064e-05,0.9790585650161816
2015-05-06,3,0.020668014495084167,4.662082030196527e-13,6.802848728792976e-09,0.9792867539058958,4.522479570591698e-05,0.9792867539058958
2015-05-07,3,0.0179590293192871,2.41817710754296e-13,5.136095502336471e-10,0.9820241978944381,1.677227242261341e-05,0.9820241978944381
2015-05-08,3,0.030957196533360785,2.2805002399550556e-13,8.582621051613219e-10,0.9690249244141751,1.7878193974532956e-05,0.9690249244141751
2015-05-11,3,0.029776804019150373,3.8565372843537015e-12,9.234098417519907e-10,0.9702024630974251,2.073195615803062e-05,0.9702024630974251
2015-05-12,3,0.12006789268680435,1.2977026256490945e-11,8.116161853842678e-08,0.879899247847745,3.2778290855694405e-05,0.879899247847745
2015-05-13,3,0.1723792648374222,1.4436832066937978e-10,2.1946134975315516e-06,0.8276040348885451,1.4505516166861492e-05,0.8276040348885451
2015-05-14,3,0.25766975324996744,1.8159350015330794e-10,4.0570312751102425e-06,0.7423120243095886,1.4165227574730278e-05,0.7423120243095886
2015-05-15,3,0.35780452615767533,1.481815004666272e-11,1.689634693406922e-05,0.6421616996051344,1.6877875437910787e-05,0.6421616996051344
2015-05-18,3,0.3356427622586277,8.932887312911501e-11,1.742876526470748e-06,0.6643446378941927,1.0856881323475387e-05,0.6643446378941927
2015-05-19,0,0.7969408222394818,1.7240020212224778e-10,0.0060372954980535505,0.1969607497028069,6.113238725723563e-05,0.7969408222394818
2015-05-20,0,0.9383551843319032,1.2958228596759233e-10,0.008402583493712961,0.05321606282151101,2.616922328965652e-05,0.9383551843319032
2015-05-21,0,0.8726595177100979,3.7486018389959604e-11,0.0021570516752827304,0.12515522957044267,2.820100669035611e-05,0.8726595177100979
2015-05-22,0,0.9494790389560706,2.0328937476453718e-10,0.0010751553582804094,0.04943466676966053,1.1138712698740897e-05,0.9494790389560706
2015-05-26,0,0.9932232558753458,6.390238982012526e-12,0.006172144669594139,0.0006029994028484705,1.6000458209949242e-06,0.9932232558753458
2015-05-27,0,0.9965918620230807,5.588163086169696e-12,0.0022959055775159396,0.0011105764784519014,1.6559153634145164e-06,0.9965918620230807
2015-05-28,0,0.9884661501500743,3.3750105070455303e-12,0.010981507797449714,0.0005515539989155846,7.880501855572283e-07,0.9884661501500743
2015-05-29,0,0.6911291352605533,1.956752581453959e-12,0.30883037505459865,4.0472883897182404e-05,1.6798994452512435e-08,0.6911291352605533
2015-06-01,0,0.7430285286731846,1.3947100716113138e-11,0.25695873850660056,1.2707797634035309e-05,2.5008634094532164e-08,0.7430285286731846
2015-06-02,0,0.6393358891783649,3.9772060277474314e-11,0.3606546178824302,9.47914228460358e-06,1.3757148158914243e-08,0.6393358891783649
2015-06-03,0,0.904197280142432,2.1801897678487458e-10,0.09578596156286452,1.6738882146188716e-05,1.919453865301269e-08,0.904197280142432
2015-06-04,0,0.928597717709406,4.010517650145702e-11,0.07139081590242383,1.1452913976598887e-05,1.3434088614724356e-08,0.928597717709406
2015-06-05,0,0.9501389939471755,4.556037520481465e-10,0.04981437298209583,4.661164401564298e-05,2.0971109384322914e-08,0.9501389939471755
2015-06-08,0,0.9894784694709893,5.517290906237001e-10,0.010304624252443884,0.00021688295063385983,2.277420421334364e-08,0.9894784694709893
2015-06-09,0,0.9889612402411073,1.646305842362922e-09,0.010857802608131744,0.0001809296906092855,2.5813845792876353e-08,0.9889612402411073
2015-06-10,0,0.9916569131860878,4.936817328552218e-09,0.00824192689862759,0.00010112195557645967,3.302289113519531e-08,0.9916569131860878
2015-06-11,0,0.9726939920005812,2.92033336708957e-10,0.027194825522794,0.00011117855616960313,3.628421411909236e-09,0.9726939920005812
2015-06-12,0,0.9690015399855492,2.9033524990181406e-10,0.030686099676198834,0.00031235788950224755,2.158414284056854e-09,0.9690015399855492
2015-06-15,0,0.9748767951265451,3.3354780040725273e-10,0.0243292621320795,0.0007939398337992213,2.574028802915759e-09,0.9748767951265451
2015-06-16,0,0.9326047323808684,1.6939859204268492e-10,0.0664069916274891,0.0009882747479937738,1.07425046632887e-09,0.9326047323808684
2015-06-17,0,0.9807694046719335,2.6261518624781723e-10,0.015298118857602494,0.003932470607301148,5.600547168977727e-09,0.9807694046719335
2015-06-18,0,0.9941799975355016,2.8125059815785406e-10,0.005614849191601804,0.00020510046555731682,5.2526088982970127e-08,0.9941799975355016
2015-06-19,0,0.9866380577112834,2.0737391949593308e-11,0.01323704197682732,0.0001248708749933753,2.9416158653571338e-08,0.9866380577112834
2015-06-22,0,0.988768374978185,1.3981094542674152e-10,0.00995015802253175,0.0012814393344122218,2.7525060266308706e-08,0.988768374978185
2015-06-23,0,0.9711371156381584,1.0692115382462002e-09,3.6369988507291576e-05,0.028826444881680402,6.842244255385251e-08,0.9711371156381584
2015-06-24,0,0.9697101534856201,4.492019627193795e-10,2.8710320753315948e-05,0.030261051504276885,8.424014763055479e-08,0.9697101534856201
2015-06-25,0,0.9696080905128398,8.466314283397488e-10,1.7278092366721188e-05,0.030374542743398125,8.780476390484938e-08,0.9696080905128398
2015-06-26,0,0.9739563276808576,1.5644633333006826e-09,3.998607789740079e-05,0.02600361506605075,6.96107309188032e-08,0.9739563276808576
2015-06-29,0,0.9636354567800104,1.4503533422204922e-10,4.945768033196868e-06,0.036359567445736665,2.9861184137622655e-08,0.9636354567800104
2015-06-30,0,0.8099434583865763,1.9689012997152618e-10,4.943972791524901e-09,0.19005640215500547,1.3431755550077215e-07,0.8099434583865763
2015-07-01,0,0.9708788457309027,6.937058331772758e-09,7.048381610672366e-08,0.02912102092403773,5.5924184965766794e-08,0.9708788457309027
2015-07-02,0,0.9784779527247534,5.336159205018715e-09,6.362428580664417e-08,0.02152193570009895,4.261470231696617e-08,0.9784779527247534
2015-07-06,0,0.956416533105466,4.740786417724683e-08,6.438497714608686e-14,0.04358312848910277,2.9099750275452423e-07,0.956416533105466
2015-07-07,0,0.9543768202710913,1.4060709193971527e-08,3.0701152045018597e-12,0.045622833975010615,3.316901185194149e-07,0.9543768202710913
2015-07-08,0,0.940856251357092,7.0438677758272754e-09,1.6644040492966046e-13,0.05914364104151096,1.0055736314999251e-07,0.940856251357092
2015-07-09,0,0.9405259027951695,8.232266824726777e-08,3.3367667395506014e-16,0.05947391939716435,9.548499722406466e-08,0.9405259027951695
2015-07-10,0,0.9303756851150826,7.889719381762752e-07,3.654559045959073e-16,0.06962333532587438,1.9058710537953023e-07,0.9303756851150826
2015-07-13,0,0.9278393787500102,1.0413501201677674e-06,6.181770808414678e-16,0.07215934554238398,2.3435748418097695e-07,0.9278393787500102
2015-07-14,0,0.9263938333628843,8.09468898978186e-07,1.5140338879096834e-15,0.07360499114087579,3.660273394033078e-07,0.9263938333628843
2015-07-15,0,0.9192583009147106,2.9671810384856166e-07,1.8197283897677767e-15,0.08074101199595131,3.9037123173226696e-07,0.9192583009147106
2015-07-16,0,0.9297937867537047,2.6343524232255685e-07,1.1990911445253232e-15,0.07020565636063113,2.9345042118488327e-07,0.9297937867537047
2015-07-17,0,0.9656300594229138,3.2815954917927097e-06,3.2831556891654445e-20,0.03436662096940079,3.801219370269399e-08,0.9656300594229138
2015-07-20,0,0.9101058911347394,2.461155962389524e-06,6.5724969209026575e-18,0.08988736369580695,4.284013491130243e-06,0.9101058911347394
2015-07-21,0,0.9075519436769272,1.016306076302635e-06,1.3475577183679453e-17,0.09244538844722829,1.6515697677571375e-06,0.9075519436769272
2015-07-22,0,0.8651156380366354,4.034815237038088e-07,5.913729610899955e-16,0.1348810056217914,2.9528600485829514e-06,0.8651156380366354
2015-07-23,0,0.8855213953923691,1.65247639498312e-07,6.243846540079639e-16,0.1144768989456549,1.5404143351886604e-06,0.8855213953923691
2015-07-24,0,0.8666167563322388,1.6527415644407247e-07,4.837426509968033e-16,0.13337946307598397,3.6153176193999e-06,0.8666167563322388
2015-07-27,0,0.8960534939626728,7.36534630572133e-08,5.880510241154533e-16,0.10394546664399902,9.657398638011365e-07,0.8960534939626728
2015-07-28,0,0.8807916004650387,8.880375523219737e-08,6.80604686904841e-15,0.11920449910410419,3.811627095110179e-06,0.8807916004650387
2015-07-29,0,0.8699051942224487,1.302704437165035e-07,4.4468006124140735e-14,0.13009094429045956,3.7312166038163425e-06,0.8699051942224487
2015-07-30,0,0.9317941772216459,6.381445177968413e-08,4.691118507159706e-13,0.0682044493235598,1.309639872478677e-06,0.9317941772216459
2015-07-31,0,0.9212945132981787,1.9776074380327317e-08,6.6364993379951555e-15,0.07870459399726633,8.729284747267171e-07,0.9212945132981787
2015-08-03,0,0.9621954737177467,6.3372407735641e-11,1.8383554033224908e-07,0.037804181377938346,1.6100540182033982e-07,0.9621954737177467
2015-08-04,0,0.974395550704939,1.4453510944695248e-10,8.926159471328044e-08,0.025604303734187844,5.615474422976516e-08,0.974395550704939
2015-08-05,0,0.9476874696412354,4.992083502062494e-10,5.6581576717648156e-08,0.052311648392357184,8.248856227119106e-07,0.9476874696412354
2015-08-06,0,0.9503782643691804,9.555530953555262e-11,1.5901404968026448e-07,0.049621161209324624,4.1531188971450776e-07,0.9503782643691804
2015-08-07,0,0.9362607034040599,2.964534155027961e-11,3.181900942815125e-08,0.06373885493258373,4.098147012814935e-07,0.9362607034040599
2015-08-10,0,0.9742158553948618,5.462154391441893e-11,1.0063860116477175e-05,0.02577395715190824,1.2353849212332942e-07,0.9742158553948618
2015-08-11,0,0.9452464501320024,1.634658523314937e-11,7.832825195867793e-08,0.05475311420743522,3.573159646290566e-07,0.9452464501320024
2015-08-12,0,0.9663532653080406,5.639892234594732e-12,4.107129017358689e-06,0.03364249423861461,1.3331868802625168e-07,0.9663532653080406
2015-08-13,0,0.9644832229936187,1.8249007118600685e-11,4.4711717473306365e-06,0.035512116194408055,1.8962197725639454e-07,0.9644832229936187
2015-08-14,0,0.9727938747108767,1.8479580784782088e-11,6.640089297381033e-06,0.027199367497291203,1.1768405530589008e-07,0.9727938747108767
2015-08-17,0,0.9724538632892381,1.2871582709904592e-11,4.317991749698714e-06,0.027541802211293754,1.649484754068977e-08,0.9724538632892381
2015-08-18,0,0.9612702935896568,2.835970026131845e-11,4.803660387712734e-07,0.03872921768908799,8.32685754655669e-09,0.9612702935896568
2015-08-19,0,0.8723700983663886,4.2317885957878655e-11,4.68290633157617e-12,0.1276298912224275,1.0364183081086593e-08,0.8723700983663886
2015-08-20,0,0.9175925127057206,1.2212171519865074e-11,5.7764672231116835e-09,0.08240748108910861,4.16491001092118e-10,0.9175925127057206
2015-08-21,0,0.8477072981181657,5.663217554597244e-12,3.3967799390457335e-09,0.15229269767086404,8.085271379639427e-10,0.8477072981181657
2015-08-24,3,0.2515139004465372,7.380329597212901e-13,4.0594183361899235e-13,0.7484857446334557,3.5491886273537696e-07,0.7484857446334557
2015-08-25,3,0.3394749302850173,3.5046419094851824e-11,2.3655361834321964e-16,0.6605249466656623,1.2301427364981292e-07,0.6605249466656623
2015-08-26,3,0.2997044538440516,2.5622245138051098e-11,3.1299290376391954e-15,0.7002954760608306,7.006949176967335e-08,0.7002954760608306
2015-08-27,3,0.1007862668621475,3.2363495204384467e-10,1.3193862211642466e-22,0.8992136320149097,1.0079930723388132e-07,0.8992136320149097
2015-08-28,3,0.006495458043293344,1.665721968612152e-11,1.1587979542298374e-22,0.9935044038080603,1.3813198840748454e-07,0.9935044038080603
2015-08-31,3,0.00010858657252250401,4.198816985260474e-13,1.3527398228019838e-24,0.9998907866274169,6.267996413555583e-07,0.9998907866274169
2015-09-01,3,3.386258222386084e-05,1.8574864003128424e-13,3.3871843331069947e-32,0.9999653387452742,7.986723156176872e-07,0.9999653387452742
2015-09-02,3,1.4743694989295837e-05,1.0828460408162393e-13,2.3709247180565793e-32,0.9999847186522351,5.376526667011489e-07,0.9999847186522351
2015-09-03,3,1.2051689320749502e-05,3.578459952067927e-14,9.067389950004498e-32,0.9999874701575103,4.781531331237798e-07,0.9999874701575103
2015-09-04,3,1.1748247570459357e-05,1.3482565084657777e-14,2.6931071273889237e-31,0.9999877590632659,4.926891498102853e-07,0.9999877590632659
2015-09-08,3,1.827551206735244e-05,1.453773864652954e-13,2.8086661966298917e-32,0.9999814803816641,2.441061223321493e-07,0.9999814803816641
2015-09-09,3,1.2600612780771139e-05,2.523161095991559e-14,3.06391093371281e-30,0.9999868059094363,5.934777570066034e-07,0.9999868059094363
2015-09-10,3,1.5549848583214398e-06,5.4747945788379644e-15,3.1325455956507502e-30,0.9999976857174967,7.592976397048833e-07,0.9999976857174967
2015-09-11,3,1.0879934997510101e-06,1.7786602266663262e-15,3.6292773623417503e-31,0.9999981640079781,7.479985201978701e-07,0.9999981640079781
2015-09-14,3,1.8046553207207278e-06,3.817314262066119e-15,9.828839714374441e-32,0.9999973204160978,8.749285775233747e-07,0.9999973204160978
2015-09-15,3,7.342069654209694e-07,7.359013865104574e-15,3.0835122662371073e-31,0.9999986768055177,5.889875091222802e-07,0.9999986768055177
2015-09-16,3,6.040171320963821e-08,1.9217226652640953e-16,8.710831719593418e-31,0.99999790039479,2.039203495772771e-06,0.99999790039479
2015-09-17,3,3.6100919989695415e-08,9.343329968875754e-18,4.086217333130106e-28,0.9999983097928935,1.6541061866764233e-06,0.9999983097928935
2015-09-18,3,3.176135348996338e-08,1.106225713819055e-17,7.993078228117624e-34,0.9998919513462934,0.00010801689235380943,0.9998919513462934
2015-09-21,3,1.126187051270756e-09,5.916532597325101e-19,4.5882593000925705e-35,0.9994213311741884,0.0005786676996236897,0.9994213311741884
2015-09-22,3,1.5346751002814686e-08,1.787798764839109e-18,3.0010405117144535e-27,0.9999446921977269,5.5292455521931216e-05,0.9999446921977269
2015-09-23,3,7.732149398574675e-08,3.4053353869132276e-17,9.019359431310094e-30,0.9998749801198614,0.00012494255864503194,0.9998749801198614
2015-09-24,3,2.6243327385466252e-08,6.813334615793381e-18,9.091521613354235e-31,0.9995184232486419,0.00048155050802999445,0.9995184232486419
2015-09-25,3,6.544943708485723e-05,1.96289860637446e-13,7.551224475032657e-24,0.9997915301056014,0.00014302045711786572,0.9997915301056014
2015-09-28,3,0.005506383902738353,7.041367121297202e-12,1.612060004330548e-22,0.9938805910403247,0.0006130250498952421,0.9938805910403247
2015-09-29,3,0.06861747186199327,4.7674047325491156e-11,1.072889071801873e-19,0.9312099550535452,0.0001725730367872967,0.9312099550535452
2015-09-30,3,0.3998363736992333,1.5657274189595245e-11,2.6348222496107643e-11,0.6001295980895376,3.4028169223834076e-05,0.6001295980895376
2015-10-01,0,0.5545191808077764,1.5252679783095357e-11,2.8290884897825297e-11,0.44544287730001053,3.7941848669819765e-05,0.5545191808077764
2015-10-02,0,0.7168653840833893,4.545078715030738e-12,4.128757149948337e-09,0.28302828257290125,0.0001063292104076148,0.7168653840833893
2015-10-05,0,0.6563120331551997,1.7234608108851814e-11,6.362412663735669e-09,0.3435618730679766,0.0001260873971769938,0.6563120331551997
2015-10-06,0,0.7604483375863793,7.99794611302415e-12,2.2176254580519867e-07,0.239339520130141,0.00021192051293515886,0.7604483375863793
2015-10-07,0,0.7132677468707223,4.206448484163643e-11,7.776287959396964e-08,0.2866276730615768,0.00010450226275618455,0.7132677468707223
2015-10-08,3,0.47585910917637353,1.0632902548053913e-10,2.497316638605675e-09,0.5240404119392253,0.00010047628075496106,0.5240404119392253
2015-10-09,0,0.6728975143290552,1.4521195386715682e-10,9.484880768109982e-08,0.32697475215905725,0.00012763851786835184,0.6728975143290552
2015-10-12,0,0.5642721518463322,4.850450686020069e-10,3.4875892269342176e-10,0.43545603503003977,0.00027181228982474967,0.5642721518463322
2015-10-13,0,0.7194323681321395,3.9617388655269057e-10,2.3454131919862415e-10,0.2802803625297212,0.00028726870742408115,0.7194323681321395
2015-10-14,0,0.832641156203043,2.0736991475805602e-10,1.6088923480684417e-11,0.1673363496581879,2.2493915310233694e-05,0.832641156203043
2015-10-15,0,0.8947490657617673,7.436998108408845e-10,3.0855699307171106e-11,0.1052251256740244,2.580778965316566e-05,0.8947490657617673
2015-10-16,0,0.9808414801399464,2.5027729934129674e-11,5.157666183012504e-08,0.01915321204250399,5.256215860334123e-06,0.9808414801399464
2015-10-19,0,0.9989886441097237,1.3666858997423538e-11,0.00012428861395023826,0.0008864057716074156,6.614910521123661e-07,0.9989886441097237
2015-10-20,0,0.9972530984601927,6.401927876367164e-11,6.939123877203696e-05,0.002676871082893484,6.391541221746275e-07,0.9972530984601927
2015-10-21,0,0.9975786378943432,6.785581803603855e-12,0.0011750903801149956,0.0012458050087149595,4.6671004090095677e-07,0.9975786378943432
2015-10-22,0,0.999030145787271,4.970226830508196e-12,4.6593749103689994e-05,0.0009228289950937502,4.3146356156892506e-07,0.999030145787271
2015-10-23,0,0.9993833771657518,1.3993670398358393e-11,0.000126306331741007,0.0004900422243174952,2.742641960283039e-07,0.9993833771657518
2015-10-26,0,0.997893296521246,3.916936798609961e-11,0.00018770693910269943,0.001918939557457642,5.694302427538645e-08,0.997893296521246
2015-10-27,0,0.9983322819003083,1.2375905630729144e-11,0.0002806337222470487,0.0013870403477930712,4.401727604135529e-08,0.9983322819003083
2015-10-28,0,0.9964074329294742,8.209089583474496e-11,2.1677709958191242e-06,0.0035891636507513476,1.2355666877297066e-06,0.9964074329294742
2015-10-29,0,0.9521493149318739,5.490116476305493e-10,5.9891037102435796e-09,0.04776553394785557,8.514458215592508e-05,0.9521493149318739
2015-10-30,0,0.8352983761891571,3.7576707000982925e-10,4.994322929571504e-12,0.16464732776880336,5.4295661277351603e-05,0.8352983761891571
2015-11-02,0,0.8209444581364174,7.671815170797503e-10,2.9337210486587698e-12,0.1790206536026439,3.488749082306151e-05,0.8209444581364174
2015-11-03,3,0.4306715268395181,7.643689070607282e-09,2.2179053265403816e-16,0.5680600971770973,0.0012683683396955878,0.5680600971770973
2015-11-04,0,0.5460006764755047,6.710232662687358e-09,3.037459937925594e-15,0.45315607591059975,0.0008432409036593914,0.5460006764755047
2015-11-05,0,0.6141331420570457,1.6343991686210227e-08,7.71745436458741e-16,0.3850430268706376,0.0008238147283242998,0.6141331420570457
2015-11-06,0,0.5362255413976678,5.556993745449719e-08,2.7399451152113472e-15,0.4627499894169214,0.0010244136154712326,0.5362255413976678
2015-11-09,0,0.6184573521227287,8.971789280912675e-09,1.1107742573961774e-11,0.3814049517733048,0.00013768712106890395,0.6184573521227287
2015-11-10,0,0.6052847549392706,4.585240184030136e-09,1.4997338253725253e-11,0.39452361308193357,0.00019162737855910766,0.6052847549392706
2015-11-11,3,0.12907418201434057,5.324062802034692e-09,5.2314047416750354e-18,0.8702961130596057,0.0006296996019901037,0.8702961130596057
2015-11-12,3,0.09494851637729416,4.955241027751437e-09,1.156231236996617e-18,0.9045627199431328,0.000488758724332142,0.9045627199431328
2015-11-13,3,0.11278065419374059,3.918664205959342e-09,1.6552772381664182e-19,0.886863355654381,0.00035598623321406593,0.886863355654381
2015-11-16,3,0.07840482086276405,1.8128906252636507e-09,1.2962386077571869e-19,0.9212485569446814,0.000346620379663736,0.9212485569446814
2015-11-17,3,0.0227160160052784,4.667806801430602e-10,4.628032850473171e-21,0.9766321342693565,0.0006518492585839805,0.9766321342693565
2015-11-18,3,0.03756179536717285,7.098226565391243e-10,2.640611269346886e-20,0.9619335229345938,0.0005046809884105734,0.9619335229345938
2015-11-19,3,0.2522026147181809,1.6110766358753736e-09,2.238072667150534e-15,0.7474070590373191,0.00039032463342173536,0.7474070590373191
2015-11-20,3,0.21276006446941026,1.7708906774552024e-09,1.793165937030878e-15,0.7867936973775604,0.00044623638213686434,0.7867936973775604
2015-11-23,3,0.08858380549185545,8.072878208784277e-10,1.783890853234309e-16,0.9100317082180113,0.001384485482845682,0.9100317082180113
2015-11-24,3,0.1091317158494459,1.8267939731540804e-10,9.609310556493747e-14,0.8903623232755954,0.0005059606921834752,0.8903623232755954
2015-11-25,0,0.7295955738778025,1.9436463313136852e-09,3.179291751710491e-10,0.27024682069827904,0.0001576031623427852,0.7295955738778025
2015-11-27,0,0.9588405093122369,1.8300705312765195e-09,9.399708091891664e-08,0.041157631690768526,1.7631698438418249e-06,0.9588405093122369
2015-11-30,0,0.9642501698761203,7.382730690270464e-10,8.862961220355248e-08,0.03574904174503881,6.990109549984073e-07,0.9642501698761203
2015-12-01,0,0.9718427593270879,1.925643545427512e-10,2.246550093218113e-07,0.02815645893909524,5.568862429549767e-07,0.9718427593270879
2015-12-02,0,0.9746495363118886,6.206479026311488e-12,1.177162420289547e-05,0.025338640100086185,5.1957616658661844e-08,0.9746495363118886
2015-12-03,0,0.9955838019801682,3.5413081705659554e-10,0.0005053264684141307,0.00391086422546632,6.971819984239557e-09,0.9955838019801682
2015-12-04,0,0.9967238883303552,3.244312910197374e-10,8.084644585242068e-07,0.0032740350803311486,1.267800423483059e-06,0.9967238883303552
2015-12-07,0,0.9963225341812296,2.9093141823816363e-10,4.144837208221413e-10,0.003674043684202247,3.421429153684663e-06,0.9963225341812296
2015-12-08,0,0.9969057839014446,3.6534705714898597e-10,4.824432128555567e-10,0.003090943621645694,3.2716291192088915e-06,0.9969057839014446
2015-12-09,0,0.996129763096479,1.9280427748361885e-10,5.5411539849351e-10,0.0038666059512069374,3.6302053939402023e-06,0.996129763096479
2015-12-10,0,0.9971777437999494,3.084612595713359e-10,3.4087880027866143e-09,0.002819982300013831,2.270182787074249e-06,0.9971777437999494
2015-12-11,0,0.9936695453333377,8.11842648706668e-11,3.457841432201992e-09,0.006328557661788212,1.8934658483294113e-06,0.9936695453333377
2015-12-14,0,0.9831151233627,9.509449686020632e-10,2.0626047172567393e-09,0.0168818865725985,2.9870511519200918e-06,0.9831151233627
2015-12-15,0,0.9764046868744053,3.3037693627064714e-09,9.999576040642355e-10,0.023591552775582694,3.7560462846653557e-06,0.9764046868744053
2015-12-16,0,0.9632429461867736,5.7768661578492785e-08,3.5148816166557604e-14,0.0367336937105828,2.3302333946203903e-05,0.9632429461867736
2015-12-17,0,0.973306759825099,9.931286260153175e-09,1.3272160048702037e-11,0.026586874171600973,0.0001063560587408319,0.973306759825099
2015-12-18,0,0.945554604021375,5.835735729892456e-09,3.538933392862012e-11,0.0543412939422518,0.00010409616524780252,0.945554604021375
2015-12-21,0,0.9586293515869835,6.311622163607266e-09,1.57680789535227e-10,0.041113896693173904,0.00025674525053944044,0.9586293515869835
2015-12-22,0,0.9540765526823515,1.625986306379506e-08,2.455589859954499e-10,0.04574040913764242,0.00018302167458404312,0.9540765526823515
2015-12-23,0,0.9061594051113074,4.67092409997274e-08,3.4217534969166593e-12,0.09354823218477261,0.0002923159912580512,0.9061594051113074
2015-12-24,0,0.9316732753024984,2.9759074712405116e-08,2.5673678054381798e-11,0.06807387184709084,0.0002528230656616966,0.9316732753024984
2015-12-28,0,0.9497200473898406,2.6831017657157412e-08,2.2893867778112524e-12,0.050054708252603705,0.0002252175242486558,0.9497200473898406
2015-12-29,0,0.969109163436371,9.8019470195367e-08,2.9219409060721775e-12,0.03055350370753441,0.0003372348337019683,0.969109163436371
2015-12-30,0,0.9699077320097423,4.91730024896769e-08,7.456735002866349e-12,0.02912044656609832,0.0009717722436995545,0.9699077320097423
2015-12-31,0,0.9606095411605969,3.5415563532610036e-08,3.933723551635287e-11,0.03889299717406116,0.0004974262104412183,0.9606095411605969
2016-01-04,0,0.786151174262676,4.3868344974017675e-08,5.94447893189048e-13,0.21197591979832164,0.0018728620700629432,0.786151174262676
2016-01-05,0,0.9225029513327989,9.27895439228033e-09,8.313092717766222e-12,0.07747106890237639,2.5970477557512124e-05,0.9225029513327989
2016-01-06,0,0.7217633536237754,1.026752452197897e-08,8.679494284501429e-16,0.2781846883517541,5.1947756945163304e-05,0.7217633536237754
2016-01-07,3,0.42183095470882204,6.047687530219438e-09,3.9674871560167385e-17,0.5781453504118862,2.3688831605164614e-05,0.5781453504118862
2016-01-08,3,0.4710249759274904,2.8427911808687714e-09,1.3910736673553512e-17,0.5289567285330989,1.829269661970741e-05,0.5289567285330989
2016-01-11,3,0.3955272262115493,5.428115283794322e-09,1.9311582290901436e-19,0.6044327104877997,4.005787253605071e-05,0.6044327104877997
2016-01-12,3,0.4679473671000897,1.54328323792522e-09,1.8967027788988163e-17,0.5320248400067619,2.7791349865525638e-05,0.5320248400067619
2016-01-13,0,0.5849392353715297,3.8929255858354345e-10,7.172672916995482e-17,0.41503306819774455,2.7696041432542307e-05,0.5849392353715297
2016-01-14,0,0.5235237162054689,1.580061906577482e-09,5.999362984836788e-17,0.4764453330149433,3.094919952611639e-05,0.5235237162054689
2016-01-15,3,0.32548946423130104,8.696750923567482e-10,4.4243661114209415e-17,0.6745057996551898,4.735243834995659e-06,0.6745057996551898
2016-01-19,3,0.29171477404745566,1.231145315975105e-09,7.818486639172226e-19,0.7082847071313033,5.175900950598915e-07,0.7082847071313033
2016-01-20,3,0.028115390998636598,2.397202530260873e-10,2.3372538268630371e-26,0.9718837664950913,8.422665521862571e-07,0.9718837664950913
2016-01-21,3,0.0002492697674673374,2.2792340165188925e-11,5.1748051335851185e-34,0.9997505180766492,2.121330918066265e-07,0.9997505180766492
2016-01-22,3,1.690216140229325e-05,4.635262342201301e-13,1.2161836816721324e-39,0.9999818828448372,1.2149932968713e-06,0.9999818828448372
2016-01-25,3,2.750203363057668e-05,5.511376754646574e-13,1.7833880687547915e-44,0.9999712804318431,1.2175339754670742e-06,0.9999712804318431
2016-01-26,3,1.1608615808381589e-05,6.62892719701885e-14,3.099465979956492e-44,0.9999810539793067,7.337404817929934e-06,0.9999810539793067
2016-01-27,3,2.340729813683496e-06,2.9345522088058183e-14,2.10322738126608e-42,0.9999949733321895,2.6859379680993206e-06,0.9999949733321895
2016-01-28,3,1.9826840251454814e-06,2.88930635312307e-14,7.389236519679391e-42,0.9999966852141263,1.3321018198177386e-06,0.9999966852141263
2016-01-29,3,2.771384580663025e-07,3.6887667760983066e-15,6.171665859150599e-44,0.9999996871920455,3.5669492006991745e-08,0.9999996871920455
2016-02-01,3,1.8417129012149153e-07,5.207589929671349e-15,1.9956444987793616e-50,0.9999997750743135,4.07543916173711e-08,0.9999997750743135
2016-02-02,3,6.736616820461968e-07,1.3726145349596437e-15,5.316650305145955e-54,0.9999989782792632,3.480590526564358e-07,0.9999989782792632
2016-02-03,3,5.18946583451984e-08,7.471960392638974e-17,3.388566402922497e-45,0.9999984599374632,1.4881678785119348e-06,0.9999984599374632
2016-02-04,3,2.565426456783655e-07,1.8956493384963855e-16,5.561844185042653e-41,0.9999970887687467,2.654688606770361e-06,0.9999970887687467
2016-02-05,3,6.602028108469594e-07,2.240905807807781e-16,1.2840587350391135e-40,0.9999736303895241,2.570940766516543e-05,0.9999736303895241
2016-02-08,3,6.789158148347103e-09,1.9298447515528905e-18,2.3642214091243327e-43,0.9999993510005903,6.42210251249335e-07,0.9999993510005903
2016-02-09,3,3.594149130140798e-09,6.348261453005446e-19,9.3215783748645e-46,0.999999102588505,8.938173458654428e-07,0.999999102588505
2016-02-10,3,2.5556989147022965e-09,3.1978834702178687e-19,5.199914875075045e-47,0.999999113814683,8.836296183482226e-07,0.999999113814683
2016-02-11,3,1.4635986211293353e-12,2.7645235107545945e-21,8.670883526556152e-51,0.9999993500940858,6.499044504434314e-07,0.9999993500940858
2016-02-12,3,2.637612829031902e-16,1.0960356683256975e-25,3.9260404514612736e-61,0.9999978283572685,2.171642732333244e-06,0.9999978283572685
2016-02-16,3,5.2851070345897254e-15,8.104653781642752e-25,2.232212177171682e-52,0.9999720289823022,2.797101769262214e-05,0.9999720289823022
2016-02-17,3,8.805693466818571e-17,6.22979472237185e-27,4.3343160225065626e-52,0.9999486584911894,5.1341508811247796e-05,0.9999486584911894
2016-02-18,3,2.78999266604487e-16,1.93834622293053e-27,2.426042946041258e-46,0.9998940750538271,0.00010592494617184738,0.9998940750538271
2016-02-19,3,6.602394491244447e-12,1.840403533544964e-21,7.995695170201255e-42,0.9999705880031994,2.941199019787612e-05,0.9999705880031994
2016-02-22,3,2.8793576451818947e-11,4.56289603734945e-20,5.695775680669868e-41,0.9999913751767575,8.624794449260206e-06,0.9999913751767575
2016-02-23,3,2.0282181579348883e-11,1.2572272796607922e-20,1.8472315449733472e-36,0.9999924870553047,7.512924413075628e-06,0.9999924870553047
2016-02-24,3,4.458927802588055e-11,6.444946666504847e-20,1.0461364087131716e-36,0.9999977635152513,2.2364401600666927e-06,0.9999977635152513
2016-02-25,3,5.8154267873224247e-11,2.915204746629538e-20,9.32880233305062e-37,0.9999988229203023,1.1770215438265655e-06,0.9999988229203023
2016-02-26,3,3.699841637658693e-10,7.790814246367611e-19,1.4929997590473755e-36,0.99999308579778,6.913832236467294e-06,0.99999308579778
2016-02-29,3,1.665271714715617e-10,2.2826762123694424e-19,5.250029850452552e-36,0.9999932572883027,6.742545170226187e-06,0.9999932572883027
2016-03-01,3,1.8298569968335193e-10,8.126932370607927e-19,1.5455058741529698e-30,0.9999916247490381,8.375067976493755e-06,0.9999916247490381
2016-03-02,3,6.458952077318039e-11,4.799539614655296e-19,8.521733063943987e-28,0.9999967083715151,3.291563895033222e-06,0.9999967083715151
2016-03-03,3,2.909164529104698e-09,1.2282009960246946e-17,2.665360801940535e-34,0.9999995093022274,4.87788607556242e-07,0.9999995093022274
2016-03-04,3,1.3487422245502999e-09,5.976745915810851e-18,6.781335072656691e-32,0.9999992056948229,7.929564348382842e-07,0.9999992056948229
2016-03-07,3,3.649745252672018e-11,6.365951060913895e-20,1.742040652460232e-32,0.9999983410631785,1.6589003237001425e-06,0.9999983410631785
2016-03-08,3,8.829944347728006e-09,8.669913963151099e-20,3.094973025996135e-28,0.9999931024641233,6.888705932756665e-06,0.9999931024641233
2016-03-09,3,7.51636164305504e-10,1.1920722471765053e-20,1.135680850423146e-24,0.9999875049857176,1.2494262646509424e-05,0.9999875049857176
2016-03-10,3,3.4259292635202625e-10,2.0449789474987297e-20,5.471106207506517e-26,0.9999796337457436,2.036591166260618e-05,0.9999796337457436
2016-03-11,3,5.346465929082333e-08,7.04475229680741e-20,1.8617759038948047e-19,0.999990273868523,9.672666817923154e-06,0.999990273868523
2016-03-14,3,0.008572061246570261,3.6629600392684344e-14,2.770655721588083e-09,0.9914247359550734,3.200027663522993e-06,0.9914247359550734
2016-03-15,3,0.025682179957115803,9.44296697499254e-14,9.608455724401484e-11,0.974306135431635,1.1684515070551975e-05,0.974306135431635
2016-03-16,3,0.015864219369305196,8.426245470084042e-14,7.650027079819117e-10,0.984113521925234,2.2257940373248353e-05,0.984113521925234
2016-03-17,3,0.010047766809383681,7.908813788786265e-15,1.5025905160288345e-07,0.9898986613100014,5.342162155544248e-05,0.9898986613100014
2016-03-18,3,0.010001916965727048,1.5897395496841608e-15,1.475169502936037e-05,0.9899371247103698,4.620662887298057e-05,0.9899371247103698
2016-03-21,0,0.49357363494813905,2.142245228347986e-13,0.21166309752502208,0.2946848468359765,7.84206906486159e-05,0.49357363494813905
2016-03-22,3,0.4521020071137286,8.446750283589201e-14,0.05888084597055902,0.48889073888024065,0.000126408035386755,0.48889073888024065
2016-03-23,0,0.7964211374810116,1.3248924603225856e-14,0.07719653550693414,0.12635698165955062,2.534535248993081e-05,0.7964211374810116
2016-03-24,0,0.8968105619694557,4.333650980149651e-14,0.05875325453717568,0.044427083899813646,9.099593510943426e-06,0.8968105619694557
2016-03-28,0,0.8971368847218384,2.7911349187241284e-14,0.04935009095389282,0.05350334513353277,9.679190707450416e-06,0.8971368847218384
2016-03-29,0,0.991238981522687,2.3415967121248984e-14,4.205154815024406e-05,0.008716817585695206,2.149343443956065e-06,0.991238981522687
2016-03-30,0,0.996907954258132,2.7279643389915303e-14,4.4111133608198166e-05,0.003045892366019412,2.04224221246106e-06,0.996907954258132
2016-03-31,0,0.9956254782994183,1.2346458450324314e-14,3.2554283838162996e-05,0.004340800672183218,1.1667445488701957e-06,0.9956254782994183
2016-04-01,0,0.9938552020688854,1.7864797330908968e-14,4.537643128415026e-05,0.006098740419041804,6.810807707816605e-07,0.9938552020688854
2016-04-04,0,0.9976234434173078,3.2395780837941517e-14,1.4936198301188532e-06,0.002374779399660994,2.835631684542563e-07,0.9976234434173078
2016-04-05,0,0.9982566928199513,4.2581544811984296e-15,4.9048526497311035e-05,0.0016941291998413337,1.2945370635234753e-07,0.9982566928199513
2016-04-06,0,0.9887916718171452,9.724943794268922e-15,8.266799396459981e-05,0.011125369133303982,2.910555762998788e-07,0.9887916718171452
2016-04-07,0,0.9931194527915228,4.113558309683123e-15,0.000582859508563114,0.006297432280362346,2.5541954674722175e-07,0.9931194527915228
2016-04-08,0,0.9773667312045644,9.699236685796341e-15,0.004209107171100595,0.01842246866091526,1.692963409229389e-06,0.9773667312045644
2016-04-11,0,0.9837329235725832,7.834245790828167e-15,0.009964432452753288,0.006301084924330586,1.5590503250616705e-06,0.9837329235725832
2016-04-12,0,0.91898326283709,1.605187617005755e-14,0.007609675004530904,0.07339794863338917,9.11352497463881e-06,0.91898326283709
2016-04-13,0,0.8744835232960974,1.3719876578643409e-14,0.013615016542029736,0.1118944221904448,7.037971414017988e-06,0.8744835232960974
2016-04-14,0,0.95790922221477,7.764157016853285e-15,0.006746394102430172,0.03534389873778831,4.849450028065213e-07,0.95790922221477
2016-04-15,0,0.9026584332743477,1.9744295001946924e-14,1.2459641378876376e-06,0.0973401970798655,1.2368162866994433e-07,0.9026584332743477
2016-04-18,0,0.8896777037081156,3.178588962149521e-14,3.061358812960616e-07,0.1103218484286157,1.4172735590434995e-07,0.8896777037081156
2016-04-19,0,0.94181814131117,2.6590658532925282e-14,1.3943380309587755e-05,0.05816768215925118,2.331492433681639e-07,0.94181814131117
2016-04-20,0,0.9251545544751351,1.5385509061352802e-13,5.129850338819824e-06,0.07484006145969213,2.5421468030002694e-07,0.9251545544751351
2016-04-21,0,0.7579272703442564,3.9587262563125554e-13,4.5701535534392194e-07,0.24207213142956957,1.4121042224236858e-07,0.7579272703442564
2016-04-22,0,0.57413077668115,3.826653110443762e-13,2.759887299294815e-07,0.4258688179613082,1.29368429608642e-07,0.57413077668115
2016-04-25,0,0.5493074238714253,1.3422102395629183e-12,1.137875088635571e-08,0.4506924743837304,9.036475179368731e-08,0.5493074238714253
2016-04-26,3,0.29859434502698,1.4500220730311123e-12,4.186361152701288e-05,0.7013636820799937,1.0928004838766185e-07,0.7013636820799937
2016-04-27,3,0.2546812321810908,2.4512681773201145e-13,0.00011757542033166896,0.7452011077230487,8.46752844194138e-08,0.7452011077230487
2016-04-28,3,0.19653072597345694,1.1981971515242966e-13,0.0003647052962143866,0.8031044954566384,7.327357047949425e-08,0.8031044954566384
2016-04-29,3,0.14532081374677883,4.92012292351653e-14,2.1801458810683707e-05,0.8546573037333325,8.106102878221265e-08,0.8546573037333325
2016-05-02,3,0.10134868031383301,1.2022989673030307e-13,1.7883863703592747e-06,0.8986494852247985,4.607487881751132e-08,0.8986494852247985
2016-05-03,3,0.2327125858068675,9.711615051690904e-14,3.635649199891507e-06,0.7672837325765202,4.5967315840544756e-08,0.7672837325765202
2016-05-04,0,0.7094141243461929,4.228906150215341e-14,1.6160355152887464e-05,0.29056968841561215,2.6883000564886987e-08,0.7094141243461929
2016-05-05,0,0.6897137262807319,3.4994917482518784e-15,2.9602378000830322e-05,0.3102566459850279,2.5356236360907694e-08,0.6897137262807319
2016-05-06,0,0.8917280215906915,3.526842883033168e-15,6.0021592760079756e-05,0.1082118797031144,7.711343040732026e-08,0.8917280215906915
2016-05-09,0,0.8682073204273292,1.1136382621002327e-15,0.00040919545604140554,0.1313833287233831,1.553932448178578e-07,0.8682073204273292
2016-05-10,0,0.8724055464165331,8.526716089660041e-16,0.0004497252637568576,0.12714463555177682,9.276793228352662e-08,0.8724055464165331
2016-05-11,0,0.8636415550706105,4.565673874583164e-16,0.0007673949235850269,0.13559086780705631,1.821987480322398e-07,0.8636415550706105
2016-05-12,0,0.9070664982024542,9.835237205349593e-16,0.00020322336635684302,0.09273018636906945,9.206211799689838e-08,0.9070664982024542
2016-05-13,0,0.9387016146333655,1.0994590787943565e-16,0.005482845959664346,0.055815457622763805,8.178420551678441e-08,0.9387016146333655
2016-05-16,0,0.8875530743261346,3.275970047775063e-16,0.011228251746522174,0.10121843846886706,2.3545847644702979e-07,0.8875530743261346
2016-05-17,0,0.9010423743855149,4.3032996636106944e-16,0.0016876672417923692,0.09726988456965094,7.380304156214214e-08,0.9010423743855149
2016-05-18,0,0.954351547873306,1.943376171742604e-14,0.014093102809931665,0.031555304714085554,4.460265780456606e-08,0.954351547873306
2016-05-19,0,0.9342361737153644,5.926289633073187e-15,0.026380421077396635,0.039383328470703194,7.673653025505733e-08,0.9342361737153644
2016-05-20,0,0.9493805218275199,5.335719081862506e-15,0.041402923488566674,0.00921650432131817,5.036259028523812e-08,0.9493805218275199
2016-05-23,0,0.739593879921567,5.434723431327635e-16,0.2558947697404246,0.004511310327386126,4.001062181029443e-08,0.739593879921567
2016-05-24,0,0.7849538960266045,1.2487486103400291e-15,0.19352548685162207,0.02152057314148697,4.398028535997011e-08,0.7849538960266045
2016-05-25,0,0.8309016643598567,2.3205634200270526e-15,0.14040039944803945,0.028697874296912666,6.189518902170346e-08,0.8309016643598567
2016-05-26,0,0.9283611754487048,5.808310702926731e-16,0.036860783053528086,0.03477792492732067,1.1657044603583362e-07,0.9283611754487048
2016-05-27,0,0.9524236906324828,5.725115515922664e-16,0.007356850548242633,0.040219132902593886,3.259166804408362e-07,0.9524236906324828
2016-05-31,0,0.9539026063247027,1.0341216951724387e-16,0.0015257095154288204,0.04457077363429271,9.105255759875269e-07,0.9539026063247027
2016-06-01,0,0.9433025015994357,1.7025158289465018e-17,0.0005954257348240237,0.05610148276250596,5.8990323354813e-07,0.9433025015994357
2016-06-02,0,0.9642463785509771,7.786725107701089e-18,0.00018023764873502707,0.0355731441621192,2.396381694729835e-07,0.9642463785509771
2016-06-03,0,0.9036169713767687,5.495020041069912e-18,0.050360311408572396,0.04602267853095391,3.8683705126130564e-08,0.9036169713767687
2016-06-06,0,0.9342738452826074,1.7107516184466073e-17,0.031109578861117454,0.03461657346162555,2.39464944323274e-09,0.9342738452826074
2016-06-07,0,0.9655196799438884,4.473158803584161e-17,0.0003487264494004417,0.034131592670053314,9.366574067646234e-10,0.9655196799438884
2016-06-08,0,0.9720737908565014,1.42015878119758e-17,0.002329796345005046,0.025596411518410883,1.280082343149123e-09,0.9720737908565014
2016-06-09,0,0.9794978338798024,3.271380163413083e-17,5.491023514482442e-05,0.020447252948621247,2.9364314101665498e-09,0.9794978338798024
2016-06-10,0,0.9785346569225781,1.3265910774080367e-16,3.1747202541054837e-05,0.021433591852453644,4.022427401099506e-09,0.9785346569225781
2016-06-13,0,0.9797585851247715,5.594138073421318e-17,1.8864652705792488e-05,0.020222548591942155,1.6305800942578805e-09,0.9797585851247715
2016-06-14,0,0.9741600933043176,3.7390975673672255e-17,9.788665311584252e-06,0.025830116147571525,1.8827998075306995e-09,0.9741600933043176
2016-06-15,0,0.9744254742482952,2.3765201250437544e-17,3.872819157581806e-06,0.025570651126753295,1.8057940781207526e-09,0.9744254742482952
2016-06-16,0,0.9575634757401058,1.2699196585387992e-16,2.2381748575033996e-08,0.042436499600065035,2.278079578066879e-09,0.9575634757401058
2016-06-17,0,0.9636207712903515,5.1596555792822296e-15,6.310016335142588e-09,0.03637922171249922,6.871274040155001e-10,0.9636207712903515
2016-06-20,0,0.9228795506859356,4.3460557483659967e-14,7.672246570908347e-09,0.07712044002146363,1.6203099863828158e-09,0.9228795506859356
2016-06-21,0,0.9377631878277887,3.963191981478313e-14,2.2514033294388751e-07,0.06223658166691478,5.364924585484661e-09,0.9377631878277887
2016-06-22,0,0.9718302205091864,3.146592312790861e-14,2.437546560506586e-07,0.028169524484498793,1.125162727014845e-08,0.9718302205091864
2016-06-23,0,0.9637429635269738,1.268826585259018e-13,2.4883871837952106e-07,0.03625677995769463,7.676486549649696e-09,0.9637429635269738
2016-06-24,3,4.9827418035619067e-08,1.8220682065725753e-20,2.677905941398367e-26,0.9999999501725808,1.6620408123968106e-15,0.9999999501725808
2016-06-27,3,4.438870124223522e-08,1.9778612307632355e-21,1.4694793986406775e-26,0.9999999556112985,8.025980208800911e-16,0.9999999556112985
2016-06-28,3,9.708723418755395e-09,3.8291127666458787e-22,1.3602295681465677e-27,0.9999999902912755,7.062623909648068e-16,0.9999999902912755
2016-06-29,3,4.104034762123963e-09,3.3758351208949323e-22,2.4681676779377283e-26,0.9999999958959602,4.281091956686339e-15,0.9999999958959602
2016-06-30,3,1.0584317356983856e-08,2.442293708750625e-21,1.8011064091389616e-25,0.999999989415663,2.0061210413233828e-14,0.999999989415663
2016-07-01,3,3.9409361188288986e-11,1.369556456147914e-25,4.453274414960908e-35,0.9999999999605897,2.902680647274654e-17,0.9999999999605897
2016-07-05,3,6.2757111047928436e-12,4.808914788564501e-26,2.7226155890807997e-38,0.9999999999937241,9.915515526281273e-19,0.9999999999937241
2016-07-06,3,6.3273479304119605e-12,1.0814082580310223e-25,1.0242869178135826e-37,0.9999999999936726,1.3079041462888717e-18,0.9999999999936726
2016-07-07,3,1.733673083719147e-11,5.656130564216892e-25,1.3947367255762082e-39,0.9999999999826628,5.023323185325364e-18,0.9999999999826628
2016-07-08,3,2.4335588074762535e-11,2.0013523421296122e-25,5.396521838081162e-39,0.9999999999756639,1.4836275080027998e-17,0.9999999999756639
2016-07-11,3,2.6836607891232358e-11,7.017761867280272e-25,1.6520146418423331e-38,0.9999999999731628,2.1145193938584307e-17,0.9999999999731628
2016-07-12,3,5.884451972744061e-13,3.7275399534068726e-26,8.147865920894815e-41,0.999999999999412,7.08192752840964e-17,0.999999999999412
2016-07-13,3,7.57889922667353e-13,8.332808439116283e-26,4.001932730225709e-42,0.9999999999992415,6.685930573636053e-17,0.9999999999992415
2016-07-14,3,1.3110558331050838e-13,2.8240983641708355e-26,1.4876941894403627e-42,0.9999999999998685,1.1767739946385458e-16,0.9999999999998685
2016-07-15,3,1.7411619483790136e-13,2.938375305369897e-26,1.7692104551557456e-40,0.9999999999998259,8.491993908572953e-16,0.9999999999998259
2016-07-18,3,1.9282449822722423e-12,8.004356922671119e-25,3.1242058412552048e-40,0.9999999999980709,3.546259807156918e-16,0.9999999999980709
2016-07-19,3,8.048206635558494e-12,3.545737939630909e-24,1.7404316203733254e-40,0.9999999999919513,1.6093898361672949e-16,0.9999999999919513
2016-07-20,3,1.3562412338878133e-12,7.289614349047943e-25,1.6561018461645074e-43,0.9999999999986429,8.011361869784888e-18,0.9999999999986429
2016-07-21,3,2.398037747755478e-12,2.73602876790426e-24,4.588764751331328e-42,0.9999999999976019,5.2988548941406905e-18,0.9999999999976019
2016-07-22,3,1.785983627698731e-11,3.9708949522221833e-23,2.6707394754943815e-40,0.9999999999821405,1.9797408284353423e-17,0.9999999999821405
2016-07-25,3,0.07705903084678987,2.1967219703122935e-14,3.688385268668771e-18,0.9229409255425719,4.361061680857618e-08,0.9229409255425719
2016-07-26,3,0.16332575614683742,3.8911014369252406e-14,5.333892560961986e-16,0.8366741723772803,7.147584243352387e-08,0.8366741723772803
2016-07-27,0,0.6130191206087611,3.5493784914965605e-14,1.4074596569863209e-15,0.3869807426560659,1.3673513644854262e-07,0.6130191206087611
2016-07-28,3,0.3724354116920755,1.974285499526409e-14,3.0842742605238433e-19,0.6275645715118646,1.6796041056213365e-08,0.6275645715118646
2016-07-29,0,0.8008994680006252,8.426646653790053e-15,7.863234921983942e-16,0.19910046397691666,6.802244949577458e-08,0.8008994680006252
2016-08-01,3,0.3881652010888225,3.278312399212625e-14,9.585010921881112e-21,0.6118347811609988,1.7750145539013294e-08,0.6118347811609988
2016-08-02,0,0.9285877249309783,3.575371678510248e-14,5.215590374416236e-16,0.0714122572909514,1.7778034608256652e-08,0.9285877249309783
2016-08-03,0,0.9239329820666228,1.1226687049838599e-13,4.3581439470089094e-20,0.07606701109683943,6.8364252147981584e-09,0.9239329820666228
2016-08-04,0,0.9577184659145205,2.4181875363221087e-14,9.664007727029204e-20,0.042281530846646126,3.238809390509982e-09,0.9577184659145205
2016-08-05,0,0.9624963924603684,5.956536212694766e-14,8.147915499291536e-18,0.03750360622593398,1.313638500214106e-09,0.9624963924603684
2016-08-08,0,0.9589237733405669,5.927978956360638e-14,8.363904540281437e-18,0.0410762250009256,1.658448880830365e-09,0.9589237733405669
2016-08-09,0,0.9817674137991267,1.5378248392485166e-15,3.822767080413281e-15,0.018232586124059515,7.680805169399467e-11,0.9817674137991267
2016-08-10,0,0.9895833819259646,1.4799459480306714e-16,2.705222264526988e-13,0.010416618053743618,2.002171044500617e-11,0.9895833819259646
2016-08-11,0,0.9840651977259954,7.523359857522431e-16,1.1999669015968624e-13,0.015934802260383518,1.3500440809699275e-11,0.9840651977259954
2016-08-12,0,0.9854763702803249,4.205395083056867e-16,1.4197275276642894e-13,0.014523629702298072,1.7233884054519113e-11,0.9854763702803249
2016-08-15,0,0.9817397563161148,9.281961780603607e-16,2.984103562131609e-12,0.01826024365899821,2.1902443037017087e-11,0.9817397563161148
2016-08-16,0,0.978314450668625,1.0425330388439565e-15,7.153339878427171e-11,0.0216855492528656,6.974444670586819e-12,0.978314450668625
2016-08-17,0,0.9801390463406476,8.32572309991713e-16,1.2217731942515796e-10,0.019860953532399663,4.7738772597676765e-12,0.9801390463406476
2016-08-18,0,0.9610904499255574,4.23865659685683e-16,3.2050073646046457e-09,0.03890954683206507,3.7369880710031705e-11,0.9610904499255574
2016-08-19,0,0.9455356854387666,7.395629026620931e-16,2.746777807619056e-10,0.05446431420782143,7.873417220021164e-11,0.9455356854387666
2016-08-22,0,0.9485184228820124,4.919035908459531e-16,2.7538582335480547e-10,0.051481576773798096,6.880327334851287e-11,0.9485184228820124
2016-08-23,0,0.9223005544557714,5.019004918900101e-16,6.428762990223709e-10,0.0776994447799142,1.214380871446351e-10,0.9223005544557714
2016-08-24,0,0.9388632779256161,8.517427843965775e-17,1.013099930302893e-07,0.061136620103810026,6.605802845614669e-10,0.9388632779256161
2016-08-25,0,0.9047751997008578,6.558215252336646e-17,1.3111151540836478e-06,0.09522348833150755,8.524801341310795e-10,0.9047751997008578
2016-08-26,0,0.8450148796137515,5.725506984347069e-16,6.704704589635499e-06,0.15497841392885978,1.7527988968100502e-09,0.8450148796137515
2016-08-29,0,0.8304970630119636,9.87273961824595e-18,1.8503476596674197e-05,0.1694844323090082,1.202431218774364e-09,0.8304970630119636
2016-08-30,0,0.7830166044697826,5.343239576746886e-18,0.0017968616352697982,0.2151865291451488,4.749798003619267e-09,0.7830166044697826
2016-08-31,0,0.9348125560706164,1.6636289395405176e-17,0.0018068394917251256,0.0633806019144492,2.5232099161738154e-09,0.9348125560706164
2016-09-01,0,0.960440049533956,1.5565556384212686e-16,1.8779980998521837e-05,0.03954116920663416,1.2784108741544088e-09,0.960440049533956
2016-09-02,0,0.990293188682435,1.4966474200097333e-16,1.5624982267863474e-05,0.009691046367895355,1.399674018616948e-07,0.990293188682435
2016-09-06,0,0.9980255123760513,7.997460427699455e-18,9.435564938707418e-05,0.0018801182167338649,1.3757827309907681e-08,0.9980255123760513
2016-09-07,0,0.9971253908547264,6.634558335997421e-18,8.223643197051772e-05,0.00279235976246463,1.295083841518351e-08,0.9971253908547264
2016-09-08,0,0.9956939632552797,7.8706630577676e-17,8.112121763911975e-05,0.004224855799331469,5.972774886378521e-08,0.9956939632552797
2016-09-09,0,0.9989926350959301,5.463145839436224e-16,0.00027069675416697395,0.000736651694317447,1.645558458341123e-08,0.9989926350959301
2016-09-12,0,0.9980474536410134,4.354382510513962e-16,0.0005361754534335311,0.0014163593653372056,1.1540215730623084e-08,0.9980474536410134
2016-09-13,0,0.9990158601201315,5.69910344761326e-15,0.00015811307615462602,0.0008260088304050882,1.797330343248916e-08,0.9990158601201315
2016-09-14,0,0.997986668688191,3.769279151031026e-15,9.157219999415294e-07,0.0020123582047846793,5.738502037141034e-08,0.997986668688191
2016-09-15,0,0.9975272645023947,6.031569258454278e-15,8.567021678084592e-07,0.0024718304016650666,4.839376636046345e-08,0.9975272645023947
2016-09-16,0,0.9914619505883574,7.858562660608336e-15,6.383835535216012e-08,0.008537896782534474,8.879074529098494e-08,0.9914619505883574
2016-09-19,0,0.9957620723366363,3.9346081605601226e-15,4.999385027792251e-07,0.004237365029455727,6.26954012988606e-08,0.9957620723366363
2016-09-20,0,0.9965788829985704,2.4689183487704327e-15,3.448670450183402e-06,0.003417633462670968,3.486830617211893e-08,0.9965788829985704
2016-09-21,0,0.9993812387797553,7.428756595226193e-16,4.069731559511631e-05,0.0005780298723622514,3.4032286893172746e-08,0.9993812387797553
2016-09-22,0,0.9995009512241654,4.064127804359905e-16,0.00018198361978522188,0.00031703491445112447,3.024159812309394e-08,0.9995009512241654
2016-09-23,0,0.999653841889358,3.0382692881801076e-16,2.3867308491996204e-05,0.0003222442282688857,4.657388036172653e-08,0.999653841889358
2016-09-26,0,0.9997801781730612,3.2958718805062423e-16,4.483188093358261e-05,0.00017496854318723034,2.1402818447070893e-08,0.9997801781730612
2016-09-27,0,0.9995715872473319,8.247621473947031e-17,7.441652984396623e-05,0.00035398217151248426,1.4051312160093019e-08,0.9995715872473319
2016-09-28,0,0.9983787887564083,7.383695431212681e-16,2.620633214891297e-06,0.0016185212462349137,6.936414085580431e-08,0.9983787887564083
2016-09-29,0,0.9971727410319949,4.459973871179665e-16,2.2927881576784947e-05,0.0028042512676302134,7.981879755840065e-08,0.9971727410319949
2016-09-30,0,0.9936548166539718,6.984302350926021e-16,0.0016800486711493771,0.004665009952089499,1.247227877290658e-07,0.9936548166539718
2016-10-03,0,0.9929674639988164,3.0780352547335175e-15,0.0009772757962037304,0.006055216335765242,4.386921115230578e-08,0.9929674639988164
2016-10-04,0,0.8633313573149436,4.027342696913631e-15,0.0011198464096948773,0.13554047352877024,8.3227465872774e-06,0.8633313573149436
2016-10-05,0,0.8573249580400765,8.249548588050061e-15,0.001361133063981633,0.14130361227097893,1.0296624954208176e-05,0.8573249580400765
2016-10-06,0,0.9371899443331789,1.2239183701106468e-14,0.0038526664860152144,0.058954913313188806,2.4758676040654554e-06,0.9371899443331789
2016-10-07,0,0.9113048839936805,4.3347642409418205e-15,0.006883091509690754,0.08181061525966714,1.409236957349903e-06,0.9113048839936805
2016-10-11,0,0.7406062964288026,1.2414114531136264e-15,8.287906403240189e-05,0.25930535148661804,5.473020546335244e-06,0.7406062964288026
2016-10-12,0,0.7096858062117501,7.086213761857506e-16,0.000157377307596361,0.29015265943050716,4.157050146314969e-06,0.7096858062117501
2016-10-13,0,0.7406662726386127,5.609908987942098e-17,0.0024964414157830953,0.25683378395764983,3.501987955127108e-06,0.7406662726386127
2016-10-14,0,0.822528078699747,3.45003426574443e-16,0.0023260148492603304,0.1751427819031423,3.1245478495001735e-06,0.822528078699747
2016-10-17,0,0.7789530148415087,9.433365986097388e-17,0.0008081999924076265,0.22023608867241282,2.6964936699334813e-06,0.7789530148415087
2016-10-18,0,0.7755908343538032,5.252997800468092e-17,0.0005160282130118547,0.22388929470688493,3.842726299121175e-06,0.7755908343538032
2016-10-19,0,0.7503077722628215,3.130326027036187e-17,0.0009698108751491533,0.248716546287993,5.870574037095796e-06,0.7503077722628215
2016-10-20,0,0.7479810168513539,2.1309529491394268e-16,2.285325267237488e-05,0.2519936103100299,2.5195859434610717e-06,0.7479810168513539
2016-10-21,0,0.6387808488203716,2.8225570914041565e-16,5.39826043268207e-07,0.36121611448158497,2.4968720004054144e-06,0.6387808488203716
2016-10-24,0,0.6879672528546691,6.328490731041437e-17,4.656094722984734e-06,0.3120257078770941,2.3831735133762968e-06,0.6879672528546691
2016-10-25,0,0.832921707348438,1.9859736657854432e-16,1.1708708303563418e-06,0.1670756927134852,1.4290672460605427e-06,0.832921707348438
2016-10-26,0,0.8377534530904903,4.570425009405216e-16,6.108773572395908e-07,0.16224327482541032,2.6612067411263454e-06,0.8377534530904903
2016-10-27,0,0.9157580294381041,1.446732139531824e-16,2.3334443281622943e-06,0.08423898617104865,6.509465191068414e-07,0.9157580294381041
2016-10-28,0,0.9045165135170989,9.464664861220697e-16,4.2365249613288916e-07,0.09548213950779674,9.23322606661741e-07,0.9045165135170989
2016-10-31,0,0.8641862158557438,3.4277154837488532e-15,5.458506373839828e-08,0.13581270434059395,1.0252185942643192e-06,0.8641862158557438
2016-11-01,0,0.9108790918866994,1.634553436743481e-15,5.901324937476108e-07,0.08912012339839291,1.945824119523751e-07,0.9108790918866994
2016-11-02,0,0.9650873678241619,1.7760322071942048e-14,2.6468675560009437e-10,0.034912628107722096,3.8034109258290625e-09,0.9650873678241619
2016-11-03,0,0.8760330665141892,1.0894842551204665e-14,3.7588520755266885e-10,0.12396684972460088,8.33853131867374e-08,0.8760330665141892
2016-11-04,0,0.6444862044096933,2.6252459550047944e-15,1.1122442771080695e-08,0.35551346214496415,3.2232289708709803e-07,0.6444862044096933
2016-11-07,0,0.9789124051729899,1.3553547903097292e-14,5.77213668644077e-12,0.021087594465757902,3.5546666689757233e-10,0.9789124051729899
2016-11-08,0,0.9828961579816675,2.788042568089126e-14,1.9882957705002974e-11,0.017103841915603404,8.281868988521996e-11,0.9828961579816675
2016-11-09,0,0.9771085166564617,4.286286701780659e-12,5.172005066946914e-12,0.022891482766696076,5.673845826612973e-10,0.9771085166564617
2016-11-10,0,0.962338772227986,7.639843639617566e-12,1.2544233164899815e-12,0.03766122621186552,1.5512542078276003e-09,0.962338772227986
2016-11-14,0,0.7215990816241933,2.3920520636454615e-11,1.1663114374975453e-06,0.27839963353242425,1.1850802380117348e-07,0.7215990816241933
2016-11-15,0,0.9004175845836974,4.3900302615285885e-10,3.586778487422515e-07,0.09958202245545357,3.3843998105604085e-08,0.9004175845836974
2016-11-16,0,0.9014772352220071,3.6347482458560704e-10,1.8224005126580333e-07,0.09852255342971461,2.8744751960772016e-08,0.9014772352220071
2016-11-17,0,0.8691367865295923,1.1198415587548864e-09,3.3127689668275624e-08,0.13086313493249613,4.4290380012228e-08,0.8691367865295923
2016-11-18,0,0.8489718585465827,3.6562876566383437e-09,3.8333702957673485e-08,0.1510280679015367,3.1561890303040714e-08,0.8489718585465827
2016-11-21,0,0.894350520671927,1.3670276743441405e-08,1.466656055575146e-07,0.10564929496297124,2.4029219010937717e-08,0.894350520671927
2016-11-22,0,0.896928655131727,9.29009135705854e-09,3.0241946120823964e-07,0.10307101438954971,1.8769170700130546e-08,0.896928655131727
2016-11-23,0,0.7968194096579293,2.5685742268575364e-08,1.16322576082122e-06,0.2031793491567793,5.2273788224886355e-08,0.7968194096579293
2016-11-25,0,0.7649420729431851,3.739952271359734e-08,2.583775450062675e-07,0.2350575513744487,7.990529888421566e-08,0.7649420729431851
2016-11-28,0,0.7773363080424894,1.2154905445489693e-08,1.6831737134780862e-06,0.2226619389286064,5.7700285048612004e-08,0.7773363080424894
2016-11-29,0,0.752852007769527,8.226208882774793e-09,3.15773209080186e-07,0.24714758537949832,8.285155589985838e-08,0.752852007769527
2016-11-30,3,0.023046446378892423,9.252821433144839e-09,7.281540432785497e-13,0.9769529650635098,5.793040474508358e-07,0.9769529650635098
2016-12-01,3,0.007527696281520644,1.4510492988007086e-08,2.2247008995691135e-11,0.9924687423562758,3.546829463840493e-06,0.9924687423562758
2016-12-02,3,0.005568248600623931,1.0391085038398232e-09,2.7626957812680348e-08,0.9944308132307084,9.09502601338153e-07,0.9944308132307084
2016-12-05,3,0.005083395661333314,5.130949881193298e-10,7.246023719933032e-08,0.9949149283194708,1.6030458635984355e-06,0.9949149283194708
2016-12-06,3,0.0048151630399296,6.787519742584673e-10,2.475920915052111e-07,0.9951823847118594,2.203977367964271e-06,0.9951823847118594
2016-12-07,3,0.10174006996903828,2.6252547050680492e-09,2.164681294627794e-08,0.8982553800613515,4.525697542419353e-06,0.8982553800613515
2016-12-08,3,0.03755183908121202,1.5273145693566709e-09,7.769856260868873e-09,0.9624405717684111,7.579853206052733e-06,0.9624405717684111
2016-12-09,3,0.011013586125109314,5.024608643985652e-09,7.364009007305103e-09,0.9889843876469104,2.0138393632641826e-06,0.9889843876469104
2016-12-12,3,0.003953538339913058,1.8248041433531788e-09,5.6717602544022485e-08,0.996045069034831,1.3340828491459974e-06,0.996045069034831
2016-12-13,3,0.0042464764446765975,4.222325892509615e-09,1.4951070499861498e-12,0.9957489326360635,4.586695438272097e-06,0.9957489326360635
2016-12-14,3,0.03451405962424457,7.989554540242844e-07,6.184088817676222e-13,0.9654679099557016,1.72314639810675e-05,0.9654679099557016
2016-12-15,3,0.017026593667883526,8.827554241243473e-07,3.9184385858488215e-10,0.9829486876580175,2.3835526831132055e-05,0.9829486876580175
2016-12-16,3,0.015007020124877386,4.046539104019404e-07,6.625610851035589e-10,0.9849626903467147,2.9884211935726124e-05,0.9849626903467147
2016-12-19,3,0.026974454290588944,1.6772592370929355e-07,4.1981019047135345e-10,0.9729849674800871,4.041008359087266e-05,0.9729849674800871
2016-12-20,3,0.06784977979630913,1.0561514531465173e-06,2.8696448952868945e-10,0.9321109782165172,3.818554875585613e-05,0.9321109782165172
2016-12-21,3,0.08107893013035819,9.238622542092278e-07,2.0043428207811173e-10,0.9188827862974275,3.735950952577103e-05,0.9188827862974275
2016-12-22,3,0.10360347643007041,1.1498359218307133e-06,5.559367666765187e-11,0.896372175159621,2.3198518792872618e-05,0.896372175159621
2016-12-23,3,0.11045512010822317,1.0602674238353898e-06,2.339751549940139e-10,0.8895254703051485,1.8349085228550464e-05,0.8895254703051485
2016-12-27,3,0.13423215413988765,2.4260247640067875e-06,2.4504665547750857e-11,0.8657294336202689,3.598619057424863e-05,0.8657294336202689
2016-12-28,3,0.08062983135490083,3.839679339306117e-07,2.1462145818773488e-09,0.919343238326496,2.6544204455067065e-05,0.919343238326496
2016-12-29,0,0.9112665228413619,9.175501309874473e-08,0.0034042321850541023,0.08532895319610286,2.0002246794081547e-07,0.9112665228413619
2016-12-30,0,0.9607905547954869,1.3349253557198672e-08,0.003382363783623139,0.035827002164894046,6.590674244547612e-08,0.9607905547954869
2017-01-03,0,0.9255134123432119,5.0308756365149735e-08,1.5245984503582289e-05,0.07447081897695766,4.723865703834131e-07,0.9255134123432119
2017-01-04,0,0.9198047107287463,6.87373351190138e-08,5.90441186206646e-05,0.08013559457677104,5.818385273179375e-07,0.9198047107287463
2017-01-05,0,0.9298282941866873,1.2489910240773067e-08,0.00014807888433123658,0.07002297511541183,6.393236589466048e-07,0.9298282941866873
2017-01-06,0,0.8980478676799734,1.2996675366033323e-08,0.0016129490687514067,0.10033769413832799,1.476116272170421e-06,0.8980478676799734
2017-01-09,0,0.8881992552583878,4.525365686611413e-08,2.0400047760838532e-05,0.111779717425884,5.820143102539614e-07,0.8881992552583878
2017-01-10,0,0.9474812136738708,4.592822296645868e-08,1.706995953040679e-05,0.052501088427712436,5.820106633164222e-07,0.9474812136738708
2017-01-11,0,0.97212875476048,2.4742878781974933e-08,8.776723734218909e-05,0.027782793798640345,6.59460658979298e-07,0.97212875476048
2017-01-12,0,0.9746106158031319,2.675555085335884e-08,0.00019313908557567566,0.025195671376190512,5.46979550862283e-07,0.9746106158031319
2017-01-13,0,0.9801788298764376,5.705515678275395e-09,0.0010230821497520372,0.0187978079652743,2.7430302038818727e-07,0.9801788298764376
2017-01-17,0,0.9906753137763785,9.538989235364451e-09,0.00036214047494723817,0.008962470478935686,6.573074927283165e-08,0.9906753137763785
2017-01-18,0,0.9907722267316689,3.7760345206280696e-08,0.000245662532107696,0.00898200658957605,6.638630245394046e-08,0.9907722267316689
2017-01-19,0,0.9909724310866205,1.2224771241862892e-07,5.452739010042777e-05,0.008972808812392312,1.1046317413607748e-07,0.9909724310866205
2017-01-20,0,0.9938995331659458,2.862076044706484e-07,0.00011087046085803111,0.0059891429602432905,1.672053484820666e-07,0.9938995331659458
2017-01-23,0,0.99428056666644,9.593926208125336e-08,0.00043485125162764655,0.005284311081822489,1.750608484515907e-07,0.99428056666644
2017-01-24,0,0.9894287008192407,3.2907568740459313e-07,0.00046248650543242905,0.010108381150661549,1.0244897864284931e-07,0.9894287008192407
2017-01-25,0,0.9871368349452195,3.2632549072109687e-07,0.0004174583490160313,0.012445286131098904,9.424917468406653e-08,0.9871368349452195
2017-01-26,0,0.9834046931491137,3.5221341084157423e-07,3.3553360583463745e-05,0.016561292738556353,1.0853833606680688e-07,0.9834046931491137
2017-01-27,0,0.9839326146139626,2.0846807761766423e-07,4.083692279818541e-05,0.01602625149801492,8.849714644664294e-08,0.9839326146139626
2017-01-30,0,0.9886856773843093,1.845974590622878e-07,2.3456143110973464e-05,0.011290607430726378,7.444439389580752e-08,0.9886856773843093
2017-01-31,0,0.9854939982844266,1.4545906217731062e-07,0.00018801860731281717,0.014317796433749025,4.121544900409912e-08,0.9854939982844266
2017-02-01,0,0.9838536353105648,8.952880300818636e-08,0.000367504718942915,0.01577876643396672,4.0077225218115826e-09,0.9838536353105648
2017-02-02,0,0.9816067248614341,7.790458399385505e-08,0.0001903965105276022,0.018202796277046077,4.446407959399704e-09,0.9816067248614341
2017-02-03,0,0.983474339688953,1.2304222960653693e-07,2.9686598386849484e-05,0.01649584817749525,2.492935039522043e-09,0.983474339688953
2017-02-06,0,0.9776602752805665,5.860830033238725e-08,1.381992412694179e-05,0.02232584281001644,3.3769902109166913e-09,0.9776602752805665
2017-02-07,0,0.9830202517150486,8.395815528565564e-09,0.0023991099978758635,0.01458062570108573,4.190173981242437e-09,0.9830202517150486
2017-02-08,0,0.981672531184986,2.4989915257120048e-09,0.003476169131295713,0.014851292828905675,4.3558206818844825e-09,0.981672531184986
2017-02-09,0,0.9797895420217455,6.8542525332433564e-09,8.172236241946925e-05,0.020128726848354886,1.913227535769526e-09,0.9797895420217455
2017-02-10,0,0.983645249583584,8.31044731227402e-09,2.142739501322954e-05,0.016333313079974588,1.6309812071595843e-09,0.983645249583584
2017-02-13,0,0.9843479297471319,1.0128047632854168e-08,0.0001416894715213605,0.015510366606550384,4.046748300831935e-09,0.9843479297471319
2017-02-14,0,0.9853699326407277,2.188384634339989e-08,1.6045459243301295e-05,0.014613988599656885,1.141652566580616e-08,0.9853699326407277
2017-02-15,0,0.9897942560680009,1.325098676402959e-08,8.823568255416274e-06,0.010196902647339684,4.465417040364938e-09,0.9897942560680009
2017-02-16,0,0.9894441828404753,5.063513868012162e-09,3.6536948620241994e-05,0.010519273586082456,1.5613083477314486e-09,0.9894441828404753
2017-02-17,0,0.992832775286663,1.480328726362364e-09,9.792337422358136e-06,0.007157430424651634,4.709341987748678e-10,0.992832775286663
2017-02-21,0,0.9950735554146047,1.8561652436094596e-09,5.167768734152682e-07,0.004925925315897296,6.364596575660447e-10,0.9950735554146047
2017-02-22,0,0.9938303863831841,1.1051858947633856e-09,1.0464688538917108e-06,0.006168564759650582,1.283125732896809e-09,0.9938303863831841
2017-02-23,0,0.9873218223343634,7.280962234174455e-10,0.00018273223897681982,0.012495442849216115,1.849347555597925e-09,0.9873218223343634
2017-02-24,0,0.9816799259474277,8.515214021449633e-11,0.004068044710013011,0.014252026445077063,2.8123300400576075e-09,0.9816799259474277
2017-02-27,0,0.9835061801917342,3.033453814638054e-10,0.002365926984764708,0.014127887270088882,5.250066825484844e-09,0.9835061801917342
2017-02-28,0,0.9860161916581816,1.6882674837548404e-10,0.004289417244185566,0.009694374051323423,1.6877483095347966e-08,0.9860161916581816
2017-03-01,0,0.990235116907878,1.4650861040304333e-09,0.0008591341295409137,0.008905736218231736,1.1279263244471648e-08,0.990235116907878
2017-03-02,0,0.9759628767698787,1.2993015567269287e-10,0.01579107881005764,0.00824604289502032,1.3951128221768518e-09,0.9759628767698787
2017-03-03,0,0.9920900843645388,3.019439597816496e-10,0.0004897129034197244,0.007420200698380182,1.7317170345229625e-09,0.9920900843645388
2017-03-06,0,0.992191622452646,3.120419694283473e-10,0.00035274553501470253,0.007455630403433715,1.2968633040022892e-09,0.992191622452646
2017-03-07,0,0.9922352815661866,7.968098632765379e-11,0.0003106022250735527,0.007454114568217928,1.5608405138543934e-09,0.9922352815661866
2017-03-08,0,0.9915917166177854,3.859333832111e-09,0.0006444854245431981,0.007763792849056951,1.249280821805954e-09,0.9915917166177854
2017-03-09,0,0.9879266893226286,8.244246407282179e-09,6.72298816563903e-05,0.012006070671603867,1.8798649614889192e-09,0.9879266893226286
2017-03-10,0,0.9843300508944247,4.343498718201136e-09,1.2323277542821491e-05,0.01565761930835751,2.176176217754527e-09,0.9843300508944247
2017-03-13,0,0.9849199628997464,3.939473200470538e-09,1.1876048485109014e-05,0.015068154495917368,2.6163787721764567e-09,0.9849199628997464
2017-03-14,0,0.9853337695003394,4.428872047332304e-09,7.1125945115627776e-06,0.01465911131890869,2.157367933254502e-09,0.9853337695003394
2017-03-15,0,0.9902950637891699,3.274873102717904e-09,4.2391944034085885e-06,0.009700689066725752,4.674828400977648e-09,0.9902950637891699
2017-03-16,0,0.9971794473908897,3.2851934296715424e-09,0.0003856152305259263,0.00243486847266419,6.562072657181569e-08,0.9971794473908897
2017-03-17,0,0.9960103982488598,2.3086853942679945e-09,5.5118828894958215e-05,0.003934414968710206,6.564484995439829e-08,0.9960103982488598
2017-03-20,0,0.9961549128048177,1.480733689877061e-09,3.75614914907461e-05,0.003807448562498314,7.566045974063882e-08,0.9961549128048177
2017-03-21,0,0.9916571545581769,1.3874517410873538e-09,0.00012373138440847312,0.008219028906172137,8.376379068851691e-08,0.9916571545581769
2017-03-22,0,0.9936179663174732,1.0545735355338303e-09,0.00019807329466783665,0.006183909635528069,4.9697757142228364e-08,0.9936179663174732
2017-03-23,0,0.987356427636663,2.316456287362364e-09,1.2992915473433679e-05,0.01263052475202857,5.237937882819005e-08,0.987356427636663
2017-03-24,0,0.9897039170092592,1.890168880700051e-09,3.1671201934317184e-05,0.010264374823867975,3.5074769399307985e-08,0.9897039170092592
2017-03-27,0,0.9910855375615262,1.0089399741670655e-09,6.405561843185866e-05,0.00885035603787675,4.977322536031473e-08,0.9910855375615262
2017-03-28,0,0.9902746858038343,2.4723851912136384e-09,2.171781541994655e-05,0.009703568587217605,2.5321143074691774e-08,0.9902746858038343
2017-03-29,0,0.9906091095891474,3.533647402241583e-09,7.874470274123963e-06,0.009382988138865792,2.4268065039817858e-08,0.9906091095891474
2017-03-30,0,0.9905343293315616,3.172791117511408e-08,4.331380319283591e-08,0.009465462038448124,1.3358827570401142e-07,0.9905343293315616
2017-03-31,0,0.993677668642748,1.2829770378659196e-08,3.773208036867639e-07,0.006321771360527483,1.698461502316677e-07,0.993677668642748
2017-04-03,0,0.9933585158771674,5.922877088960314e-09,3.0781421430898125e-07,0.006641003057410693,1.673283302143993e-07,0.9933585158771674
2017-04-04,0,0.9937833577738022,8.56699096977912e-09,4.86180255945713e-07,0.006215997428082832,1.5005086823144092e-07,0.9937833577738022
2017-04-05,0,0.9942005917682741,9.212145682741998e-09,1.0447617980496048e-08,0.0057974925739160965,1.895998046249617e-06,0.9942005917682741
2017-04-06,0,0.9953708011823589,1.1349996818623577e-08,1.9658422986308306e-09,0.004627458799054824,1.726702746461512e-06,0.9953708011823589
2017-04-07,0,0.9962247843364727,2.7614699342232925e-08,1.4290586581498673e-09,0.0037728092309832124,2.3773887868202706e-06,0.9962247843364727
2017-04-10,0,0.996890407989258,3.461679692802605e-08,3.461271299222448e-10,0.0031040834849457096,5.473562872234045e-06,0.996890407989258
2017-04-11,0,0.9926431368936429,2.8073564009247943e-09,1.4811643158388908e-09,0.007355070557552649,1.7882602841259608e-06,0.9926431368936429
2017-04-12,0,0.9807409104473944,9.491268566143432e-10,2.3407317083690463e-11,0.0192474679877959,1.1620592275941557e-05,0.9807409104473944
2017-04-13,0,0.9914895774839418,1.3704833028696724e-10,7.23478650760101e-11,0.008510221563930446,2.0074273111026377e-07,0.9914895774839418
2017-04-17,0,0.9901414572442793,2.6868527378099186e-10,2.878783228564366e-11,0.009858222949826738,3.195084215027422e-07,0.9901414572442793
2017-04-18,0,0.9910826607279836,5.0640669882164404e-11,2.1461995529692354e-11,0.008916648965139398,6.90234773843635e-07,0.9910826607279836
2017-04-19,0,0.9872833448250508,1.0767401030072107e-11,0.00014804709051466483,0.01256843397391381,1.7409975390590074e-07,0.9872833448250508
2017-04-20,0,0.9844542668489897,2.3860001222030146e-11,7.889095857214599e-05,0.015466670648223782,1.715203548012154e-07,0.9844542668489897
2017-04-21,0,0.9888721357960434,5.39343769055615e-11,2.678183960905281e-05,0.011100915396361918,1.6691405038720852e-07,0.9888721357960434
2017-04-24,0,0.9593901327902226,4.248703716163992e-11,2.7669675428074036e-10,0.040609855461956654,1.1428636702724335e-08,0.9593901327902226
2017-04-25,0,0.9439166950963205,1.2101827390094785e-10,3.3304242713489604e-12,0.056083281515973506,2.3263357510066786e-08,0.9439166950963205
2017-04-26,0,0.9557364182369295,6.728136609314342e-11,8.810726085907762e-12,0.04426356630213163,1.53848468835443e-08,0.9557364182369295
2017-04-27,0,0.960112227448,3.2290696206872113e-11,7.024146061486059e-12,0.03988776638693997,6.1257458837235015e-09,0.960112227448
2017-04-28,0,0.9248070934274873,8.434077782126052e-12,2.2869513271621894e-14,0.07519290473262943,1.831426760043138e-09,0.9248070934274873
2017-05-01,0,0.9483144680379259,1.1573091155562141e-11,2.9481422268517767e-13,0.05168552992716711,2.023039266356541e-09,0.9483144680379259
2017-05-02,0,0.9437858180818909,1.6912177784456882e-11,5.193802192660739e-13,0.05621417936374778,2.536930025649711e-09,0.9437858180818909
2017-05-03,0,0.9664883297134661,2.0608774038824136e-11,1.6837186941955087e-11,0.03351166653027936,3.7188091561263656e-09,0.9664883297134661
2017-05-04,0,0.510467769988626,6.763062906915016e-11,3.608827838605802e-18,0.489532222280016,7.663727134044354e-09,0.510467769988626
2017-05-05,0,0.6689169571585454,1.0520704506631782e-10,2.9760962712458276e-17,0.33108303466157235,8.074674553144587e-09,0.6689169571585454
2017-05-08,0,0.7575744446882293,1.641705997688816e-10,6.489162086985752e-16,0.2424255457677069,9.379893435151336e-09,0.7575744446882293
2017-05-09,0,0.8262822505715386,1.223055336436214e-10,1.1068268010849321e-13,0.17371773799706494,1.130898063351124e-08,0.8262822505715386
2017-05-10,3,0.45248227975710453,4.721004605274157e-10,4.905650318202701e-18,0.5475177022106392,1.756015666786681e-08,0.5475177022106392
2017-05-11,3,0.4442444930541679,2.7132524319836273e-10,1.1277044785882001e-17,0.5557554929872517,1.3687255707705319e-08,0.5557554929872517
2017-05-12,3,0.3910095941038279,6.135433063531454e-11,5.5982504587869935e-18,0.6089903916737665,1.4161050963567998e-08,0.6089903916737665
2017-05-15,3,0.4345218667390792,6.051975665768313e-11,5.8550561454579025e-18,0.5654781256883478,7.512053236274257e-09,0.5654781256883478
2017-05-16,0,0.6332219233570505,6.797711196859882e-11,8.629418365896791e-16,0.36677807022509923,6.349871601687186e-09,0.6332219233570505
2017-05-17,0,0.9837232564503721,2.759754491298445e-12,8.485219876877233e-11,0.016276743271800304,1.9021582893407663e-10,0.9837232564503721
2017-05-18,0,0.9855233014643029,4.1181194103408985e-12,2.993513189745462e-10,0.01447669806318036,1.6904741118119444e-10,0.9855233014643029
2017-05-19,0,0.9778159541937613,3.6183901439101986e-12,7.316762245824846e-09,0.02218403818779657,2.980621081313723e-10,0.9778159541937613
2017-05-22,0,0.9833154165287816,3.664687976950868e-12,8.678030526678298e-06,0.016675905269871675,1.671548794136789e-10,0.9833154165287816
2017-05-23,0,0.978499696139182,6.8493612467022035e-12,1.8030469595399714e-05,0.021482273310857183,7.351549495075269e-11,0.978499696139182
2017-05-24,0,0.9791440734794108,4.479368349599935e-12,1.3185350689022587e-05,0.020842741095730845,6.968936613445582e-11,0.9791440734794108
2017-05-25,0,0.9783827979970956,9.32252620402769e-11,7.94623976446788e-06,0.02160925549072511,1.7919030852885151e-10,0.9783827979970956
2017-05-26,0,0.9594289299928634,5.4602487124484606e-11,1.4735054967894834e-06,0.04056959588231223,5.64724674059053e-10,0.9594289299928634
2017-05-30,0,0.9512887203708814,2.58878642634808e-11,8.760600417253454e-07,0.04871040275812523,7.850636238413585e-10,0.9512887203708814
2017-05-31,0,0.9524867314871586,2.964420589273152e-11,8.949317772985721e-07,0.047512372406620984,1.1447982635284646e-09,0.9524867314871586
2017-06-01,0,0.9514626830233546,4.9978343567320497e-11,6.457734513472461e-07,0.04853667037327037,7.799450970728175e-10,0.9514626830233546
2017-06-02,0,0.9872872122104563,1.2010555323651348e-10,2.949378450309543e-05,0.012683293839547359,4.5387359008631434e-11,0.9872872122104563
2017-06-05,0,0.9879463783795329,1.6847219319181598e-10,3.836597603738947e-05,0.012015255441895297,3.4062377171554686e-11,0.9879463783795329
2017-06-06,0,0.9850388839059968,5.6480804027095083e-11,0.00022159302045224517,0.014739522950048744,6.702116932517589e-11,0.9850388839059968
2017-06-07,0,0.9671704217463128,9.354729294997573e-10,4.9443124759350516e-05,0.03278013412970377,6.375105013218343e-11,0.9671704217463128
2017-06-08,0,0.9853799083777175,5.352387630267001e-10,8.736872638460975e-05,0.014532722267927352,9.27313859747068e-11,0.9853799083777175
2017-06-09,0,0.987538332776175,4.703712778967568e-10,3.228201231282393e-05,0.01242938459976758,1.413730612211986e-10,0.987538332776175
2017-06-12,0,0.9877715557781667,6.566593668079702e-10,2.4778786174618216e-05,0.012203664585827946,1.9317119031930634e-10,0.9877715557781667
2017-06-13,0,0.9882732891542726,3.6903121559956594e-10,1.1143854871182327e-05,0.01171556646144274,1.6038181816708058e-10,0.9882732891542726
2017-06-14,0,0.9849461656957268,3.0943678612323824e-10,3.9310061024186664e-07,0.015053440677992717,2.1623313995158555e-10,0.9849461656957268
2017-06-15,0,0.989883406801995,3.8913290108564087e-10,9.158488943587436e-10,0.010116448729096953,1.431639262876328e-07,0.989883406801995
2017-06-16,0,0.9936868321683813,3.6105137591239814e-10,5.8278661645083605e-09,0.0063130066167026875,1.550259989298219e-07,0.9936868321683813
2017-06-19,0,0.9783557626733319,1.827231914936922e-10,2.0231828210128494e-10,0.021644003632176542,2.3330944974475422e-07,0.9783557626733319
2017-06-20,0,0.96028272151206,1.0658019924503199e-10,3.1516974580634755e-11,0.03971710076901499,1.775808277770975e-07,0.96028272151206
2017-06-21,0,0.9514500590888643,6.160183889941934e-11,1.6616936913757283e-10,0.04854955302427888,3.876590855128446e-07,0.9514500590888643
2017-06-22,0,0.9605531907521562,4.919534157280835e-11,3.4441720399847427e-10,0.03944633516290547,4.7369132573936986e-07,0.9605531907521562
2017-06-23,0,0.9824539661129156,8.241292066080758e-12,9.379593727243684e-07,0.01754495514059582,1.4077887388958323e-07,0.9824539661129156
2017-06-26,0,0.9609952092363137,2.6052814150749394e-11,2.404453048189991e-09,0.03900467721709071,1.1111609047891798e-07,0.9609952092363137
2017-06-27,0,0.9908067664893263,3.837352104272297e-10,3.1702447359540375e-07,0.00919282888317582,8.721928889759514e-08,0.9908067664893263
2017-06-28,0,0.9956446870659766,3.8262580929054585e-10,7.849045597919338e-05,0.004276762204110995,5.989130693111562e-08,0.9956446870659766
2017-06-29,0,0.9967514630725738,1.002664686714659e-09,6.542173785845107e-05,0.003183003525911552,1.1066099115330616e-07,0.9967514630725738
2017-06-30,0,0.9957189584089523,3.365055474688113e-09,0.00018895163566142278,0.004091979342538698,1.0724779173833507e-07,0.9957189584089523
2017-07-03,0,0.9849059988067961,2.8949880236771324e-08,1.3155804034425543e-06,0.015092272811039005,3.8385188159235087e-07,0.9849059988067961
2017-07-05,0,0.9777248910272003,3.251132929614533e-07,1.0221801905517868e-11,0.022271991145956425,2.7927033284282274e-06,0.9777248910272003
2017-07-06,0,0.9555687282638837,2.426063935729138e-07,1.3263390410041181e-09,0.04442973002029019,1.2977830935460936e-06,0.9555687282638837
2017-07-07,0,0.9657346305734009,2.7815780643890556e-07,8.892808074448202e-08,0.03426459882389545,4.0351681707200574e-07,0.9657346305734009
2017-07-10,0,0.9744421884181025,1.2558432037134763e-07,2.825233130821843e-07,0.02555714214823859,2.613260248209562e-07,0.9744421884181025
2017-07-11,0,0.978189419323492,1.0042813959701196e-07,7.693320639322113e-07,0.021809479212588776,2.3170371615420764e-07,0.978189419323492
2017-07-12,0,0.9839839283241281,3.1787126761646235e-08,1.2387303055095892e-06,0.016014598111762767,2.030466770684649e-07,0.9839839283241281
2017-07-13,0,0.9832626390520594,9.19559753497921e-09,0.0006746466136796059,0.016062561213270432,1.439253932432902e-07,0.9832626390520594
2017-07-14,0,0.9900017261715199,6.027367321390811e-09,0.0006473414233491886,0.009350853379506982,7.299825639117016e-08,0.9900017261715199
2017-07-17,0,0.9890389001895027,7.0418014316903835e-09,0.0001418040889686291,0.010819216991288124,7.168843904844948e-08,0.9890389001895027
2017-07-18,0,0.9899325203173154,2.73881561520468e-09,0.00011047091730789306,0.009956950655785822,5.537077544609687e-08,0.9899325203173154
2017-07-19,0,0.9868302725210139,1.6917502571730432e-09,6.938276591268518e-05,0.013100277263740582,6.575758221670959e-08,0.9868302725210139
2017-07-20,0,0.9872954852132301,1.0510426148623477e-09,8.215165458342233e-05,0.012622297077335606,6.500380837467189e-08,0.9872954852132301
2017-07-21,0,0.9885556822839755,1.7168547706166057e-09,1.084055367820562e-06,0.011443174077488391,5.7866313853544725e-08,0.9885556822839755
2017-07-24,0,0.9842839311799769,3.2504032579413397e-09,6.880922352931609e-07,0.015715325409430658,5.206795418168706e-08,0.9842839311799769
2017-07-25,0,0.9805012676055403,2.2339810634134894e-08,2.4859827434497876e-07,0.019498341373485176,1.2008288989967504e-07,0.9805012676055403
2017-07-26,0,0.9812038531415893,8.105974999748271e-09,4.483167313369026e-08,0.0187960326610024,6.125975987802307e-08,0.9812038531415893
2017-07-27,0,0.9803258551782489,8.685756420485762e-09,8.763997249918882e-08,0.019673990842054328,5.765396746961657e-08,0.9803258551782489
2017-07-28,0,0.9736662336292925,5.690472964429335e-09,1.2131787530669128e-06,0.02633253971422923,7.78725261651183e-09,0.9736662336292925
2017-07-31,0,0.9798440807544991,4.769473979115677e-09,4.168094218126352e-06,0.020151738686882397,7.694926529639806e-09,0.9798440807544991
2017-08-01,0,0.943184940190904,6.224219004724574e-09,1.7330440158292845e-05,0.05679772130857854,1.8361402476904814e-09,0.943184940190904
2017-08-02,0,0.969085760928542,6.996495469566299e-10,5.421699481675552e-05,0.030860019049768327,2.327223466697e-09,0.969085760928542
2017-08-03,0,0.9767117337820536,2.864622722417043e-10,0.0001592334129556769,0.02312903187033162,6.481968525866983e-10,0.9767117337820536
2017-08-04,0,0.9845980345273464,6.17120375710835e-09,1.819163711494521e-08,0.015401917499643371,2.361016917435297e-08,0.9845980345273464
2017-08-07,0,0.9854888234154664,4.439833494668761e-09,3.295508623593575e-08,0.014511120645059258,1.8544554402514853e-08,0.9854888234154664
2017-08-08,0,0.9907572583111157,9.086304274624425e-09,4.4100347888820404e-08,0.009242599365225824,8.913700564558234e-08,0.9907572583111157
2017-08-09,0,0.9910096886634528,1.2327049453648316e-09,4.850806030202549e-07,0.008989790616392946,3.440684631953713e-08,0.9910096886634528
2017-08-10,0,0.9853165078811045,1.3316456485949484e-09,4.833442001559165e-08,0.014683439681995574,2.7708343634365235e-09,0.9853165078811045
2017-08-11,0,0.9865863177485317,8.59311673091307e-10,3.598924555095968e-09,0.013413676574937094,1.2182947354099909e-09,0.9865863177485317
2017-08-14,0,0.9828097199102345,1.3424473776479727e-09,1.1619015907479073e-06,0.017189116270647283,5.750800392499929e-10,0.9828097199102345
2017-08-15,0,0.9869988478848988,2.226937806764414e-09,9.730970230774844e-07,0.01300017622950146,5.616386359260154e-10,0.9869988478848988
2017-08-16,0,0.988373618597502,9.4986048940568e-10,2.734280850574161e-07,0.011626106612631552,4.119214182884316e-10,0.988373618597502
2017-08-17,0,0.9886265282525039,4.108191507088599e-10,1.1753457996461498e-06,0.011372295778274772,2.126023235516298e-10,0.9886265282525039
2017-08-18,0,0.9778967852574781,4.574198882241431e-10,1.99572635490222e-05,0.022083256557906997,4.6364614326575137e-10,0.9778967852574781
2017-08-21,0,0.9840199642328864,5.563697950011052e-10,1.6741893051437136e-06,0.015978360721794906,2.996434457390271e-10,0.9840199642328864
2017-08-22,0,0.9902854353548216,3.4028940826011965e-10,9.443047709997387e-06,0.009705121138548873,1.1863036596919696e-10,0.9902854353548216
2017-08-23,0,0.991507752454602,9.174286060377587e-11,7.669188240296321e-05,0.008415555497883663,7.336878648526238e-11,0.991507752454602
2017-08-24,0,0.9901850431386245,3.1031201308625703e-10,0.00012641194604215238,0.009688544540546065,6.447514724618609e-11,0.9901850431386245
2017-08-25,0,0.9902782842630843,1.7994242366071435e-10,3.0271541484349633e-05,0.009691443934453618,8.103547427324638e-11,0.9902782842630843
2017-08-28,0,0.9839028059398688,1.8015013646982387e-10,9.557007078282608e-09,0.016097184221925593,1.0104837023112306e-10,0.9839028059398688
2017-08-29,0,0.987079535268801,5.7749199565993737e-11,3.196093690995681e-08,0.012920432651423628,6.108921707626177e-11,0.987079535268801
2017-08-30,0,0.9847819939118113,4.177010010058289e-11,6.974831914146635e-08,0.015217936241559708,5.6540248661636265e-11,0.9847819939118113
2017-08-31,0,0.9855776387260928,5.9621776040504e-11,1.6475006948871347e-06,0.014420713656332153,5.7259202000852373e-11,0.9855776387260928
2017-09-01,0,0.9836828483994071,1.3573890515742126e-10,8.920723682772201e-05,0.01622794406522526,1.6280034985992527e-10,0.9836828483994071
2017-09-05,0,0.9780485861984914,4.025816900880535e-11,0.008663562744951234,0.013287850893425381,1.2287287682833558e-10,0.9780485861984914
2017-09-06,0,0.9816009624400055,1.4629771847602956e-10,0.0036585162136767552,0.014740521113952312,8.606827483447157e-11,0.9816009624400055
2017-09-07,0,0.9832838958636254,7.43336850934674e-11,0.0009584153333602046,0.0157576886983718,3.030921356550788e-11,0.9832838958636254
2017-09-08,0,0.9851334995014479,4.25929974278388e-11,0.0012448039765724833,0.013621696446353132,3.303429658950704e-11,0.9851334995014479
2017-09-11,0,0.9877487012036068,1.7282970682559218e-10,2.2320787518979292e-05,0.012228977821128017,1.491564122623604e-11,0.9877487012036068
2017-09-12,0,0.9864643839174295,2.3773856156504195e-10,4.529447916859482e-06,0.01353108638108397,1.583111849344136e-11,0.9864643839174295
2017-09-13,0,0.9822919872632225,5.106317426768323e-10,1.8746772350773256e-07,0.01770782474478463,1.3636867736948884e-11,0.9822919872632225
2017-09-14,0,0.9811246001052331,6.871670180983206e-10,2.2181173549293464e-06,0.0188731810666071,2.3638198326788815e-11,0.9811246001052331
2017-09-15,0,0.9825973748990683,8.23030912249692e-10,1.3045025946002506e-06,0.01740131975426956,2.103632298718955e-11,0.9825973748990683
2017-09-18,0,0.9875889363475083,3.406554902330651e-10,1.1443308096190198e-06,0.012409918932291751,4.873493941202341e-11,0.9875889363475083
2017-09-19,0,0.9892328748104757,2.591758783729744e-10,1.9615248493045742e-05,0.010747509644969904,3.6885483728264485e-11,0.9892328748104757
2017-09-20,0,0.9878150884097263,2.791581369828526e-10,1.347679277578177e-05,0.012171434307974618,2.103648822708225e-10,0.9878150884097263
2017-09-21,0,0.9864567576064478,1.8224732878594442e-10,1.4436988331288688e-06,0.013541794709761803,3.802709917315992e-09,0.9864567576064478
2017-09-22,0,0.9867594873978787,7.256990422996037e-11,1.4193154731681172e-06,0.013239088861995749,4.352082133649522e-09,0.9867594873978787
2017-09-25,0,0.9661164484721966,1.3858285402370763e-11,6.492474146742438e-08,0.03388347890792131,7.681282643024918e-09,0.9661164484721966
2017-09-26,0,0.9549936691391625,7.80643247201073e-13,1.5929724009215316e-07,0.04500616749342614,4.069391471427654e-09,0.9549936691391625
2017-09-27,0,0.9456607085331851,3.591605289184987e-12,1.167949118974084e-06,0.05433811728022044,6.233884062668722e-09,0.9456607085331851
2017-09-28,0,0.9245771865480058,3.972263859615562e-12,2.392198533773275e-07,0.0754225654481518,8.780016387084515e-09,0.9245771865480058
2017-09-29,0,0.9653266895255947,7.023955494248724e-12,3.404967567667197e-08,0.034673271967591145,4.450114880044941e-09,0.9653266895255947
2017-10-02,0,0.9789913407032669,2.064084616251684e-11,4.1958494281637685e-07,0.021008238635047968,1.056100943635377e-09,0.9789913407032669
2017-10-03,0,0.967552418285831,4.7789496068663833e-11,1.4544936333911467e-09,0.0324475627234408,1.748844466240065e-08,0.967552418285831
2017-10-04,0,0.9757103907853654,5.3678140766158906e-11,9.165848459479299e-10,0.024289598509729546,9.73464279172278e-09,0.9757103907853654
2017-10-05,0,0.9234778236354302,1.4319334346337357e-10,1.3476824930762114e-13,0.07652208495372836,9.126751347421223e-08,0.9234778236354302
2017-10-06,0,0.9388946627255856,1.684521805262949e-10,2.304640354117809e-13,0.061105261369574705,7.573615663558423e-08,0.9388946627255856
2017-10-09,0,0.916790668529454,6.57657889426855e-11,2.205381821143978e-14,0.08320931130524892,2.0099509871247293e-08,0.916790668529454
2017-10-10,0,0.9034426747436506,2.597331432781727e-11,6.170769390647689e-11,0.09655731402798028,1.1140687569564822e-08,0.9034426747436506
2017-10-11,0,0.9358556322443476,1.8215300794060108e-11,2.9481632841113084e-11,0.06414436080168213,6.906272806112564e-09,0.9358556322443476
2017-10-12,0,0.9448745807688907,3.387617438000018e-11,3.5436712293239213e-12,0.055125409727524506,9.466164893437438e-09,0.9448745807688907
2017-10-13,0,0.9212962094138151,9.781394996120226e-12,4.430012561950635e-11,0.07870377533435188,1.5197751169416775e-08,0.9212962094138151
2017-10-16,0,0.9019551137326624,2.1342645859281873e-11,6.6717025816715414e-12,0.098044875915827,1.0323495821885965e-08,0.9019551137326624
2017-10-17,0,0.89557323761649,1.1649442610713971e-11,4.524851456434792e-10,0.10442668283424683,7.908512903881873e-08,0.89557323761649
2017-10-18,0,0.9683868622215581,3.057768114057651e-11,7.140446390926194e-08,0.031613047825980144,1.8517420052331033e-08,0.9683868622215581
2017-10-19,0,0.9840425064015703,4.2800604000204685e-11,1.6225176946913036e-05,0.01594126617433828,2.2043441897492784e-09,0.9840425064015703
2017-10-20,0,0.9840441168102216,1.5915684970389276e-10,3.214217028659191e-05,0.01592373867331144,2.1870238889526065e-09,0.9840441168102216
2017-10-23,0,0.9862400006043411,5.981619873077495e-10,0.0005905209038268814,0.013169471899334007,5.9943358926477624e-09,0.9862400006043411
2017-10-24,0,0.9875825564587276,1.7058647437201701e-09,0.00025328380816914454,0.012164149753101351,8.274137165671206e-09,0.9875825564587276
2017-10-25,0,0.9898294075994318,3.595866472625026e-09,0.00020762751515530738,0.009962944357730137,1.6931816316713116e-08,0.9898294075994318
2017-10-26,0,0.9870837358021481,3.773178434692007e-09,0.00019367167789550516,0.012722573872358627,1.4874418900734615e-08,0.9870837358021481
2017-10-27,0,0.9879081179728482,2.6679239397804255e-09,0.00014752493587625443,0.011944321033352651,3.3389998843123754e-08,0.9879081179728482
2017-10-30,0,0.9871255202136652,8.583619611418199e-10,1.3915147403415527e-05,0.012860521278206458,4.2502362911741886e-08,0.9871255202136652
2017-10-31,0,0.9863864183558109,8.071152340298585e-10,1.3388733005348842e-05,0.013600155625174639,3.647889362499383e-08,0.9863864183558109
2017-11-01,0,0.9889215674172195,7.646917257662669e-10,1.540369206877455e-05,0.01106297150460544,5.662141459141908e-08,0.9889215674172195
2017-11-02,0,0.9909784363461497,3.6460490630911826e-10,4.896383442465097e-05,0.008972548660726857,5.079409399872016e-08,0.9909784363461497
2017-11-03,0,0.987168200951858,8.468234799616479e-11,0.0001822901693011851,0.012649456727831177,5.206632691407416e-08,0.987168200951858
2017-11-06,0,0.9774400832659315,2.037136758055181e-11,0.007398131758168802,0.015161745547611233,3.940791728371807e-08,0.9774400832659315
2017-11-07,0,0.9834930634947623,1.688657167795321e-11,0.000529554610852212,0.015977325432753185,5.644474619352806e-08,0.9834930634947623
2017-11-08,0,0.9868752669163274,5.748498039008359e-11,0.0002883060238079248,0.012836377186321038,4.9816058235937434e-08,0.9868752669163274
2017-11-09,0,0.9756980254147014,1.0707966894016885e-11,0.002582214389614959,0.021719740215006632,1.9969969357935543e-08,0.9756980254147014
2017-11-10,0,0.9697908115178479,3.9869035784673396e-11,0.0010903040481823555,0.02911882195871072,6.243538995925441e-08,0.9697908115178479
2017-11-13,0,0.9768859262350665,4.897199478877523e-11,0.0008077381187603962,0.022306273457157917,6.214004350476997e-08,0.9768859262350665
2017-11-14,0,0.9761417034454061,1.7495404285732085e-10,5.6576546070504826e-06,0.02385259678186592,4.194316676550221e-08,0.9761417034454061
2017-11-15,0,0.9694801233029959,7.342987567513531e-11,9.24316057231893e-06,0.03051053756425635,9.58987457982373e-08,0.9694801233029959
2017-11-16,0,0.9552522643285514,4.0759879656030505e-11,7.124584127286838e-05,0.04467642609719955,6.369221607738864e-08,0.9552522643285514
2017-11-17,0,0.9663927716226758,1.0133652522892965e-11,0.0015338108697415895,0.03207336183190058,5.566554785909733e-08,0.9663927716226758
2017-11-20,0,0.9594793433399774,3.467278437779223e-12,0.004816762187249821,0.03570388888737217,5.581933586448088e-09,0.9594793433399774
2017-11-21,0,0.961075771602408,2.3643340705574357e-12,0.009014597915698938,0.029909623465789265,7.0137400478838576e-09,0.961075771602408
2017-11-22,0,0.9245685456560401,8.698100382398114e-13,0.06533711683390335,0.010094333739736892,3.769449804044909e-09,0.9245685456560401
2017-11-24,0,0.96233859504562,2.677142118751855e-12,0.031645927047095186,0.0060154698917929995,8.012814715598132e-09,0.96233859504562
2017-11-27,0,0.9384756235907141,8.126590251644485e-12,0.05866949629255919,0.00285487043383151,9.674768371315786e-09,0.9384756235907141
2017-11-28,0,0.9649052058422312,1.0565123331008093e-11,0.032410511239771095,0.002684270491704567,1.2415728207643181e-08,0.9649052058422312
2017-11-29,0,0.9674092422410768,1.3770303123165132e-11,0.03108765823295487,0.0015030838312083854,1.5680989831134615e-08,0.9674092422410768
2017-11-30,0,0.9569571831673624,2.253354553292956e-11,0.04139722203246225,0.001645578392254104,1.6385387277158255e-08,0.9569571831673624
2017-12-01,0,0.9560240842187744,6.849450300096297e-12,0.04242640256325846,0.001549497645560355,1.5565557631002236e-08,0.9560240842187744
2017-12-04,0,0.9689434216024425,4.848473818364582e-12,0.030757407805329057,0.0002991606342674204,9.953112506935467e-09,0.9689434216024425
2017-12-05,0,0.9548402646625096,2.8755451354072135e-12,0.04404636035556964,0.0011133536331960712,2.1345849266869704e-08,0.9548402646625096
2017-12-06,0,0.9835426004632407,1.1552996242372709e-11,0.015435406365320455,0.001021955321350528,3.783853532151697e-08,0.9835426004632407
2017-12-07,0,0.9747607043977332,6.625341988406858e-11,0.021917786073169406,0.0033214678900048544,4.157283914676694e-08,0.9747607043977332
2017-12-08,0,0.9818061104039626,9.861678756803166e-11,0.013820537485504393,0.004373291976224876,6.003569126385694e-08,0.9818061104039626
2017-12-11,0,0.9770988026290004,1.8822061773159548e-10,0.017749736484209164,0.005151427298302347,3.3400267682780034e-08,0.9770988026290004
2017-12-12,0,0.9678985183502472,3.3355980055512434e-10,0.027712252328555006,0.004389189939865512,3.9047772366038797e-08,0.9678985183502472
2017-12-13,0,0.9344628681760438,9.254833755612583e-11,0.061568312054924176,0.0039687804135593845,3.926292419292366e-08,0.9344628681760438
2017-12-14,0,0.9477424333308542,8.231492822554603e-11,0.04756371543567302,0.0046938231099818775,2.8041176027680503e-08,0.9477424333308542
2017-12-15,0,0.9662338983134958,7.146649139986954e-11,0.028487008396453233,0.005279067304567421,2.5914017300856797e-08,0.9662338983134958
2017-12-18,0,0.9830533996575768,5.642016362993203e-10,0.004016876106376816,0.01292969656870248,2.7103142089818262e-08,0.9830533996575768
2017-12-19,0,0.9871977081889689,3.674570521212055e-09,0.00016611577723589177,0.012636118044454504,5.43147702711714e-08,0.9871977081889689
2017-12-20,0,0.9826020867876364,7.931167433384246e-09,0.00013198943756812523,0.017265877904112513,3.793951536980501e-08,0.9826020867876364
2017-12-21,0,0.9756649395289609,6.599716648714514e-09,1.8537612830669921e-07,0.024334808493138262,6.000205600692125e-08,0.9756649395289609
2017-12-22,0,0.9870386151947443,3.4555450714455555e-09,1.9511754527993907e-06,0.012959406133468609,2.404078944071198e-08,0.9870386151947443
2017-12-26,0,0.9894204529180327,7.710721900756968e-10,0.00012490793815419517,0.010454628831470325,9.54127064085358e-09,0.9894204529180327
2017-12-27,0,0.9901218409933603,2.9277016739473856e-10,0.000314673160940472,0.009563478539924489,7.013004370958991e-09,0.9901218409933603
2017-12-28,0,0.9895845065551284,9.225336296561146e-10,0.0009015407701397119,0.009513949703585324,2.04861270657177e-09,0.9895845065551284
2017-12-29,0,0.9638094736196339,7.378147395721063e-10,0.02677858133255225,0.009411944209211048,1.007876037941692e-10,0.9638094736196339
2018-01-02,0,0.9745754165216539,2.009208294719517e-09,0.014132566838019188,0.011292013994242924,6.368754567652213e-10,0.9745754165216539
2018-01-03,0,0.9882528942333437,1.0337618073924154e-09,0.0008778397115975386,0.010869264466273126,5.550235321604649e-10,0.9882528942333437
2018-01-04,0,0.9850467180157018,2.2133496707028074e-09,0.001160549166810248,0.013792730092501232,5.116362818508982e-10,0.9850467180157018
2018-01-05,0,0.9854503096899928,4.237712582024105e-10,0.0003352353213779818,0.01421445387383095,6.910263013574993e-10,0.9854503096899928
2018-01-08,0,0.9419533552117022,3.808018428171911e-10,0.01638973756180331,0.041656902031226566,4.814466140718276e-09,0.9419533552117022
2018-01-09,0,0.9758787655550076,9.330158188139318e-09,0.0035004823126243033,0.02062057630315757,1.6649905189713112e-07,0.9758787655550076
2018-01-10,0,0.9639738759938424,8.826551392459467e-09,0.015129647119108223,0.020896225304326506,2.4275617183539256e-07,0.9639738759938424
2018-01-11,0,0.9794758767897433,1.9061624581335273e-08,4.6886905489944714e-05,0.020476715225730625,5.020174112434463e-07,0.9794758767897433
2018-01-12,0,0.9693010308046286,8.943858536510803e-09,0.008124836442348357,0.022573994501760408,1.293074044948204e-07,0.9693010308046286
2018-01-16,0,0.9724144451746831,9.303355169856967e-09,0.002970886945937771,0.024614302972286686,3.556037366455922e-07,0.9724144451746831
2018-01-17,0,0.9788774468974417,3.316981260313543e-08,0.002832193459068088,0.01828848626846916,1.8402052082169097e-06,0.9788774468974417
2018-01-18,0,0.9754349253816008,8.865869266819982e-09,0.007430249326957719,0.017134084104567293,7.323210041345013e-07,0.9754349253816008
2018-01-19,0,0.9829948205926495,4.1130296994478586e-08,0.0073674624367004145,0.00963700798509122,6.678552613622933e-07,0.9829948205926495
2018-01-22,0,0.9842796459523613,5.176399420934553e-08,0.004481327424106201,0.011238581589066293,3.932704713520929e-07,0.9842796459523613
2018-01-23,0,0.9826929648468778,2.9181649279932584e-08,0.00803676367336402,0.009269867691313294,3.746067958153103e-07,0.9826929648468778
2018-01-24,0,0.6555130080510546,6.321561186613307e-09,0.3374530770636545,0.007033870197558345,3.836617185986741e-08,0.6555130080510546
2018-01-25,0,0.6863765518952798,5.029401166063701e-09,0.3080695420987029,0.005553832728601472,6.824801440452393e-08,0.6863765518952798
2018-01-26,0,0.9451341860177825,1.437671548999431e-08,0.04686248873857405,0.008003239126385758,7.174054125270371e-08,0.9451341860177825
2018-01-29,0,0.9247242457621608,3.702746157633335e-08,0.06981901018653898,0.005456625893649652,8.113018874529822e-08,0.9247242457621608
2018-01-30,0,0.9545274091927253,1.5209018366045917e-08,0.04288848347968973,0.002584024557791073,6.756077529828915e-08,0.9545274091927253
2018-01-31,0,0.9658113900067221,1.0007324652435559e-08,0.030759934260970602,0.0034286256155102884,4.010947220544816e-08,0.9658113900067221
2018-02-01,0,0.9078485816179556,2.049064945142487e-08,0.09029056665423228,0.0018607952551097508,3.5982053027102835e-08,0.9078485816179556
2018-02-02,0,0.743939369212753,5.0062763155427016e-08,0.2555291244075118,0.0005314071608420915,4.915613029033413e-08,0.743939369212753
2018-02-05,0,0.8221599742179113,3.8959162855570586e-08,0.17679547009727242,0.0010444829195731236,3.380607996836935e-08,0.8221599742179113
2018-02-06,0,0.8158815109692961,2.3200130357952187e-08,0.18279569497396606,0.001322751674599904,1.9182007363995884e-08,0.8158815109692961
2018-02-07,0,0.8754761362911944,3.306862914325388e-08,0.12395520724754343,0.0005686125533095539,1.0839323591973396e-08,0.8754761362911944
2018-02-08,0,0.8863279087522024,5.5070157271325534e-08,0.11266436907493386,0.0010076482960167592,1.8806689970785216e-08,0.8863279087522024
2018-02-09,0,0.8562776606580789,1.0833948660087773e-07,0.14264197791430674,0.0010802339406142082,1.9147512985647094e-08,0.8562776606580789
2018-02-12,0,0.9525991203628441,1.3865061819780584e-07,0.04615763991196343,0.0012430693244845645,3.175008932360676e-08,0.9525991203628441
2018-02-13,0,0.938517800615521,1.1262002699633737e-07,0.060542043807161106,0.0009400021555890987,4.080170199587545e-08,0.938517800615521
2018-02-14,0,0.6592133013824377,1.3678536523645369e-07,0.3407579304962771,2.8593483097055326e-05,3.785282230264735e-08,0.6592133013824377
2018-02-15,0,0.7353553741402754,1.5578687248885522e-07,0.26462073842203016,2.3695311944306147e-05,3.633887743020259e-08,0.7353553741402754
2018-02-16,0,0.7423050476048224,9.121086112854357e-08,0.2576622424770243,3.2603291378738994e-05,1.5415913406098594e-08,0.7423050476048224
2018-02-20,2,0.43428791414283147,1.7396612172966984e-07,0.5656255691533779,8.630404333589513e-05,3.869433301915506e-08,0.5656255691533779
2018-02-21,0,0.5354856082508049,3.33477550552862e-07,0.4643593036590897,0.0001546939651797436,6.064737476187415e-08,0.5354856082508049
2018-02-22,0,0.9041244544907315,5.211369904114981e-07,0.09536114295887524,0.000513763753943507,1.1765945957631175e-07,0.9041244544907315
2018-02-23,0,0.8597568386248989,3.418263213466828e-07,0.13966827176883492,0.0005744574175540332,9.036239069953748e-08,0.8597568386248989
2018-02-26,0,0.6487710125497976,1.2555067516344943e-07,0.3510272064503649,0.0002016286469943542,2.680216819252275e-08,0.6487710125497976
2018-02-27,0,0.5294112497322112,1.6750009717371213e-07,0.47045501836898346,0.00013354101381547935,2.3384893120803637e-08,0.5294112497322112
2018-02-28,0,0.5924683032151609,2.8590954961376754e-07,0.4074149608627773,0.00011641207254396887,3.793996821666239e-08,0.5924683032151609
2018-03-01,0,0.7273556261697561,7.18924977772722e-08,0.2724259740581704,0.0002182727147611177,5.516481470354541e-08,0.7273556261697561
2018-03-02,0,0.6632921311996454,1.0735024049203719e-07,0.3365170925989627,0.00019055478357922845,1.1406757270316098e-07,0.6632921311996454
2018-03-05,0,0.7565051741376794,5.353536228304041e-07,0.2432638585557446,0.00023033255305535233,9.939989793829672e-08,0.7565051741376794
2018-03-06,0,0.6228987682118339,2.684772044013899e-07,0.3770694846012896,3.1333960952194364e-05,1.4474872005145753e-07,0.6228987682118339
2018-03-07,0,0.6959881123501247,3.217443370514789e-07,0.3039991267899711,1.2270587004419432e-05,1.6852856347719085e-07,0.6959881123501247
2018-03-08,0,0.7973358945758794,4.1193470991602605e-07,0.20265097098265053,1.2388323777623462e-05,3.3418298316969814e-07,0.7973358945758794
2018-03-09,0,0.8840248370923817,1.4313592660484486e-06,0.11597190360363344,1.5812327864897313e-06,2.467119326334566e-07,0.8840248370923817
2018-03-12,0,0.7174857538949871,4.6907462167963556e-07,0.2825117169245442,1.8267593270217755e-06,2.3334652058945736e-07,0.7174857538949871
2018-03-13,0,0.8406683532655939,4.826500478503426e-07,0.1593252493637052,5.603502877926644e-06,3.1121777565323994e-07,0.8406683532655939
2018-03-14,0,0.8249201803865741,2.45884278518472e-07,0.17507378456784783,5.569851239054933e-06,2.193100604171745e-07,0.8249201803865741
2018-03-15,0,0.99568985788977,1.3121538193446405e-06,0.0039302554082318725,0.00037768714676882396,8.874014095298136e-07,0.99568985788977
2018-03-16,0,0.9977730898610746,2.759391754861184e-06,0.0015690977161037433,0.0006540528309022513,1.0002001646646847e-06,0.9977730898610746
2018-03-19,0,0.9967352048925715,2.5977696990066113e-06,0.0011445044144086352,0.002117281895045006,4.110282757344142e-07,0.9967352048925715
2018-03-20,0,0.997385386549395,8.168223444301863e-06,0.0007368159201023204,0.0018693524073066716,2.768997519079018e-07,0.997385386549395
2018-03-21,0,0.9844899278940962,9.810373178522439e-06,0.014692570536365794,0.0008076124342164524,7.876214269793986e-08,0.9844899278940962
2018-03-22,0,0.9926155013567567,3.5653990078373684e-06,0.004934102453701184,0.0024467904580944915,4.0332440021660434e-08,0.9926155013567567
2018-03-23,0,0.8795516367002453,1.2649148789417472e-06,0.11937423672649364,0.0010728456884395766,1.5969942558369123e-08,0.8795516367002453
2018-03-26,0,0.9314064156400507,1.6259266722269669e-06,0.06750412088057639,0.0010878155074163047,2.2045284666587498e-08,0.9314064156400507
2018-03-27,0,0.9622045241111339,8.181833444971092e-07,0.03524332076781101,0.0025513182757881236,1.866192205353142e-08,0.9622045241111339
2018-03-28,0,0.8860859810475948,2.388922038764048e-07,0.1109842527150037,0.0029295181667039036,9.178493709259306e-09,0.8860859810475948
2018-03-29,0,0.9156715140439933,2.987174320597983e-07,0.0788658304729588,0.005462353053425688,3.712190538550523e-09,0.9156715140439933
2018-04-02,0,0.9793623709250522,5.071522233125581e-06,0.0014848005520242168,0.019147754407446694,2.5932435660756947e-09,0.9793623709250522
2018-04-03,0,0.9770322706509972,1.0933798658602482e-05,0.0025488470445530916,0.020407945921803602,2.5839869321795267e-09,0.9770322706509972
2018-04-04,0,0.9769789223704604,1.3659688204449038e-05,0.0040234004691611135,0.018984015833033215,1.6391403339464446e-09,0.9769789223704604
2018-04-05,0,0.9654445516332432,3.712498528806912e-05,0.003101709476856653,0.031416610769079395,3.1355326382967685e-09,0.9654445516332432
2018-04-06,0,0.969585890330305,1.232400447402548e-05,1.31186439190232e-05,0.03038866558425661,1.4370459374310273e-09,0.969585890330305
2018-04-09,0,0.9704159625039792,1.3015706769516706e-05,4.221932718434052e-05,0.029528801214905566,1.247162100804095e-09,0.9704159625039792
2018-04-10,0,0.951812916928507,4.1835311162491215e-05,0.00042511979242563906,0.04772012542525835,2.5426470494323324e-09,0.951812916928507
2018-04-11,0,0.9414368510611842,2.1140966436545182e-05,0.010388109657452023,0.04815389160194069,6.71298656563596e-09,0.9414368510611842
2018-04-12,0,0.9132819428266538,4.870386210409507e-05,0.018573020835768814,0.06809632091566716,1.1559806463502474e-08,0.9132819428266538
2018-04-13,0,0.9206892307933155,4.1264989533295476e-05,0.017897596321267407,0.06137189285402679,1.5041856356169033e-08,0.9206892307933155
2018-04-16,0,0.9578731879456386,2.913030948727131e-05,0.005514493350544316,0.036583181334830746,7.059499389082884e-09,0.9578731879456386
2018-04-17,0,0.9527935678400785,2.1646811835286373e-05,0.010340266273292605,0.03684451153278982,7.542003989836468e-09,0.9527935678400785
2018-04-18,0,0.9051535659712756,6.17929462865397e-05,0.0584784271780065,0.03630620368728724,1.0217144499704633e-08,0.9051535659712756
2018-04-19,0,0.9631894279945064,6.75821103100251e-05,0.005358073385658288,0.03138491145455832,5.0549675159532344e-09,0.9631894279945064
2018-04-20,0,0.954057428852256,7.712496869157338e-05,0.010113738146077474,0.03575170023173722,7.801236937691157e-09,0.954057428852256
2018-04-23,0,0.9623105142503979,0.00014484836286998788,4.88866820607673e-05,0.03749572999264324,2.0712027853622727e-08,0.9623105142503979
2018-04-24,0,0.9613187774273652,0.00030509274443499685,2.4830596450409527e-05,0.03835129395519441,5.2765556999798066e-09,0.9613187774273652
2018-04-25,0,0.9608316357369099,0.0007289432598806272,1.4714599230846799e-05,0.038424703657816785,2.746161455424857e-09,0.9608316357369099
2018-04-26,0,0.9780979005722954,0.00034613159754990345,3.783316763524975e-07,0.021555588658352196,8.401255504328004e-10,0.9780979005722954
2018-04-27,0,0.9810075005463059,0.00018956366802735792,2.2029211388297294e-07,0.018802714951447766,5.421047126885139e-10,0.9810075005463059
2018-04-30,0,0.9569208727698862,1.3870621442287216e-05,0.000472429970358629,0.042592825452968955,1.1853431875888613e-09,0.9569208727698862
2018-05-01,0,0.9492982315633627,3.608806592253887e-05,0.01088020502660591,0.039785474312520615,1.0315882864090098e-09,0.9492982315633627
2018-05-02,0,0.9329407469563261,3.4118425242537276e-05,0.021933799462496482,0.04509133416560247,9.90332351535636e-10,0.9329407469563261
2018-05-03,0,0.9407036662493847,1.867387461007357e-05,0.023143118936182518,0.036134539936804336,1.00301802910643e-09,0.9407036662493847
2018-05-04,0,0.49683053260135135,3.686872060109686e-06,0.48427615682301656,0.018889621856328646,1.847242974618149e-09,0.49683053260135135
2018-05-07,0,0.6974927269545744,3.87137819932921e-06,0.27186254010026994,0.0306408594759998,2.090956098369458e-09,0.6974927269545744
2018-05-08,0,0.9342052863273738,1.0959209989740451e-05,0.03385401920711855,0.03192973294489998,2.310618565402495e-09,0.9342052863273738
2018-05-09,0,0.9367001666457745,0.00016277656138120435,0.011069746039246799,0.052067298805734546,1.1947862851181476e-08,0.9367001666457745
2018-05-10,0,0.9545688725376629,7.855683762508467e-05,0.0028471667102828767,0.04250539590616545,8.00826431170007e-09,0.9545688725376629
2018-05-11,0,0.9430032050681781,8.129196135681993e-05,0.0017586864578322669,0.055156812493503904,4.019128897610873e-09,0.9430032050681781
2018-05-14,0,0.8577224580194529,0.00016743559618224874,0.0671669053615188,0.07494319532186852,5.7009774981639026e-09,0.8577224580194529
2018-05-15,0,0.9797673378057631,0.0003230132611820298,0.0009733098031894707,0.018935797113454403,5.420164101816379e-07,0.9797673378057631
2018-05-16,0,0.9766003672529939,0.000379201005530261,8.51156148414808e-05,0.022933271310827976,2.0448158067597143e-06,0.9766003672529939
2018-05-17,0,0.9766808196543567,0.0004540260883783393,7.257184287003216e-05,0.022790513913705696,2.0685006895405705e-06,0.9766808196543567
2018-05-18,0,0.9802007520756064,0.00024071994532912574,6.275003509851033e-05,0.019494471711308838,1.3062326574881869e-06,0.9802007520756064
2018-05-21,0,0.9918584827171344,0.0002594866961249385,0.0001718177799985151,0.0077089369734587914,1.2758332832339804e-06,0.9918584827171344
2018-05-22,0,0.996259178190607,0.00013926272321384078,0.0021492992743117408,0.0014504659464433577,1.7938654232232998e-06,0.996259178190607
2018-05-23,0,0.9942933855449795,4.912356774972575e-05,0.004805502298142331,0.0008507031610057228,1.2854281233790158e-06,0.9942933855449795
2018-05-24,0,0.9989990818882639,0.00011849152668812134,6.688925701891466e-06,0.0008702282784408626,5.509380906106871e-06,0.9989990818882639
2018-05-25,0,0.9993901588711844,0.00016925013723498043,1.3976832671562796e-06,0.0004361337876763136,3.059520636933861e-06,0.9993901588711844
2018-05-29,0,0.9991558235934448,1.1009552396095345e-05,1.1330412557321828e-05,0.0008207691936204189,1.0672479814364153e-06,0.9991558235934448
2018-05-30,0,0.9995305377245769,8.459701238431362e-05,3.5319127222579184e-06,0.0003780045428400593,3.328807476513904e-06,0.9995305377245769
2018-05-31,0,0.9996311186031613,4.7575726036899896e-05,2.1030571055992965e-06,0.0003166317701833209,2.5708435128034517e-06,0.9996311186031613
2018-06-01,0,0.9990299598423988,0.00013212282936063055,1.2371798490988856e-06,0.000834211509545943,2.4686388453349085e-06,0.9990299598423988
2018-06-04,0,0.9983869767378758,0.00017536433590992535,2.4383878620838713e-07,0.0014335412980144044,3.873789414374616e-06,0.9983869767378758
2018-06-05,0,0.9987628281560024,9.841765711128394e-05,1.123555171625036e-06,0.0011346587121852372,2.971919529083603e-06,0.9987628281560024
2018-06-06,0,0.9986211491034519,0.00017975280270111931,1.7805629157955486e-06,0.001194461402813435,2.8561281175930674e-06,0.9986211491034519
2018-06-07,0,0.9984353914782695,4.96243083776317e-05,8.207827343509931e-06,0.001504198083368445,2.5783026412874932e-06,0.9984353914782695
2018-06-08,0,0.9977638143623857,6.931056399043972e-05,1.5704068017802535e-06,0.0021611123254969143,4.19234132583238e-06,0.9977638143623857
2018-06-11,0,0.9981553496824715,0.00010518225462548924,2.9783821970698805e-06,0.0017329196004915919,3.570080214577151e-06,0.9981553496824715
2018-06-12,0,0.9980337711227822,0.00010939291142365913,2.4338179769475087e-06,0.0018507510387506252,3.6511090671772247e-06,0.9980337711227822
2018-06-13,0,0.9824865891002885,0.00021904161339724465,0.0027071528748015207,0.014587015763995301,2.0064751729973985e-07,0.9824865891002885
2018-06-14,0,0.9822212238467414,6.37438119586275e-05,1.3262806423366998e-08,0.01771494445754276,7.462095017991044e-08,0.9822212238467414
2018-06-15,0,0.978829574194177,2.359668790442225e-06,1.6384549940206582e-10,0.02116804185821872,2.4114967410960786e-08,0.978829574194177
2018-06-18,0,0.9811495333600994,2.9165581435407776e-06,3.0908801840101007e-10,0.018847526741566884,2.3031102581755892e-08,0.9811495333600994
2018-06-19,0,0.9795864152892654,1.2068344899676088e-06,2.1786996187222188e-10,0.0204123558155479,2.1842826980403837e-08,0.9795864152892654
2018-06-20,0,0.9739726684546961,4.417721378885038e-06,9.741727602207121e-11,0.0260228775350978,3.6191409473634504e-08,0.9739726684546961
2018-06-21,0,0.9733612131281333,2.646920041134322e-06,3.190071145870368e-11,0.026636096233115088,4.3686809142075114e-08,0.9733612131281333
2018-06-22,0,0.918794422191663,4.637167428162633e-06,2.533064419880138e-13,0.08120087549046986,6.515018636591085e-08,0.918794422191663
2018-06-25,0,0.9307957532348794,8.205120006628416e-07,7.539061936624538e-13,0.06920339842194917,2.7830417358284106e-08,0.9307957532348794
2018-06-26,0,0.7056835775206098,4.9395256898769055e-06,3.6323925436812807e-12,0.29431112869369497,3.542563720661315e-07,0.7056835775206098
2018-06-27,3,0.3074817348275526,3.099852369018638e-06,4.708527789739321e-15,0.6925139822279627,1.1830921107195885e-06,0.6925139822279627
2018-06-28,3,0.24827258610313202,1.7758293748850847e-06,8.969690964194745e-15,0.7517242639798131,1.374087670499912e-06,0.7517242639798131
2018-06-29,3,0.47978382310024076,2.134050899718502e-06,1.0294629061029031e-11,0.5202114050211301,2.637817434272629e-06,0.5202114050211301
2018-07-02,3,0.4485289307970125,1.0080264033657902e-06,1.1454514702201437e-10,0.551468152262175,1.908799863667402e-06,0.551468152262175
2018-07-03,0,0.6478133694133782,1.225145320880616e-06,3.369514022185638e-09,0.35218376994719836,1.6321245885193462e-06,0.6478133694133782
2018-07-05,0,0.7540620771229043,2.6716716803520633e-06,7.996654540375509e-09,0.24593189636641477,3.346842345334743e-06,0.7540620771229043
2018-07-06,0,0.7384647137379707,2.4411132034527344e-06,1.9481521891460235e-09,0.2615287321693896,4.111031283301702e-06,0.7384647137379707
2018-07-09,0,0.7615285229755299,4.261251000920553e-06,2.2851186393914844e-09,0.23846166746011366,5.546028236419736e-06,0.7615285229755299
2018-07-10,0,0.7431578943804363,5.179536610955949e-06,2.1290345239876453e-09,0.25683064063490463,6.283319013103708e-06,0.7431578943804363
2018-07-11,0,0.837822630849135,8.633385591495658e-06,2.23853208961758e-08,0.16216622864792204,2.484732031170233e-06,0.837822630849135
2018-07-12,0,0.8667148867471404,1.0959562356560373e-05,1.150781807018634e-08,0.13327099892635422,3.143256331018696e-06,0.8667148867471404
2018-07-13,0,0.9355252519316899,1.536902322656473e-05,7.589642264925264e-05,0.06438264057719012,8.420452444499257e-07,0.9355252519316899
2018-07-16,0,0.9519982567903114,0.0009813410501695367,9.61060321804976e-07,0.04701818502190284,1.2560772944160072e-06,0.9519982567903114
2018-07-17,0,0.9361363422867621,0.0011102686328669008,1.3528122059217829e-06,0.0627513645118985,6.717562667760831e-07,0.9361363422867621
2018-07-18,0,0.925216977960449,0.0009766754807892263,3.076940388507854e-06,0.0738026073324618,6.622859120652106e-07,0.925216977960449
2018-07-19,0,0.9423384048228391,0.0005405918573983784,2.797094901873618e-06,0.057117699000617125,5.072242435894725e-07,0.9423384048228391
2018-07-20,0,0.9447479235920834,0.0009440256762431778,5.301085671737174e-05,0.05425478258110413,2.5729385184009685e-07,0.9447479235920834
2018-07-23,0,0.9731691089314366,0.00129379298411114,5.43974210815177e-06,0.025531591775484683,6.656685938031836e-08,0.9731691089314366
2018-07-24,0,0.9733046664150401,0.0011029549900996307,1.4113810879792767e-05,0.025578193824639314,7.095934033786554e-08,0.9733046664150401
2018-07-25,0,0.9923361413533498,0.00014566403240071215,0.0024218281137533214,0.005096348010575093,1.848992136352837e-08,0.9923361413533498
2018-07-26,0,0.9509812268305495,0.00018645084632412632,0.04503153931330676,0.0038007675845860775,1.5425233358523307e-08,0.9509812268305495
2018-07-27,0,0.9601544716984197,8.285737382941524e-05,0.03742327006116759,0.0023393848458052426,1.6020778005138096e-08,0.9601544716984197
2018-07-30,0,0.9636535671277507,0.00024904687958867083,0.03251719605512265,0.0035801680263040734,2.1911233185159574e-08,0.9636535671277507
2018-07-31,0,0.9875191814683226,0.00019142863087485195,0.010693599732794377,0.0015957460298673433,4.4138140198461414e-08,0.9875191814683226
2018-08-01,0,0.9939662162455263,0.0002953636497552736,0.004746464497849871,0.0009918388072931367,1.1679957466042785e-07,0.9939662162455263
2018-08-02,0,0.9860402596975525,0.0006418347035832097,0.006187811961708611,0.007130053634157547,4.0002997581953794e-08,0.9860402596975525
2018-08-03,0,0.9937273569799535,0.00020616606965303467,0.0019963394769297914,0.004070101234873359,3.6238590347803904e-08,0.9937273569799535
2018-08-06,0,0.9881395230744927,0.0003411873336423925,0.0014820427649072652,0.010037216138892566,3.0688065661349224e-08,0.9881395230744927
2018-08-07,0,0.9899840272075626,0.0004263028935291431,0.0019399337689545687,0.00764970999601011,2.6133943101596274e-08,0.9899840272075626
2018-08-08,0,0.9658434317577057,0.0009870042766602733,3.1650200332254096e-07,0.033169195338825674,5.212480575230576e-08,0.9658434317577057
2018-08-09,0,0.958139029131953,0.0006845275673360369,4.6304534699390937e-07,0.04117595168177866,2.8573584493504875e-08,0.958139029131953
2018-08-10,0,0.9589512976463163,0.0001263639074903462,1.295980174362747e-07,0.040922174893523296,3.39546529732209e-08,0.9589512976463163
2018-08-13,0,0.9906384558054864,3.794286726806224e-05,3.055049073212776e-06,0.00931947146923155,1.074808940464024e-06,0.9906384558054864
2018-08-14,0,0.996685752452225,7.655649572974477e-05,4.695613586021943e-07,0.0032339535519315785,3.267938755612598e-06,0.996685752452225
2018-08-15,0,0.9952266131847443,1.4397552459791737e-05,1.9459371920498458e-07,0.004755663121982621,3.131547094435711e-06,0.9952266131847443
2018-08-16,0,0.995529180271545,1.5228635040936832e-05,2.9233834808092926e-07,0.0044530477931044865,2.2509619608517228e-06,0.995529180271545
2018-08-17,0,0.9885949316495568,4.90103883875991e-05,1.1628766586491973e-09,0.01134273476855153,1.3322030627421312e-05,0.9885949316495568
2018-08-20,0,0.9926409676445582,6.501335872130381e-06,2.1679972905634083e-07,0.007346598685526324,5.71553431408547e-06,0.9926409676445582
2018-08-21,0,0.9966401834913385,3.584864388937619e-06,7.639370538108449e-06,0.0033474245591195665,1.1677146141735392e-06,0.9966401834913385
2018-08-22,0,0.9959890501117471,3.7923498421286404e-06,2.160078394989097e-06,0.0040028507118067685,2.1467482090969175e-06,0.9959890501117471
2018-08-23,0,0.996344790638597,2.8683239266484705e-06,5.884371860088147e-06,0.003644543073464423,1.913592151102961e-06,0.996344790638597
2018-08-24,0,0.9975578650497279,7.483374618900418e-07,0.0013955170204241313,0.0010454030354878911,4.6655689809798375e-07,0.9975578650497279
2018-08-27,0,0.9957751874710419,6.542165767017543e-07,0.0024702757638175575,0.0017533308385720631,5.517099920428933e-07,0.9957751874710419
2018-08-28,0,0.9917075432423953,5.837438595976899e-07,0.0056446021835476895,0.0026469083984468024,3.6243175065300956e-07,0.9917075432423953
2018-08-29,0,0.9933895193572546,8.958278888606456e-07,0.004263611135569353,0.0023454448835273476,5.28795759862047e-07,0.9933895193572546
2018-08-30,0,0.9875258722740512,3.4364417091068685e-07,0.011835118174698388,0.0006383035523443921,3.6235473514059877e-07,0.9875258722740512
2018-08-31,0,0.9935909472687552,2.8493903465203394e-07,0.005849782634195634,0.000558669345957182,3.158120577466168e-07,0.9935909472687552
2018-09-04,0,0.9913450998958534,5.363951537278462e-07,0.008230353913648875,0.00042370867995769764,3.011153868415605e-07,0.9913450998958534
2018-09-05,0,0.9961042937447513,1.158885820473933e-06,0.0031537466130749274,0.0007401754865342671,6.252698198273449e-07,0.9961042937447513
2018-09-06,0,0.9812820724204669,1.0619800973922708e-07,0.01771624415808394,0.0010014043189201856,1.729045189969514e-07,0.9812820724204669
2018-09-07,0,0.9744713498733641,2.9647967687456867e-07,0.024425899524820747,0.0011022773305226232,1.7679161556075092e-07,0.9744713498733641
2018-09-10,0,0.8274387661818696,1.2169147890766898e-07,0.1723825953625319,0.0001784317186309806,8.504548772808877e-08,0.8274387661818696
2018-09-11,0,0.8207936418272027,8.282886429799902e-07,0.17898253015854146,0.00022296584097704903,3.3884635454273254e-08,0.8207936418272027
2018-09-12,0,0.5871349086191749,3.635850642046956e-07,0.4127717769135089,9.293652534993161e-05,1.4356901787237033e-08,0.5871349086191749
2018-09-13,0,0.8237560202003292,3.2700944558297816e-06,0.17476744216677725,0.0014732164398804986,5.1098556997293426e-08,0.8237560202003292
2018-09-14,0,0.8685268275868725,5.514186259947066e-06,0.1296298703841395,0.0018377203239869702,6.751874150083128e-08,0.8685268275868725
2018-09-17,0,0.8891898049953156,5.242426318504169e-06,0.10638089504752328,0.00442402509669181,3.243415115294419e-08,0.8891898049953156
2018-09-18,0,0.9567659021786424,2.0604238213668868e-05,0.03341505429326783,0.009798411280173117,2.800970315230257e-08,0.9567659021786424
2018-09-19,0,0.977596221780988,3.5005474914744156e-05,0.01308126636134356,0.009287445955239275,6.042751417564605e-08,0.977596221780988
2018-09-20,0,0.98407754361086,3.5719447967727476e-05,0.0036193227369180794,0.012267341059628073,7.314462574528083e-08,0.98407754361086
2018-09-21,0,0.9825608488904239,2.9004525560513507e-05,0.0031551111949032437,0.014254978993523626,5.6395588028836124e-08,0.9825608488904239
2018-09-24,0,0.9577747820545313,0.00011875842862858628,0.0002663770897066996,0.04184004866305558,3.37640772892133e-08,0.9577747820545313
2018-09-25,0,0.956214190244192,0.00017659149969760329,0.0002432414721379309,0.04336593741259236,3.9371380460734265e-08,0.956214190244192
2018-09-26,0,0.956950043303676,7.568932221221024e-05,0.0005039053659415767,0.042470327651209686,3.4356961096852e-08,0.956950043303676
2018-09-27,0,0.9305971399378805,4.382983959564211e-05,0.00013567288243447213,0.06922334395340506,1.3386684636910764e-08,0.9305971399378805
2018-09-28,0,0.9335462702614943,1.52351308959212e-05,0.0005049600122614782,0.0659335309197844,3.675564662882312e-09,0.9335462702614943
2018-10-01,0,0.8946387777758106,4.8274398882300087e-05,0.00010458806015961336,0.10520835571608522,4.049062779608166e-09,0.8946387777758106
2018-10-02,0,0.9644363549387283,6.87209852132256e-05,1.0067638431186163e-05,0.03548482944961592,2.698801223573074e-08,0.9644363549387283
2018-10-03,0,0.9579270942572937,0.0002635580041281093,4.991855644020547e-05,0.041759381781785516,4.740035281657275e-08,0.9579270942572937
2018-10-04,0,0.9581776356051434,0.0007656655437589454,4.381171613981511e-05,0.04101278942091163,9.771404657735655e-08,0.9581776356051434
2018-10-05,0,0.9563603566585511,0.0012822782530847803,1.9543936747418772e-05,0.04233772198718943,9.916442685671188e-08,0.9563603566585511
2018-10-08,0,0.9613198236545132,0.0011518670906916812,4.167517806184296e-05,0.03748608407561741,5.500011166904962e-07,0.9613198236545132
2018-10-09,0,0.9628582143434421,0.000611622723799656,2.5456563693107076e-05,0.03650433683312506,3.695359398534969e-07,0.9628582143434421
2018-10-10,0,0.9597857631775139,0.0024016264892080716,1.1379553675489938e-07,0.03781206643003515,4.3010770662478163e-07,0.9597857631775139
2018-10-11,0,0.929507116679728,0.00821560384316103,1.0432430140060796e-12,0.062258223426643576,1.9056049424203606e-05,0.929507116679728
2018-10-12,0,0.931264432228227,0.00874655612479059,1.285786883260804e-12,0.0599753663465159,1.3645299180633012e-05,0.931264432228227
2018-10-15,0,0.9190808816178051,0.011348572453919728,2.5698806428546712e-12,0.06955099367509558,1.9552250609929607e-05,0.9190808816178051
2018-10-16,0,0.9222657306528342,0.009680282920205356,3.160934866007488e-12,0.06803258909941345,2.1397324386141953e-05,0.9222657306528342
2018-10-17,0,0.9220380616901959,0.013834473138400949,4.330047893891473e-11,0.06412268244496021,4.782683141637188e-06,0.9220380616901959
2018-10-18,0,0.9199683540612382,0.012835494564734148,3.2550623109440756e-11,0.0671931630163199,2.9883251571253943e-06,0.9199683540612382
2018-10-19,0,0.9208650598247694,0.020852804049872498,4.7512754204191175e-11,0.05827904581823781,3.090259607489587e-06,0.9208650598247694
2018-10-22,0,0.9218131261349279,0.01665284714531724,1.1434233034114811e-11,0.06153058591702273,3.4407912984650297e-06,0.9218131261349279
2018-10-23,0,0.8547514274717798,0.025239095341287265,2.5740558385119664e-15,0.12000337127679277,6.105910138211992e-06,0.8547514274717798
2018-10-24,0,0.8778723508786498,0.01909683672489745,3.0222352560946483e-16,0.1030192324741944,1.157992225864207e-05,0.8778723508786498
2018-10-25,0,0.8969249527368345,0.02371049288871853,1.6584507439961307e-15,0.07935199932242734,1.255505201803303e-05,0.8969249527368345
2018-10-26,0,0.9040519242622203,0.010468144463865865,3.886722206902767e-16,0.08547397968990555,5.951584007393558e-06,0.9040519242622203
2018-10-29,0,0.8685114523657387,0.004256422223950272,4.607947630495462e-15,0.1272232068582872,8.918552019482166e-06,0.8685114523657387
2018-10-30,0,0.8825817234937756,0.004167259824841487,3.955164536787235e-16,0.11324757782562665,3.438855754969533e-06,0.8825817234937756
2018-10-31,0,0.8168516371839006,0.003455822365554074,1.4215186727323514e-14,0.17968870824743854,3.8322030921403586e-06,0.8168516371839006
2018-11-01,3,0.46934744979317333,0.0037666211225056683,8.23618546378812e-19,0.5268170356681827,6.889341613900998e-05,0.5268170356681827
2018-11-02,3,0.4353811788728712,0.007459421562418966,3.0482001256248013e-19,0.5570405793602067,0.00011882020450280784,0.5570405793602067
2018-11-05,0,0.5102578967120497,0.004427333685827249,5.827500339149689e-19,0.4852895980874341,2.5171514688631514e-05,0.5102578967120497
2018-11-06,3,0.40053467493753436,0.0027965827485306495,2.263395519204816e-19,0.5966204711622004,4.8271151734353346e-05,0.5966204711622004
2018-11-07,3,0.458765078016036,0.003607468739598485,1.3038407010451926e-18,0.537597325578014,3.0127666350911916e-05,0.537597325578014
2018-11-08,0,0.925535205143805,0.0025429120152330887,1.5311158548318276e-13,0.07189840844555855,2.347439525079172e-05,0.925535205143805
2018-11-09,0,0.9234977385400216,0.001051235434498483,1.2292684855781289e-12,0.07531475743014523,0.00013626859410508104,0.9234977385400216
2018-11-12,0,0.8924534037208502,0.0017176645456740516,2.6078245976963453e-15,0.10509064997216634,0.0007382817613068876,0.8924534037208502
2018-11-13,0,0.8634672326306714,0.0018714623917766373,5.58923190461953e-19,0.13264745526837243,0.002013849709180307,0.8634672326306714
2018-11-14,0,0.9350293397338347,0.0011994259766912301,3.7120294952821775e-16,0.06361239608535145,0.00015883820412161266,0.9350293397338347
2018-11-15,0,0.9614906978636476,0.001343023036936502,1.591406816476609e-15,0.03697041613859131,0.00019586296082333365,0.9614906978636476
2018-11-16,0,0.9588763821746474,0.00045770388779687904,6.434822190344108e-15,0.040383605061903964,0.00028230887564527184,0.9588763821746474
2018-11-19,0,0.9716636545112329,0.00032574455671813843,8.510901813229956e-14,0.027899390212578586,0.00011121071938564991,0.9716636545112329
2018-11-20,0,0.9960690723621463,0.00010818968398401144,6.144150911203856e-11,0.0037991818018176904,2.3556090610312947e-05,0.9960690723621463
2018-11-21,0,0.9988488787327825,0.00010087289337441856,3.326195702058615e-09,0.0010441761408468272,6.068906801110303e-06,0.9988488787327825
2018-11-23,0,0.9988433173273549,4.287953969453835e-05,8.705611585229418e-13,0.0010571779668985249,5.6625165181555914e-05,0.9988433173273549
2018-11-26,0,0.9986695634688721,0.00010969399142090544,7.027538708097623e-14,0.001182089431555509,3.8653108081357324e-05,0.9986695634688721
2018-11-27,0,0.9985656221059324,0.0001149619921806745,3.8253261136157545e-14,0.001284794233047363,3.4621668800728285e-05,0.9985656221059324
2018-11-28,0,0.9979649925661582,8.181952225936563e-05,1.4659723730413534e-15,0.0018636059743958066,8.958193718579062e-05,0.9979649925661582
2018-11-29,0,0.9995438500900902,0.00010594044802948151,1.6865932214237345e-15,0.0002939704324500028,5.623902942889707e-05,0.9995438500900902
2018-11-30,0,0.9992186347671039,0.00012211672704692453,9.554949869334867e-12,0.0006557876636281642,3.460832665417375e-06,0.9992186347671039
2018-12-03,0,0.9998857845313268,5.4348821581026e-05,5.468646993897373e-10,5.899440717133962e-05,8.716930563812403e-07,0.9998857845313268
2018-12-04,0,0.9995200706758623,3.553262263036938e-05,4.024055039110748e-09,0.00044413844231641733,2.542351366764897e-07,0.9995200706758623
2018-12-06,0,0.9994393997677943,1.3362590792278434e-05,7.117264340503835e-10,0.0005468433250392069,3.936046472782319e-07,0.9994393997677943
2018-12-07,0,0.9994976395699656,1.343878324413089e-05,1.0374657417681916e-08,0.0004887573451778646,1.5392695541883883e-07,0.9994976395699656
2018-12-10,0,0.9995287742907673,1.4968180516208821e-05,9.915757680776928e-09,0.00045605289346198466,1.9471949713248666e-07,0.9995287742907673
2018-12-11,0,0.9992054208473796,2.6881466674315205e-05,1.472773169203423e-07,0.0007674859967925097,6.441183741224745e-08,0.9992054208473796
2018-12-12,0,0.9974166612644275,6.373852118196859e-05,4.797435760323826e-07,0.002519072626821148,4.7843992620774154e-08,0.9974166612644275
2018-12-13,0,0.9962140751047401,0.00039310292478225267,0.002261191208876246,0.0011316113655181225,1.9396084084804013e-08,0.9962140751047401
2018-12-14,0,0.9991556095579439,0.00013319884939326786,0.0003144638680852578,0.0003967047903155303,2.2934261486911396e-08,0.9991556095579439
2018-12-17,0,0.9978247227625137,0.00015389157504690354,1.4873018941975272e-05,0.0020064886135423934,2.402995446301343e-08,0.9978247227625137
2018-12-18,0,0.987396280232165,0.00013667063906582254,1.214196822465219e-09,0.012466884261777361,1.6365279550488178e-07,0.987396280232165
2018-12-19,0,0.9885418743413145,9.129649418754153e-05,1.5228253294573103e-09,0.011366670738835427,1.5690283651505495e-07,0.9885418743413145
2018-12-20,0,0.8983089370492605,0.00012602767132361808,2.9113464899836745e-11,0.10156501650223167,1.8748071299567876e-08,0.8983089370492605
2018-12-21,0,0.9234213088447435,8.055350641122189e-05,7.043971936983307e-13,0.07649811974928916,1.789885224695715e-08,0.9234213088447435
2018-12-24,0,0.7219821954270603,0.00010238936311631654,1.2972607695982049e-18,0.2779154083408309,6.86899190732327e-09,0.7219821954270603
2018-12-26,3,0.19330407193537646,6.94920004629203e-05,3.162189949706537e-23,0.8066263875141578,4.855000338950482e-08,0.8066263875141578
2018-12-27,3,0.11942964470603994,1.4822361438661115e-05,4.232155211207748e-26,0.8805554659788168,6.695370422140673e-08,0.8805554659788168
2018-12-28,3,0.09364953102296399,2.2045729541629656e-05,1.3164395992105265e-23,0.9063283995762681,2.3671227196632115e-08,0.9063283995762681
2018-12-31,3,0.11858557678068693,1.4912569656028605e-05,1.5555769244475207e-23,0.8813994925917629,1.8057894208950294e-08,0.8813994925917629
2019-01-02,3,0.0432181421195356,4.8864601415527355e-06,1.3368729802037968e-24,0.9567769292726516,4.214767169835225e-08,0.9567769292726516
2019-01-03,3,0.058433012504741574,2.817214437633576e-06,2.2048942142231877e-25,0.9415641693635026,9.173183135123e-10,0.9415641693635026
2019-01-04,3,0.043127357985930044,2.233406478425165e-05,6.251926396820179e-26,0.9568503070472799,9.020055794040074e-10,0.9568503070472799
2019-01-07,3,0.032854990673748655,4.538808692269866e-05,3.67971143774773e-24,0.9670996206764195,5.629085298723139e-10,0.9670996206764195
2019-01-08,3,0.032306062303587034,8.237754707042855e-05,1.1600483060139305e-26,0.9676115589234487,1.2258942272769913e-09,0.9676115589234487
2019-01-09,3,0.002806431405083139,1.2869946752064338e-05,3.9758516618280707e-25,0.9971806965935809,2.0545834848941973e-09,0.9971806965935809
2019-01-10,3,0.004157916466139494,1.8046071361338384e-05,6.810371449295929e-25,0.9958240351712778,2.2912219820233843e-09,0.9958240351712778
2019-01-11,3,0.004831939371417482,1.5758286057416795e-05,6.679911220725231e-25,0.9951522998401301,2.502394426174334e-09,0.9951522998401301
2019-01-14,3,0.014025868574372444,3.922260092123042e-05,2.6822626336229636e-25,0.9859349066829249,2.1417818519183354e-09,0.9859349066829249
2019-01-15,3,0.002762188345948489,1.0652973498968631e-05,2.5272268129851926e-27,0.9972271577620885,9.184643260431396e-10,0.9972271577620885
2019-01-16,3,0.0019962939549151453,1.0868468836200169e-05,3.4545453855829117e-25,0.9979928349141641,2.6620837587095356e-09,0.9979928349141641
2019-01-17,3,0.012125531324038125,3.8307141268773654e-05,3.855554722047615e-21,0.987836157309338,4.2253558808074385e-09,0.987836157309338
2019-01-18,3,0.008906436245352435,3.723397713074513e-05,5.581034592436485e-23,0.9910563050121656,2.4765351910790308e-08,0.9910563050121656
2019-01-22,3,0.009309582764427723,2.239576210850489e-05,7.905568306533663e-21,0.9906678305985802,1.9087488429777948e-07,0.9906678305985802
2019-01-23,3,0.003884279696092785,1.8558436882263565e-05,1.0347125824081159e-22,0.9960971116422521,5.022477331155405e-08,0.9960971116422521
2019-01-24,3,0.01140703561423764,4.396554839096819e-06,4.075622909543307e-13,0.9885880632039342,5.046265818858324e-07,0.9885880632039342
2019-01-25,0,0.830551124471454,0.00016259416169285267,1.222251511670531e-08,0.1692861736677222,9.547661548588603e-08,0.830551124471454
2019-01-28,0,0.7708549935288503,0.0001855924595488635,2.600544792197519e-06,0.22895671994009775,9.352671009002018e-08,0.7708549935288503
2019-01-29,0,0.7343329279149308,7.962352897204182e-05,5.546017025043188e-06,0.2655818130161846,8.952288834908019e-08,0.7343329279149308
2019-01-30,0,0.6692590270686215,6.868388982669492e-05,9.035283717640218e-06,0.3306630567688859,1.9698894793046446e-07,0.6692590270686215
2019-01-31,0,0.7843812714108229,6.79333554956923e-05,3.895499725922741e-06,0.21554671218869947,1.8754525626707783e-07,0.7843812714108229
2019-02-01,0,0.7161396128012664,0.00021936863187749288,1.6712599002828524e-07,0.28363886159227353,1.9898485928441603e-06,0.7161396128012664
2019-02-04,0,0.9636348634202617,0.0006446139156037963,1.9011416666162365e-07,0.0357170590655276,3.273484440850426e-06,0.9636348634202617
2019-02-05,0,0.9745431666060642,0.0005377865247451884,9.231199412107947e-08,0.024917048797434737,1.9057597623471854e-06,0.9745431666060642
2019-02-06,0,0.9867947990752856,0.0003547622739667887,3.0767097473030407e-07,0.012849073623212774,1.0573565601551646e-06,0.9867947990752856
2019-02-07,0,0.9919064622299693,5.679179640658852e-05,2.5976517107472084e-11,0.008036344079229782,4.018684181858832e-07,0.9919064622299693
2019-02-08,0,0.9938277873494986,4.440549384403697e-05,4.595428237231291e-11,0.006127247000377021,5.601103259119928e-07,0.9938277873494986
2019-02-11,0,0.9942947994659228,4.0647112648511076e-05,4.169333129423069e-10,0.005664075806495183,4.771979998181032e-07,0.9942947994659228
2019-02-12,0,0.9947278449115755,6.438243831148756e-05,1.061089281661502e-08,0.0052070530665441345,7.089726755017406e-07,0.9947278449115755
2019-02-13,0,0.9961538936199172,4.814327549183633e-05,2.2543030894379683e-07,0.0037972042992214495,5.333750605718372e-07,0.9961538936199172
2019-02-14,0,0.9965944979086191,2.7439172971584893e-05,1.3338254243593004e-07,0.0033771587018959185,7.708339704967232e-07,0.9965944979086191
2019-02-15,0,0.9985744505716433,2.5360953659242956e-05,1.5546661374548885e-06,0.0013973415405675452,1.2922679923529769e-06,0.9985744505716433
2019-02-19,0,0.9913185007557012,1.3909308282159666e-06,0.008152011078686515,0.0005279269149669752,1.7031981752907497e-07,0.9913185007557012
2019-02-20,0,0.977588989424784,1.558214684789855e-06,0.021933203394137273,0.0004759709349023244,2.780314919214343e-07,0.977588989424784
2019-02-21,0,0.9937607432150272,1.1460466464895591e-06,0.006039032306225364,0.0001984658654748728,6.125666262028143e-07,0.9937607432150272
2019-02-22,0,0.9873634625450327,6.802711609578046e-07,0.012536160275905284,9.907178385891186e-05,6.251240420131795e-07,0.9873634625450327
2019-02-25,0,0.9993824282288367,1.2896806302299885e-06,0.00024256363979539692,0.00037335318305290176,3.6526768510971354e-07,0.9993824282288367
2019-02-26,0,0.9986005961900252,1.5272782314147765e-07,0.001196790860072078,0.00020214768056655639,3.125415129525747e-07,0.9986005961900252
2019-02-27,0,0.9994530882655867,1.1037477015105877e-06,0.00013673308882787712,0.0004080910996235841,9.837982601727433e-07,0.9994530882655867
2019-02-28,0,0.9994498026772844,1.446822864177237e-06,8.867039279526356e-05,0.0004588303070545607,1.249800001369346e-06,0.9994498026772844
2019-03-01,0,0.9791918068943236,6.106267547218597e-07,0.018158192904468726,0.0026493489811223857,4.059333084168181e-08,0.9791918068943236
2019-03-04,0,0.9869447932501544,2.5880569672798816e-07,0.011031447260292393,0.002023413680951911,8.7002904577444e-08,0.9869447932501544
2019-03-05,0,0.9842943486143058,2.1360537733560086e-07,0.013316133697461152,0.0023892156654790543,8.841737703687809e-08,0.9842943486143058
2019-03-06,0,0.9780490355543245,8.747055248945769e-08,0.01811701315870379,0.0038338058344859136,5.7981933573609095e-08,0.9780490355543245
2019-03-07,0,0.991918796922545,2.669200488737105e-08,0.0033117993210011773,0.004769280886692584,9.617775610414719e-08,0.991918796922545
2019-03-08,0,0.9908308910489383,1.948962972207786e-08,0.004870976062154893,0.0042978670673126185,2.4633196462667366e-07,0.9908308910489383
2019-03-11,0,0.987608530081493,3.194999954419561e-08,0.0029262132854554063,0.009465022006135856,2.0267691650727125e-07,0.987608530081493
2019-03-12,0,0.9894920993858778,1.7724927702748973e-08,0.0016940335922191805,0.00881357797803287,2.7131894256184166e-07,0.9894920993858778
2019-03-13,0,0.9834174782371113,1.4047664772416766e-08,0.010367583728506333,0.006214762632837174,1.6135388035021074e-07,0.9834174782371113
2019-03-14,0,0.975842797223923,2.283209261220884e-08,0.0171500306363397,0.007006979375952533,1.699316918578896e-07,0.975842797223923
2019-03-15,0,0.9842383760050798,1.3480570926316608e-08,0.010060666526031263,0.005700738087366729,2.0590095080336418e-07,0.9842383760050798
2019-03-18,0,0.9869484299047295,2.0757265609853422e-08,0.004123777431187013,0.008927575069186093,1.968376321115465e-07,0.9869484299047295
2019-03-19,0,0.9889037108971549,5.2780524106124416e-08,0.0005951606222226977,0.01050084250883154,2.3319126702644278e-07,0.9889037108971549
2019-03-20,0,0.9884983194110475,1.680751531671954e-08,0.00027302716714902993,0.011228231660389974,4.049538978522785e-07,0.9884983194110475
2019-03-21,0,0.9906344988288651,2.0449738631281086e-08,8.90428070354069e-06,0.009356267718502516,3.0872218984379546e-07,0.9906344988288651
2019-03-22,0,0.9850221585543867,7.911270332423133e-09,9.780247351002087e-07,0.01497677980264799,7.570696012404835e-08,0.9850221585543867
2019-03-25,0,0.9830354095571076,1.9209284647888402e-09,1.855817366356985e-06,0.016962648625688144,8.40789095020655e-08,0.9830354095571076
2019-03-26,0,0.9765754905788498,2.7781427806693492e-09,1.4886767783268572e-06,0.023422925750155713,9.221607326508425e-08,0.9765754905788498
2019-03-27,0,0.9844670746066454,4.663026038268515e-10,7.398492646007094e-06,0.015525482783163147,4.365124276177403e-08,0.9844670746066454
2019-03-28,0,0.983043029995092,3.941555671066941e-10,0.00012717213087471598,0.01682975112981658,4.635006156026989e-08,0.983043029995092
2019-03-29,0,0.9805431883949052,1.4775001873095886e-09,3.217652832692304e-07,0.019456290384159042,1.979781525292892e-07,0.9805431883949052
2019-04-01,0,0.9769540682343232,9.200352878227643e-09,4.991430043767346e-07,0.023045341922648233,8.149967152411214e-08,0.9769540682343232
2019-04-02,0,0.9774671047886518,6.8437131087395316e-09,5.499306924550449e-07,0.02253224729291103,9.114403186317878e-08,0.9774671047886518
2019-04-03,0,0.9795633144339748,1.0648426327659125e-08,6.142670031170956e-07,0.020435929430179304,1.312204165902055e-07,0.9795633144339748
2019-04-04,0,0.9742993083006053,1.2868839391698299e-08,1.766214279798235e-06,0.025698828796246142,8.382002914747808e-08,0.9742993083006053
2019-04-05,0,0.9622378735228416,3.150727408881697e-09,7.64684178423849e-06,0.037754378203235746,9.82814106234334e-08,0.9622378735228416
2019-04-08,0,0.9715391355207575,4.6604597432744105e-09,0.00023124167092305206,0.028229527248956006,9.089890324175689e-08,0.9715391355207575
2019-04-09,0,0.96313442463073,4.367959070733533e-09,7.741967870921486e-05,0.03678810201979878,4.930280226707481e-08,0.96313442463073
2019-04-10,0,0.96915556317967,3.194301037496648e-09,1.1667567179780653e-06,0.030843224149544254,4.27197660288281e-08,0.96915556317967
2019-04-11,0,0.9794153398134703,1.3145866447248501e-09,2.6747334022658904e-05,0.02055789285976739,1.8678152830696748e-08,0.9794153398134703
2019-04-12,0,0.9727777892419108,2.9322909063669745e-09,1.1965883167762338e-05,0.027210220899015647,2.1043614603006778e-08,0.9727777892419108
2019-04-15,0,0.978483668888812,2.5749130288504053e-09,9.636754966553653e-06,0.021506676883070647,1.4898237873679808e-08,0.978483668888812
2019-04-16,0,0.9644015606855133,5.5769595452050445e-09,7.488593676538208e-06,0.035590876256470956,6.888737947692793e-08,0.9644015606855133
2019-04-17,0,0.9828339851390838,6.70917765000207e-09,0.00013692425008558285,0.017029063746929342,2.0154723325435467e-08,0.9828339851390838
2019-04-18,0,0.9694346240116597,7.0347827993330385e-09,0.014296853959851115,0.016268507551481383,7.442224808335127e-09,0.9694346240116597
2019-04-22,0,0.8807114492226782,5.839325090800728e-09,0.09477552595949786,0.024513008578335535,1.0400163832193141e-08,0.8807114492226782
2019-04-23,0,0.8719946326469001,2.087031345994533e-09,0.0876024622951484,0.04040289449207983,8.478839974728932e-09,0.8719946326469001
2019-04-24,0,0.9737475967349047,6.27723093416142e-10,0.0009121163445520241,0.025340264670335927,2.1622484325569768e-08,0.9737475967349047
2019-04-25,0,0.972241699652054,1.3399725272170846e-09,0.0010627417721614852,0.02669553380585704,2.3429954500371873e-08,0.972241699652054
2019-04-26,0,0.981511155773492,1.8804487538856696e-08,4.6766372654973754e-06,0.01848409804218693,5.07425682371465e-08,0.981511155773492
2019-04-29,0,0.9778801290956101,3.1555894845023766e-08,8.471048803051374e-07,0.022118920276149975,7.19674646861066e-08,0.9778801290956101
2019-04-30,0,0.9871636563965034,8.337646073073295e-09,1.0675985755472362e-05,0.012825630138373406,2.9141721624288403e-08,0.9871636563965034
2019-05-01,0,0.9878319140516483,8.424803316260895e-09,1.1216875243488226e-05,0.012156826437160253,3.4211144657717226e-08,0.9878319140516483
2019-05-02,0,0.9890322520079654,1.1935760034097928e-08,4.862759332151941e-05,0.010919091890324816,1.6572628044307912e-08,0.9890322520079654
2019-05-03,0,0.9947895822187184,6.9540355856104045e-09,0.0005608234039424676,0.004649550823888765,3.659941435535919e-08,0.9947895822187184
2019-05-06,0,0.993491408480315,3.17517097880984e-09,0.0006757338616342028,0.005832833188562095,2.1294317398910895e-08,0.993491408480315
2019-05-07,0,0.9899471660051887,1.4121986174830792e-09,2.829566720634581e-05,0.010024510361368685,2.6554037382929744e-08,0.9899471660051887
2019-05-08,0,0.9897314153382922,3.7009772197672547e-09,2.1088716442358844e-05,0.01024744846079124,4.378349682239314e-08,0.9897314153382922
2019-05-09,0,0.9878308885556607,3.104517909147373e-09,9.337933057573098e-06,0.01215973101091841,3.93958449412239e-08,0.9878308885556607
2019-05-10,0,0.9881554722370296,2.3018800887849382e-08,7.392001617551054e-08,0.011844302612185432,1.2821196829753202e-07,0.9881554722370296
2019-05-13,0,0.9837596356552417,6.155103285421757e-09,6.344469129886641e-09,0.01624034553149437,6.313691208869463e-09,0.9837596356552417
2019-05-14,0,0.9870102112402858,1.2903937593007401e-08,4.058865969136672e-09,0.0129897675748646,4.22204620089778e-09,0.9870102112402858
2019-05-15,0,0.9852499348268359,4.932794817248272e-09,5.4113709994162227e-08,0.014750003803403059,2.32325622292531e-09,0.9852499348268359
2019-05-16,0,0.9897888063859133,1.2885367906925559e-08,1.3347090270525809e-08,0.010211165433747674,1.947880773147576e-09,0.9897888063859133
2019-05-17,0,0.9891298714256687,8.137758064979905e-09,5.665961997627407e-08,0.010870059782432986,3.994519967585684e-09,0.9891298714256687
2019-05-20,0,0.9911495541053955,5.5543732526005495e-09,7.524860496251882e-09,0.008850428496690634,4.318680310545317e-09,0.9911495541053955
2019-05-21,0,0.9894360631133161,4.986637639740979e-09,2.1928369817454495e-08,0.010563906517915864,3.4537603303233125e-09,0.9894360631133161
2019-05-22,0,0.9822025512218826,4.913706748327639e-09,2.9740450619777903e-08,0.017797411524767246,2.5991924618086492e-09,0.9822025512218826
2019-05-23,0,0.9791235025749571,1.1228929601043617e-08,2.759767014596553e-16,0.020876485031261854,1.1648519636360052e-09,0.9791235025749571
2019-05-24,0,0.9883576379461865,2.6603461854482316e-08,1.4966051819224714e-12,0.011642334937198311,5.116570395253629e-10,0.9883576379461865
2019-05-28,0,0.9868674375981222,7.552419527971412e-09,1.1667702014214463e-13,0.013132554384924678,4.6441777364152024e-10,0.9868674375981222
2019-05-29,0,0.9884925678734016,3.0135495171932886e-09,5.766769429173287e-15,0.011507428579021364,5.340226257252775e-10,0.9884925678734016
2019-05-30,0,0.9816214643128756,6.6264832801463355e-09,1.3185844608694539e-17,0.018378528150721753,9.099201321637711e-10,0.9816214643128756
2019-05-31,0,0.9554869610894255,5.835231972182939e-09,2.0950944798542717e-31,0.044513032270565855,8.047761933589264e-10,0.9554869610894255
2019-06-03,0,0.9339103219866493,1.1440612735030978e-09,4.499840491275245e-30,0.06608967660993273,2.5935755028065377e-10,0.9339103219866493
2019-06-04,0,0.9408664921141278,2.5896346256056986e-09,4.686032672335021e-30,0.05913350509399104,2.0224713384321224e-10,0.9408664921141278
2019-06-05,0,0.9213987475698519,6.485274717047888e-09,6.304265181917647e-29,0.07860124581582363,1.2905037559029172e-10,0.9213987475698519
2019-06-06,0,0.8839337626138652,6.3228136170957254e-09,4.0125573842921404e-25,0.11606623095129535,1.120261536813879e-10,0.8839337626138652
2019-06-07,0,0.8871161172502822,1.1533463030669374e-08,2.7612314126213004e-22,0.11288387112085564,9.53982936082906e-11,0.8871161172502822
2019-06-10,0,0.9153647625628463,1.6347314739719324e-08,3.587673407546646e-20,0.08463522081240685,2.7743209481429683e-10,0.9153647625628463
2019-06-11,0,0.9295561540217917,1.8655252007357187e-08,4.117028766895687e-21,0.07044382645377699,8.691788742966418e-10,0.9295561540217917
2019-06-12,0,0.8265268472204756,2.316209330015245e-08,3.7098053434934854e-21,0.17347312479073948,4.826692431649471e-09,0.8265268472204756
2019-06-13,0,0.8626991086927107,1.2531961351177425e-08,1.4353510174967255e-19,0.1373008746932222,4.082106453950206e-09,0.8626991086927107
2019-06-14,0,0.8533445330547164,9.626525740281992e-09,9.577172098592889e-19,0.14665544296836536,1.435039340724468e-08,0.8533445330547164
2019-06-17,0,0.7893000244775916,9.904452578096387e-09,2.37330330097999e-18,0.21069996206074537,3.557210413196664e-09,0.7893000244775916
2019-06-18,0,0.8182284615927673,7.644927140236876e-09,3.945813411647823e-17,0.18177152546464417,5.297662056209986e-09,0.8182284615927673
2019-06-19,0,0.748821685050871,5.427429521414934e-09,3.020385849752052e-17,0.25117829907347816,1.0448221031126452e-08,0.748821685050871
2019-06-20,0,0.8062392298285256,3.2856950902050734e-10,1.5882979866429311e-07,0.19375926484035616,1.3461727509743127e-06,0.8062392298285256
2019-06-21,0,0.9440516854565902,3.947758894664403e-10,0.00036604177580398204,0.05558155698599812,7.153868316929159e-07,0.9440516854565902
2019-06-24,0,0.9599579751408994,1.50683625993582e-10,0.0014421345657481641,0.03859819724014448,1.6929025245165658e-06,0.9599579751408994
2019-06-25,0,0.922975475496659,1.3391870930612462e-10,0.002235754291301832,0.0747880332627316,7.36815389381334e-07,0.922975475496659
2019-06-26,0,0.8638051378488644,5.365721166805767e-10,0.0009728156190755578,0.13522116481402288,8.811814658379742e-07,0.8638051378488644
2019-06-27,0,0.8898072450807596,5.964379004063802e-11,0.0069612701083287655,0.10323095734157973,5.274096879720848e-07,0.8898072450807596
2019-06-28,0,0.805423987857724,1.1497853630981057e-12,0.18786751940764432,0.006708268565342598,2.2416814018033072e-07,0.805423987857724
2019-07-01,0,0.5579648464832511,1.5302814835910912e-12,0.43208130142939355,0.009953755563498468,9.652232681018132e-08,0.5579648464832511
2019-07-02,0,0.9364882572499262,1.2325113196318259e-11,0.0304785503347116,0.03303252039408075,6.720089558650132e-07,0.9364882572499262
2019-07-03,0,0.8411238457794211,1.3847529406541853e-12,0.11524179932875811,0.04363340185175558,9.530386811990776e-07,0.8411238457794211
2019-07-05,0,0.9150641223685558,6.466766898907604e-12,0.05953492898486265,0.025398941966635533,2.0066734790104166e-06,0.9150641223685558
2019-07-08,0,0.9537275103997109,3.168514002465013e-12,0.02590880672794132,0.02036266629374716,1.016575432626007e-06,0.9537275103997109
2019-07-09,0,0.9692663234498851,6.826953780827391e-12,0.016170894672370557,0.014561712278818415,1.069592099395911e-06,0.9692663234498851
2019-07-10,0,0.9195343877686473,1.2219390191567607e-11,0.07031888664138201,0.010142204730435147,4.5208473154289805e-06,0.9195343877686473
2019-07-11,0,0.7681156803787944,3.645940374487054e-12,0.21653903725359216,0.015342536761010616,2.7456029574817653e-06,0.7681156803787944
2019-07-12,0,0.831530890943231,3.1862173714607904e-12,0.15598628649458093,0.012480978421552177,1.8441374491081888e-06,0.831530890943231
2019-07-15,0,0.8762717296565518,3.3525740468855996e-12,0.11577698569735846,0.007950175975020016,1.1086677166052915e-06,0.8762717296565518
2019-07-16,0,0.829525251804783,2.113258406629276e-11,0.1669996942059079,0.003473693170716749,1.3607974590942343e-06,0.829525251804783
2019-07-17,0,0.9103843667259994,1.1385620752443892e-11,0.08555127797870096,0.004063610047183739,7.452367295011785e-07,0.9103843667259994
2019-07-18,0,0.9891096374880924,9.330010923268159e-12,0.006447718941151627,0.00444197469328626,6.688681396531454e-07,0.9891096374880924
2019-07-19,0,0.9959064556496375,8.262589814019083e-11,3.560154613692388e-10,0.004093409382131212,1.3452959007536626e-07,0.9959064556496375
2019-07-22,0,0.9942158009664732,5.732092719455216e-11,4.5536394507322805e-11,0.005784080797180274,1.1813348941416237e-07,0.9942158009664732
2019-07-23,0,0.9905589218851087,1.9539751919342025e-10,1.172981943775567e-12,0.009440980979039712,9.693928124242691e-08,0.9905589218851087
2019-07-24,0,0.9905028397475342,1.3283079370124488e-10,2.8175083594119456e-13,0.009497039470488574,1.2064886484848293e-07,0.9905028397475342
2019-07-25,0,0.9891268627487371,1.2965736459701086e-10,3.844828361902815e-13,0.010872845423460476,2.9169776068517413e-07,0.9891268627487371
2019-07-26,0,0.990464798221001,1.3787073783412163e-10,5.53876047410066e-13,0.009534834699463944,3.6694111046432793e-07,0.990464798221001
2019-07-29,0,0.992432969877229,8.233270564344517e-11,3.4300675590788787e-12,0.007566830275165165,1.99761843147373e-07,0.992432969877229
2019-07-30,0,0.9990300017945976,1.5193805191558592e-10,5.787497513418288e-09,0.0009693645729068237,6.276930599749185e-07,0.9990300017945976
2019-07-31,0,0.98842350036259,5.899665340429579e-13,0.009960139366076343,0.0016163390901453394,2.1180598075007693e-08,0.98842350036259
2019-08-01,0,0.991549423982449,7.087869398708337e-13,4.342035243724159e-08,0.008450417576295595,1.1502019386892672e-07,0.991549423982449
2019-08-02,0,0.9975028147611709,6.18709455502608e-14,6.161054339477785e-05,0.002435522141579122,5.2553792601207285e-08,0.9975028147611709
2019-08-05,0,0.9686452843936952,7.029219182335386e-15,2.2195734316301173e-06,0.031352493725446726,2.3074194099325235e-09,0.9686452843936952
2019-08-06,0,0.9767646280576998,1.18379892917577e-14,1.221808179443636e-06,0.02323413986425098,1.026985788715433e-08,0.9767646280576998
2019-08-07,0,0.7528415669129315,5.518988295710808e-14,1.9136186965792974e-14,0.2471565374538319,1.895633162763827e-06,0.7528415669129315
2019-08-08,0,0.7928183036939027,3.214201317707618e-13,4.536587565640715e-16,0.20718132060211966,3.757036558644579e-07,0.7928183036939027
2019-08-09,0,0.848848909945184,1.3580971025918505e-12,1.4560773619928142e-16,0.15115074004312357,3.5001033381221665e-07,0.848848909945184
2019-08-12,0,0.8491182846360759,1.5119624477139724e-13,8.142118761776179e-16,0.15088147788177236,2.3748200025411365e-07,0.8491182846360759
2019-08-13,0,0.6242308228183157,2.0644455722472507e-13,8.658147733593895e-19,0.3757688743920821,3.0278939624645033e-07,0.6242308228183157
2019-08-14,0,0.5646073499008873,4.3526150796560646e-14,3.606270487890314e-19,0.4353924474106992,2.026883693007828e-07,0.5646073499008873
2019-08-15,0,0.7071569195495023,1.3829975659645954e-14,9.740740181127989e-18,0.292842997975793,8.247469165834514e-08,0.7071569195495023
2019-08-16,0,0.6505901464344064,1.6733225803217267e-14,1.796722036475782e-17,0.3494098030244732,5.054110448206209e-08,0.6505901464344064
2019-08-19,0,0.5626643090236274,5.915643277555702e-14,1.9096576704257517e-18,0.4373356426397367,4.8336576636990834e-08,0.5626643090236274
2019-08-20,0,0.5601821868659655,3.238033368940697e-14,4.340803800116285e-18,0.4398177472275363,6.590646539432813e-08,0.5601821868659655
2019-08-21,0,0.5745939639144376,4.418445810744405e-14,9.505294350781173e-18,0.42540597807236424,5.801315389912291e-08,0.5745939639144376
2019-08-22,0,0.5141012094194685,1.0249187925708459e-13,9.243247183926381e-18,0.4858987087570191,8.182340926876142e-08,0.5141012094194685
2019-08-23,3,0.36640157618785985,1.1842417547660958e-14,1.0889994344329028e-19,0.6335984026408992,2.1171229708559146e-08,0.6335984026408992
2019-08-26,3,0.4032121418163698,2.4779268738810434e-14,3.0498117997407577e-19,0.5967878402788833,1.7904721187010023e-08,0.5967878402788833
2019-08-27,3,0.3990314959899557,5.991176106339663e-15,1.2538590256100788e-18,0.6009684847374731,1.9272564919180054e-08,0.6009684847374731
2019-08-28,3,0.37076033858148405,3.3463951925787648e-15,1.5673878146396116e-18,0.6292396536323284,7.786183913851977e-09,0.6292396536323284
2019-08-29,0,0.7154956481581938,7.639813645518014e-15,6.0718990399499875e-18,0.28450435160467186,2.371271415460662e-10,0.7154956481581938
2019-08-30,0,0.8651763332750004,1.733898150406653e-14,7.754643954398709e-21,0.13482366668473494,4.024764683439628e-11,0.8651763332750004
2019-09-03,0,0.7212486622797537,9.881747604933404e-15,2.521475662659404e-20,0.2787513375056623,2.145733096758788e-10,0.7212486622797537
2019-09-04,3,0.3556589450929997,8.112842292865267e-15,8.623112394728058e-17,0.6443410545401664,3.668255008507122e-10,0.6443410545401664
2019-09-05,0,0.6627890731986421,2.4186719990882262e-15,6.99644295508891e-09,0.3372109090443691,1.0760542825192417e-08,0.6627890731986421
2019-09-06,0,0.8056973260159603,1.4695605457276112e-15,1.59002000478905e-08,0.19430265155080653,6.5330321551505675e-09,0.8056973260159603
2019-09-09,0,0.8610116189205873,7.965499930409082e-15,8.432737361272834e-09,0.1389883678178152,4.828852976269985e-09,0.8610116189205873
2019-09-10,0,0.8617530535151742,5.537462969911337e-14,5.8496169724048476e-09,0.13824692748014977,1.3155003906824173e-08,0.8617530535151742
2019-09-11,0,0.731907577626275,4.1291196220660097e-13,3.1531846229455058e-09,0.26809241330437256,5.915755016630413e-09,0.731907577626275
2019-09-12,0,0.9194174927513765,4.729523801912193e-13,8.344224946678166e-08,0.08058241770003335,6.1058679616516664e-09,0.9194174927513765
2019-09-13,0,0.9231260030794974,4.817955833325164e-12,2.3654851983628162e-07,0.07687374845449568,1.1912668728699229e-08,0.9231260030794974
2019-09-16,3,0.00013503815077848904,2.3007981412938527e-16,4.621590127433047e-16,0.9998642823130686,6.795361529255751e-07,0.9998642823130686
2019-09-17,3,0.0001346838495416751,4.285405288170419e-16,7.671986628016179e-21,0.9998649649287388,3.512217190406895e-07,0.9998649649287388
2019-09-18,3,0.00017267624382141396,5.456040975373981e-16,3.1255996911850553e-21,0.9998269024984611,4.2125771769111025e-07,0.9998269024984611
2019-09-19,3,7.204802914586119e-05,1.3869289846332175e-16,9.613746473822044e-22,0.9999273760144696,5.759563850041277e-07,0.9999273760144696
2019-09-20,3,5.1356677668934986e-05,8.641038470612725e-17,9.399918156593283e-22,0.9999483715810157,2.7174131516803554e-07,0.9999483715810157
2019-09-23,3,3.0340191665195145e-06,3.215521242162665e-19,1.7407070182397842e-25,0.9999952263611046,1.7396197285689531e-06,0.9999952263611046
2019-09-24,3,4.466818485627198e-06,1.2233116862267188e-19,4.874795372646471e-26,0.9999940887869244,1.4443945906257735e-06,0.9999940887869244
2019-09-25,3,0.0001785355138861332,6.110079759288141e-17,1.1956804817101072e-20,0.9998185091716427,2.955314470685951e-06,0.9998185091716427
2019-09-26,3,0.0003129158501152283,4.500846635530021e-17,1.1977695582497879e-20,0.999684605321127,2.478828757267112e-06,0.999684605321127
2019-09-27,3,0.0004771944745825543,5.3192790769862495e-17,2.3039855668075718e-21,0.9995185251616739,4.280363743307534e-06,0.9995185251616739
2019-09-30,3,0.0003665822818370685,2.3411070430124978e-17,1.3735859348152852e-19,0.9996264282764081,6.989441753937221e-06,0.9996264282764081
2019-10-01,3,0.0009411105312289136,1.6505392055506336e-17,7.081379760819756e-18,0.9990567773926907,2.1120760804860408e-06,0.9990567773926907
2019-10-02,3,0.003125632857664311,6.000246964941774e-17,5.030101058817385e-20,0.9968737435913534,6.235509814664496e-07,0.9968737435913534
2019-10-03,3,0.009664917590554474,1.7002096147377877e-17,1.4582769660099966e-19,0.9903349766422467,1.0576719878170688e-07,0.9903349766422467
2019-10-04,3,0.009616127951203127,7.315213723108211e-18,1.9377701780746755e-19,0.9903837332711894,1.3877760749811538e-07,0.9903837332711894
2019-10-07,3,0.015179732887744088,2.3869550101362896e-17,1.4570194709731443e-19,0.9848201199452241,1.4716703115815536e-07,0.9848201199452241
2019-10-08,3,0.015101889306962045,1.3903233082670203e-17,1.6734594348900393e-19,0.9848979556278277,1.5506520983060377e-07,0.9848979556278277
2019-10-09,3,0.010763530513499635,1.367576699792573e-17,3.7035054570313404e-19,0.9892363300408513,1.39445649042493e-07,0.9892363300408513
2019-10-10,3,0.004834690368215036,7.238810149390683e-17,6.045993310809248e-19,0.9951649590167031,3.5061508175042884e-07,0.9951649590167031
2019-10-11,3,0.001504343671681158,4.161740689316376e-16,2.617739723212531e-19,0.9984949893431427,6.669851759565565e-07,0.9984949893431427
2019-10-14,0,0.95383864721599,4.545890097014761e-15,3.0869189751445075e-08,0.04616128600558711,3.590922901337214e-08,0.95383864721599
2019-10-15,0,0.9662558649804651,5.252554361037181e-16,3.871696453144503e-06,0.03374020803669945,5.528638126218366e-08,0.9662558649804651
2019-10-16,0,0.9835998350752171,1.6697462742660047e-16,9.184790588526521e-05,0.0163082775889405,3.942995612514216e-08,0.9835998350752171
2019-10-17,0,0.9875740574544631,3.0460274669968637e-16,0.000491269933455974,0.011934643948935933,2.8663145109399675e-08,0.9875740574544631
2019-10-18,0,0.9875717296842149,2.503731427625919e-16,0.0008665139514314686,0.011561719599108606,3.676524416913335e-08,0.9875717296842149
2019-10-21,0,0.9858754754786947,2.094059959888379e-15,0.0009602030263591293,0.013164281626999981,3.986794388462551e-08,0.9858754754786947
2019-10-22,0,0.9898312961382846,3.564157672443733e-16,0.0017935964354614741,0.008375071830634979,3.559561846356051e-08,0.9898312961382846
2019-10-23,0,0.983550098328776,2.5004575807054756e-16,1.5546849029041295e-06,0.016448332404380518,1.4581940690591235e-08,0.983550098328776
2019-10-24,0,0.9806477012768982,2.189453639945388e-16,6.084091531409223e-07,0.019351673745842488,1.6568105846545917e-08,0.9806477012768982
2019-10-25,0,0.9798112588265994,5.776566073766328e-16,4.7050700940114813e-07,0.02018825974078093,1.0925609985512384e-08,0.9798112588265994
2019-10-28,0,0.8627350730386772,8.80749459010773e-15,6.447983594333298e-14,0.13726492542590385,1.535344815137481e-09,0.8627350730386772
2019-10-29,0,0.7449479433760705,2.3186792739819756e-15,5.87655618458529e-16,0.2550520507415518,5.882374394551474e-09,0.7449479433760705
2019-10-30,0,0.7822047924523103,3.1810389423147994e-16,1.928684920575832e-16,0.2177951761616269,3.1386062075951116e-08,0.7822047924523103
2019-10-31,0,0.9058563720698467,1.1008013441425141e-16,2.9310812792631497e-13,0.09414361787851554,1.0051344871113952e-08,0.9058563720698467
2019-11-01,0,0.803094216144288,8.450359417521384e-16,7.526405034074336e-14,0.19690575617593528,2.7679700336173256e-08,0.803094216144288
2019-11-04,0,0.6986300769753245,3.336895624481553e-15,1.1797755188745537e-15,0.30136990643328354,1.6591387715098725e-08,0.6986300769753245
2019-11-05,0,0.9585412991038287,3.787113752007515e-14,7.88732863133226e-09,0.041458521387841604,1.7162096288623548e-07,0.9585412991038287
2019-11-06,0,0.9559039889380063,2.3077126539871436e-14,1.898478375085608e-09,0.0440959212563983,8.790709423148905e-08,0.9559039889380063
2019-11-07,0,0.969959477162687,3.6111247532660803e-13,2.5087456319969175e-08,0.030040098877309553,3.988721858357259e-07,0.969959477162687
2019-11-08,0,0.9821497495432863,2.8674520990719866e-13,6.773215383739317e-08,0.017849835520295267,3.4720397812989183e-07,0.9821497495432863
2019-11-11,0,0.9728464859731165,7.322008800508105e-14,6.647804646411215e-07,0.027152604120630905,2.4512571477272877e-07,0.9728464859731165
2019-11-12,0,0.9814692704144345,7.603431842533209e-14,1.7529551959613272e-07,0.018530231664780163,3.2262518999692886e-07,0.9814692704144345
2019-11-13,0,0.9802726263618915,3.323332749910639e-14,5.738424135017859e-08,0.019726826779123845,4.894747107037073e-07,0.9802726263618915
2019-11-14,0,0.971464414995187,1.1114480687364145e-14,1.9218662420953137e-09,0.028534963578623156,6.195043125202308e-07,0.971464414995187
2019-11-15,0,0.9773065703781767,1.9731270064903563e-14,3.194052226368933e-09,0.022693220992660905,2.0543509128074131e-07,0.9773065703781767
2019-11-18,0,0.9771955482862866,1.4328801221512277e-14,2.464610223270006e-10,0.0228042449721488,2.064950893213401e-07,0.9771955482862866
2019-11-19,0,0.9811525070234433,3.710839045913871e-14,5.2857053600366885e-11,0.0188474007925977,9.213106510814687e-08,0.9811525070234433
2019-11-20,0,0.9791548694149319,2.1259371501139347e-14,5.745033260636892e-13,0.020845037005920743,9.357855164495722e-08,0.9791548694149319
2019-11-21,0,0.9733554527563609,1.166946582634727e-13,1.5656046783565716e-14,0.026644434726192403,1.1251731359347677e-07,0.9733554527563609
2019-11-22,0,0.9759260219360895,2.3367033224399296e-13,2.530773207685827e-14,0.024073897152939543,8.091071131714528e-08,0.9759260219360895
2019-11-25,0,0.9753305530378993,2.1819463360118917e-13,7.459516039435314e-15,0.024669415793006574,3.116886777088488e-08,0.9753305530378993
2019-11-26,0,0.9745146441361467,1.1161779931352058e-13,1.5174900114318313e-14,0.025485329109954786,2.6753771853765495e-08,0.9745146441361467
2019-11-27,0,0.9721357951699201,1.689181581587752e-13,2.075126176068765e-13,0.027864185272589218,1.9557113568502022e-08,0.9721357951699201
2019-11-29,0,0.9666670411951447,2.6192492732499033e-12,3.8471175183711755e-17,0.033332877739917076,8.106231903716454e-08,0.9666670411951447
2019-12-02,0,0.9728930787818826,8.99081970173505e-12,3.448813149737117e-17,0.02710673443874111,1.8677038634601544e-07,0.9728930787818826
2019-12-03,0,0.9734263667789442,1.9027742741900153e-13,1.0970139390020895e-15,0.026573611320595828,2.190026876754435e-08,0.9734263667789442
2019-12-04,0,0.9503211616927966,4.324042225601031e-12,4.826955977323679e-15,0.049678809215235153,2.9087638658962876e-08,0.9503211616927966
2019-12-05,0,0.9530862607263854,4.221248156597531e-12,6.393168076835538e-14,0.04691371681771985,2.2451609193952664e-08,0.9530862607263854
2019-12-06,0,0.9598730189369102,2.2387637033731846e-11,8.964510974538286e-14,0.040126979047618104,1.9929944716035575e-09,0.9598730189369102
2019-12-09,0,0.9603929885471661,1.7864872824412448e-11,4.178395588451401e-14,0.03960700834875132,3.08617517723226e-09,0.9603929885471661
2019-12-10,0,0.9565514380113018,2.5867186146608963e-11,6.212271231362621e-14,0.043448560300689276,1.6620790001645314e-09,0.9565514380113018
2019-12-11,0,0.9647370075459953,1.0789501511662354e-11,7.767031049162474e-15,0.03526299070437929,1.7388284833468227e-09,0.9647370075459953
2019-12-12,0,0.9627535300676037,1.845769849243237e-10,1.1967348768674522e-15,0.03724646774981501,1.998002416272902e-09,0.9627535300676037
2019-12-13,0,0.9548298697135399,2.7860705234252484e-11,5.794239162177298e-14,0.04517012226294261,7.995599513009217e-09,0.9548298697135399
2019-12-16,0,0.9673555645286088,1.239199231433237e-10,3.890626564546621e-14,0.03264442694384743,8.403584440348304e-09,0.9673555645286088
2019-12-17,0,0.9596235959593294,9.652950461749066e-11,1.9949908487004668e-13,0.040376388274886474,1.5669054648184916e-08,0.9596235959593294
2019-12-18,0,0.9656720597636349,6.854881351758523e-11,1.3365352498621033e-12,0.03432791685859487,2.330788438201993e-08,0.9656720597636349
2019-12-19,0,0.9767802414290545,3.791764733273992e-11,9.766966339464498e-13,0.023219748756986243,9.775065175314248e-09,0.9767802414290545
2019-12-20,0,0.9782096951285855,3.36511370828091e-11,1.6891124261810732e-10,0.021790301441691366,3.2271611301122332e-09,0.9782096951285855
2019-12-23,0,0.9835088474517247,2.7859832222942198e-11,1.186718882854968e-10,0.01649114952837205,2.873371908002291e-09,0.9835088474517247
2019-12-24,0,0.9875288037437411,6.701035674470626e-12,2.5604567596414885e-09,0.012471188155638364,5.533463166656119e-09,0.9875288037437411
2019-12-26,0,0.9881874448125854,4.603867159174619e-12,7.637381446968579e-09,0.011812541447087033,6.098342098828689e-09,0.9881874448125854
2019-12-27,0,0.9864826393012285,2.964049749264818e-12,7.511060777021324e-10,0.013517353452404198,6.492296904940117e-09,0.9864826393012285
2019-12-30,0,0.9926050303136256,2.868229251083484e-14,1.1906949850897054e-05,0.0073830466499098255,1.6086585139188676e-08,0.9926050303136256
2019-12-31,0,0.9932387861635286,3.3850929184183155e-14,9.888730665010059e-06,0.006751322075590234,3.0301824970635443e-09,0.9932387861635286
2020-01-02,0,0.9930156335079265,3.310803898524942e-14,6.203482664887918e-06,0.006978145381136692,1.762823882453718e-08,0.9930156335079265
2020-01-03,0,0.9724148651550281,9.182404193011092e-19,0.00010580010844788375,0.027479332185079704,2.5514448320775156e-09,0.9724148651550281
2020-01-06,0,0.9749616915328737,2.377960809013022e-18,0.0005990691225074186,0.024439234489437373,4.85518098286701e-09,0.9749616915328737
2020-01-07,0,0.9553806122134538,3.267252287150225e-18,4.890391843836314e-06,0.044614487169077316,1.0225624195871859e-08,0.9553806122134538
2020-01-08,0,0.9921262200347357,1.2157398376766091e-16,1.8578301344498336e-05,0.00785520059679621,1.0671226946781244e-09,0.9921262200347357
2020-01-09,0,0.9931905829550722,7.235580184689712e-17,4.0597136673644866e-05,0.00676881930629967,6.01954738248709e-10,0.9931905829550722
2020-01-10,0,0.9940651959383798,3.275394826262041e-17,3.0490627891128876e-05,0.005904312858130525,5.755985157992499e-10,0.9940651959383798
2020-01-13,0,0.9942080659051915,3.6077643803106564e-17,1.9002284497390102e-06,0.005790033082642013,7.837164688411383e-10,0.9942080659051915
2020-01-14,0,0.9922653510760047,1.4525121768557915e-17,4.146928831140655e-07,0.007734233760698473,4.704132506461977e-10,0.9922653510760047
2020-01-15,0,0.991280581845274,7.836126566758951e-18,2.3546718401148835e-06,0.008717062806812888,6.760733450450667e-10,0.991280581845274
2020-01-16,0,0.9922982697378109,1.739127020229285e-17,3.024212326906749e-06,0.007698705422265049,6.275964083578395e-10,0.9922982697378109
2020-01-17,0,0.987938359494383,4.343695961319206e-17,1.7620775433057617e-07,0.012061463421907977,8.759553422910754e-10,0.987938359494383
2020-01-21,0,0.9883613111081124,5.951621556821098e-18,2.0097335473221088e-07,0.011638486413773288,1.5047592323932692e-09,0.9883613111081124
2020-01-22,0,0.9770437977305634,1.474279254408654e-17,3.1221317678340185e-08,0.02295616897094458,2.077173612299865e-09,0.9770437977305634
2020-01-23,0,0.9747851040471864,2.160750169305671e-17,2.977499096830423e-08,0.025214862881190528,3.29663140702279e-09,0.9747851040471864
2020-01-24,0,0.9700360297309852,1.423727282714643e-17,2.9723110421779076e-08,0.029963936801869113,3.744035663399594e-09,0.9700360297309852
2020-01-27,0,0.9543551640192649,2.659149960371174e-18,2.2800819578119887e-08,0.04564480536549015,7.814424601921108e-09,0.9543551640192649
2020-01-28,0,0.9654780106045425,1.2830114726147063e-17,2.5170329380354873e-08,0.03452196091826751,3.306861100803258e-09,0.9654780106045425
2020-01-29,0,0.9671239231806092,3.3903648127619007e-18,3.7391156186744775e-08,0.032876036620891176,2.8073427345780604e-09,0.9671239231806092
2020-01-30,0,0.9626479668517316,3.110253359289877e-18,5.488840837298767e-07,0.037351477986801905,6.27738257892854e-09,0.9626479668517316
2020-01-31,0,0.9487691540957802,1.1074715915127137e-18,1.1749090223629259e-07,0.05123071377363898,1.4639678347545566e-08,0.9487691540957802
2020-02-03,0,0.8621913826988732,2.671380839387919e-18,3.496603321982653e-07,0.13780820348903486,6.415176023348805e-08,0.8621913826988732
2020-02-04,0,0.9050905240432694,3.0858322627219787e-17,7.071735734049466e-10,0.09490946253015138,1.2719404890035808e-08,0.9050905240432694
2020-02-05,0,0.9378673268160276,1.443103702118393e-16,4.2179294199000777e-10,0.062132661965487154,1.0796691838749575e-08,0.9378673268160276
2020-02-06,0,0.9369259617668693,1.241013597353004e-16,1.0523259762819196e-12,0.06307403332420272,4.907875256527122e-09,0.9369259617668693
2020-02-07,0,0.8942677558738275,2.396553423458729e-17,6.074570670509543e-13,0.10573223782144321,6.30412129367608e-09,0.8942677558738275
2020-02-10,0,0.8566808965985694,1.4469871778285535e-17,9.990951115341379e-14,0.14331909601236067,7.388969357949714e-09,0.8566808965985694
2020-02-11,0,0.8920700596266429,1.299475672872139e-16,1.2146876452212534e-14,0.10792993727938392,3.093960413419183e-09,0.8920700596266429
2020-02-12,0,0.8862035944543086,8.498412887556796e-16,4.9844646812388695e-15,0.11379639750685189,8.038833638371171e-09,0.8862035944543086
2020-02-13,0,0.8722543749459674,5.244964180151512e-16,1.1060840623194304e-15,0.1277456187893582,6.264672654120444e-09,0.8722543749459674
2020-02-14,0,0.8371345817692787,1.4718179818364733e-16,8.983023420204424e-15,0.16286540943486255,8.795850329333098e-09,0.8371345817692787
2020-02-18,0,0.7907338672733889,5.0165657557702565e-17,5.940235276022786e-16,0.20926612809389952,4.632710370959489e-09,0.7907338672733889
2020-02-19,0,0.770885635001853,9.683319763131516e-17,1.390744258119886e-15,0.2291143590630786,5.935066478050176e-09,0.770885635001853
2020-02-20,0,0.8298717684023621,1.599501902430603e-17,4.782950313515303e-15,0.17012822766184946,3.935783931270412e-09,0.8298717684023621
2020-02-21,0,0.9746960979707657,7.12374340188523e-19,4.4948031281055484e-08,0.025303855629001237,1.452201196278458e-09,0.9746960979707657
2020-02-24,0,0.9758733931902033,6.194501362103881e-19,3.5273491075700254e-10,0.024126606257162193,1.9990000232326848e-10,0.9758733931902033
2020-02-25,0,0.744478089448095,3.5580440428299535e-20,7.255888724422728e-12,0.25552186785066555,4.2693983514364995e-08,0.744478089448095
2020-02-26,0,0.5649368343045339,1.6330654056087146e-20,3.463574835277202e-12,0.4350630840833249,8.160867754005159e-08,0.5649368343045339
2020-02-27,3,0.11270607723719131,9.620374893791573e-21,1.2347567031081997e-14,0.8872934803010212,4.4246177602904136e-07,0.8872934803010212
2020-02-28,3,3.0487117180793294e-06,1.62947919565605e-27,4.714394063673724e-19,0.9999467830654916,5.016822279060843e-05,0.9999467830654916
2020-03-02,3,0.000493257059310706,1.4765697243826173e-26,2.569185154214446e-10,0.9992756612057889,0.0002310814779814743,0.9992756612057889
2020-03-03,3,1.685449542671917e-05,2.407096688548814e-28,6.174993282008165e-09,0.9987629174642965,0.0012202218652843533,0.9987629174642965
2020-03-04,3,2.9297050368751942e-05,3.071039284041793e-28,1.59296117751787e-09,0.9987131881411625,0.001257513215508532,0.9987131881411625
2020-03-05,3,2.172618034286962e-05,9.714461529850591e-29,2.238862670837799e-08,0.9977231436542461,0.0022551077767838275,0.9977231436542461
2020-03-06,3,1.0272890303092673e-08,4.016129298791856e-32,1.2872627256986967e-20,0.9968527931180977,0.003147196609013468,0.9968527931180977
2020-03-09,4,7.445565518328712e-25,6.670797716459012e-50,1.3228915911093016e-97,0.0013965136833118735,0.9986034863166879,0.9986034863166879
2020-03-10,4,1.237048269118738e-25,3.877984025417845e-50,1.404234417519998e-104,0.005904199829691681,0.9940958001703079,0.9940958001703079
2020-03-11,4,4.4954002792223207e-26,1.3308842749676869e-49,8.776580651410847e-107,0.0010523617595562837,0.998947638240445,0.998947638240445
2020-03-12,4,1.896752850646436e-26,3.915115481029276e-50,4.248906424563261e-105,2.4675870170200625e-06,0.9999975324129833,0.9999975324129833
2020-03-13,4,2.098333529421663e-27,6.504882050159716e-48,8.751876716216994e-102,1.7704796457437147e-05,0.9999822952035411,0.9999822952035411
2020-03-16,4,1.2127120132996685e-31,1.359518634208334e-54,1.914864767499598e-113,4.8161812934763966e-08,0.9999999518381852,0.9999999518381852
2020-03-17,4,5.234888132201119e-36,9.791723411874616e-54,5.963402533939851e-119,3.956928159897884e-10,0.9999999996043059,0.9999999996043059
2020-03-18,4,1.7216825327654142e-53,1.994898457939453e-75,7.657706542696103e-175,1.058445907040175e-22,1.0,1.0
2020-03-19,4,1.008927212451581e-62,1.553940763130181e-95,2.1104933968892524e-211,5.25047755820469e-22,1.0,1.0
2020-03-20,4,3.4953055369485944e-66,2.739215476046688e-101,5.641941374407571e-230,8.359576211585185e-25,1.0,1.0
2020-03-23,4,2.007952120586662e-70,3.2753963925159604e-107,4.847660862702984e-223,1.3691878963591219e-25,1.0,1.0
2020-03-24,4,3.4776923104718735e-76,1.0245994369904764e-109,3.7980186498079904e-218,2.043964186761222e-26,1.0,1.0
2020-03-25,4,1.1861528202111386e-76,4.793212954815273e-110,5.047163149806758e-215,1.0783521692815616e-25,1.0,1.0
2020-03-26,4,2.0649924017926283e-78,3.299252729501288e-112,2.0641478863743287e-223,6.541006962058048e-27,1.0,1.0
2020-03-27,4,1.2128259240829723e-74,2.0870127779997624e-111,9.805321641610651e-225,1.2352042410192396e-26,1.0,1.0
2020-03-30,4,1.6881062442399144e-75,1.2044591054659642e-111,4.961717824768126e-233,1.059507384163754e-27,1.0,1.0
2020-03-31,4,5.936587894554396e-74,1.0149747786128504e-110,3.036089842895827e-233,5.0565951521196655e-27,1.0,1.0
2020-04-01,4,6.172636025732786e-74,2.3121913252202186e-111,2.85151844315501e-233,5.582426928336233e-27,1.0,1.0
2020-04-02,4,8.758186133165552e-88,3.2348545652782914e-138,2.9196395493482637e-259,2.595525138491327e-28,1.0,1.0
2020-04-03,4,5.075347379193554e-91,1.3660272728347072e-146,3.2689927098672374e-248,9.039850079515138e-26,1.0,1.0
2020-04-06,4,2.5803206952146336e-75,7.289620540825231e-120,4.296279909318192e-177,2.1385940322596203e-19,1.0,1.0
2020-04-07,4,2.9296722721756433e-72,1.6032856408466937e-112,1.7047921316215328e-183,8.10904758476575e-22,1.0,1.0
2020-04-08,4,3.33623612798997e-74,3.4700852179423426e-116,3.783933502818372e-181,5.8966653119201276e-21,1.0,1.0
2020-04-09,4,1.117690287381613e-78,5.716264426473914e-118,6.467801900641531e-195,1.2099086845422291e-21,1.0,1.0
2020-04-13,4,6.682822258804661e-76,3.336354746867052e-117,6.04172138455351e-201,1.7823075171942587e-25,1.0,1.0
2020-04-14,4,1.409553398426888e-75,1.825846783059351e-116,1.9863564454829742e-203,1.6394293594214078e-25,1.0,1.0
2020-04-15,4,5.860660196592009e-72,1.2055147314350181e-116,3.298630746145979e-197,2.5111256744988408e-24,1.0,1.0
2020-04-16,4,2.7187860524025934e-59,1.7001322942472562e-94,1.0355599411376733e-148,3.818897194129456e-15,0.9999999999999964,0.9999999999999964
2020-04-17,4,1.3103927997199833e-45,1.2758236179305673e-69,1.1541337114219477e-117,2.825326688289866e-13,0.9999999999997158,0.9999999999997158
2020-04-21,4,1.3905144512181019e-126,7.79863075425209e-205,0.0,2.9500567320315576e-48,1.0,1.0
2020-04-22,4,7.159046597721977e-159,1.5163573921935968e-263,0.0,1.8505185856139152e-52,1.0,1.0
2020-04-23,4,1.3265734565878915e-173,2.4926240897957446e-289,0.0,1.9778083914234963e-53,1.0,1.0
2020-04-24,4,5.042436822330017e-173,3.9471525720135904e-288,0.0,2.121224861172725e-52,1.0,1.0
2020-04-27,4,4.414675736559276e-190,5.551700184e-315,0.0,1.9773883457634695e-59,1.0,1.0
2020-04-28,4,3.290282038711223e-187,2.83092179442e-312,0.0,2.255586279450087e-59,1.0,1.0
2020-04-29,4,3.5248800778599638e-211,0.0,0.0,1.0776549699353099e-59,1.0,1.0
2020-04-30,4,1.2178960026212742e-238,0.0,0.0,3.3352098222127597e-65,1.0,1.0
2020-05-01,4,3.823769926235283e-244,0.0,0.0,2.3440117904845577e-64,1.0,1.0
2020-05-04,4,6.690548574404307e-215,0.0,0.0,3.0756024122433595e-60,1.0,1.0
2020-05-05,4,3.719844775041399e-226,0.0,0.0,3.239335383190364e-61,1.0,1.0
2020-05-06,4,7.8460881056722e-226,0.0,0.0,1.9611015300266372e-60,1.0,1.0
2020-05-07,4,1.5243998360563916e-223,0.0,0.0,1.3199655567966537e-60,1.0,1.0
2020-05-08,4,1.563945197451586e-223,0.0,0.0,1.5090330436007611e-59,1.0,1.0
2020-05-11,4,9.155347662507272e-232,0.0,0.0,5.953963185676423e-59,1.0,1.0
2020-05-12,4,3.7500464040238247e-239,0.0,0.0,2.950280389093852e-57,1.0,1.0
2020-05-13,4,9.638472694176765e-244,0.0,0.0,2.626757697318043e-55,1.0,1.0
2020-05-14,4,1.1201818960372118e-256,0.0,0.0,1.7791992574680213e-55,1.0,1.0
2020-05-15,4,1.7747753131768016e-263,0.0,0.0,4.595428343868452e-56,1.0,1.0
2020-05-18,4,1.9206581936743118e-278,0.0,0.0,3.7289383899442384e-56,1.0,1.0
2020-05-19,4,8.250513592411368e-182,1.752999332628691e-265,2.0017270310136598e-253,5.3038288320134456e-31,1.0,1.0
2020-05-20,4,9.442004470011634e-124,1.4994067595830955e-183,2.396997762586738e-187,8.959031088709083e-19,1.0,1.0
2020-05-21,4,4.286605888654923e-99,7.49430293108785e-153,1.9285199511427627e-161,3.1061985998093526e-15,0.9999999999999964,0.9999999999999964
2020-05-22,4,1.067897820249993e-96,2.4209761778497965e-150,1.0668006981290762e-163,1.4308981077816255e-15,1.0,1.0
2020-05-26,4,7.530292690547588e-82,4.73954692941748e-130,8.964878883681512e-110,6.90600219468262e-13,0.9999999999993108,0.9999999999993108
2020-05-27,4,1.0531634321290803e-81,7.637996284766807e-130,6.25424142549379e-110,1.1704780385844477e-12,0.9999999999988312,0.9999999999988312
2020-05-28,4,2.557423624740723e-56,5.425986388530266e-97,6.273213913349975e-82,7.079135720846492e-08,0.999999929208644,0.999999929208644
2020-05-29,4,1.332012621093127e-28,8.724141649726457e-64,1.9023936271666508e-45,0.003830373207390913,0.9961696267926102,0.9961696267926102
2020-06-01,4,2.1682602819015566e-26,1.5145976947426905e-60,5.206228139683598e-45,0.011068275635348249,0.9889317243646509,0.9889317243646509
2020-06-02,4,6.690422467509771e-27,4.575549500144974e-61,1.5355410933852055e-44,0.016437412902562936,0.9835625870974375,0.9835625870974375
2020-06-03,3,1.8760754504075428e-12,1.0948222077947123e-42,4.2101053388613416e-24,0.9961832604738464,0.0038167395242762413,0.9961832604738464
2020-06-04,3,9.426326300932458e-13,8.358874554067406e-42,5.714854739431282e-25,0.9970345673497777,0.0029654326492789596,0.9970345673497777
2020-06-05,3,1.2969720504667507e-15,2.9930401938258073e-45,1.8907801847675554e-24,0.9770150642690079,0.02298493573098922,0.9770150642690079
2020-06-08,3,1.171932805777613e-13,2.5395132719828536e-41,1.846559916963097e-23,0.9980329000897256,0.0019670999101581784,0.9980329000897256
2020-06-09,3,2.067586067295498e-14,1.5995341814994155e-43,2.9945593629013587e-25,0.9974760421004526,0.002523957899527165,0.9974760421004526
2020-06-10,3,1.598957690871154e-12,4.5743426744635066e-42,6.771918443417626e-24,0.9995523986833582,0.0004476013150435942,0.9995523986833582
2020-06-11,3,2.4533349113196013e-15,3.395962410149138e-44,6.087022813546087e-30,0.9999871149564579,1.2885043539327152e-05,0.9999871149564579
2020-06-12,3,1.6457053428373427e-12,1.5002584837324784e-38,2.3668160561624163e-27,0.9999998935316142,1.0646673982851314e-07,0.9999998935316142
2020-06-15,3,9.342021864468597e-12,4.757083292404874e-37,3.9986040613138738e-28,0.999999992247675,7.742982490318549e-09,0.999999992247675
2020-06-16,3,2.8686488527382883e-08,1.1442036878702451e-32,2.944488519714202e-23,0.9999999559498259,1.536368553218753e-08,0.9999999559498259
2020-06-17,3,5.508742870288021e-08,2.513429832015753e-32,3.519858216420549e-24,0.9999999363864662,8.526104710933698e-09,0.9999999363864662
2020-06-18,3,7.937307164130234e-08,1.2851422536821823e-32,2.1085356994775083e-24,0.9999999134747528,7.152175034008137e-09,0.9999999134747528
2020-06-19,3,1.7424826357353552e-08,3.005734264451888e-33,2.2830930728960756e-26,0.9999999818099427,7.652315220500614e-10,0.9999999818099427
2020-06-22,3,5.210732316013394e-08,3.2875465914221485e-33,1.8366401385970223e-23,0.9999999410465836,6.846093928464907e-09,0.9999999410465836
2020-06-23,3,1.754977288943498e-05,2.2780804145428934e-29,7.758139889949371e-19,0.9999824419366051,8.290505915892478e-09,0.9999824419366051
2020-06-24,3,2.834070663402823e-05,2.0230134964419634e-29,2.5490163252658307e-17,0.9999716218344293,3.745893710604957e-08,0.9999716218344293
2020-06-25,3,5.991343480446348e-05,3.0254264647077193e-29,3.106982054628064e-17,0.9999400484839682,3.808122806568766e-08,0.9999400484839682
2020-06-26,3,0.00024325484627217125,3.4713153020281887e-28,3.947128381606985e-19,0.9997567438564562,1.2972710062520169e-09,0.9997567438564562
2020-06-29,3,8.149387459481268e-05,6.943853916200616e-29,5.6913413887592535e-19,0.9999185038476458,2.2777589510484707e-09,0.9999185038476458
2020-06-30,3,0.0009660482240999833,4.139347235210428e-27,4.153484634402347e-18,0.9990339498190332,1.9568664644726334e-09,0.9990339498190332
2020-07-01,3,0.002419914043334148,5.95599639740803e-26,1.800984044587191e-17,0.9975800842953232,1.6613429492070486e-09,0.9975800842953232
2020-07-02,3,0.0005891401809520971,4.9828587714535014e-27,1.4660901527227755e-18,0.9994108583044197,1.5146280346078767e-09,0.9994108583044197
2020-07-06,3,0.008112170425987445,4.331935553616251e-25,5.267985214314718e-16,0.9918878287930124,7.8099907642913e-10,0.9918878287930124
2020-07-07,3,0.0042093533499134575,1.2359480025334364e-26,1.2964182395649361e-15,0.9957906454362473,1.2138386430077858e-09,0.9957906454362473
2020-07-08,3,0.005079682890905579,2.111029148177279e-26,1.8177201257043949e-16,0.9949203162547873,8.54307462347372e-10,0.9949203162547873
2020-07-09,3,0.09187501547065609,3.985408250006025e-26,6.529894264686635e-13,0.9081249577049582,2.6823733060743357e-08,0.9081249577049582
2020-07-10,0,0.9570541994542303,4.7110827869551045e-29,1.6000261663904922e-05,0.04292970038069234,9.990341294500581e-08,0.9570541994542303
2020-07-13,0,0.9382756805761061,1.4654633770460923e-28,3.5019817662582674e-06,0.06172073780458852,7.963753836739655e-08,0.9382756805761061
2020-07-14,0,0.9820185943981236,3.7515152404012267e-29,0.00032282191224906816,0.01765855730883576,2.6380791538595137e-08,0.9820185943981236
2020-07-15,0,0.988634087542637,1.625119174916363e-28,0.0010452275011342477,0.010320673351783848,1.1604444440986275e-08,0.988634087542637
2020-07-16,0,0.9897211051939305,3.6901238145630037e-29,0.0037570727839401864,0.006521811548369698,1.0473760144656488e-08,0.9897211051939305
2020-07-17,0,0.9885177717672103,7.027377606867203e-29,0.007477116507146795,0.004005098486793362,1.323884870694186e-08,0.9885177717672103
2020-07-20,0,0.9516163545659745,2.72394591572818e-28,0.04641617224638808,0.0019674658427890727,7.344849080425472e-09,0.9516163545659745
2020-07-21,0,0.7111029361793647,6.668234994794126e-29,0.2881169158117599,0.0007801443609109298,3.6479652901952528e-09,0.7111029361793647
2020-07-22,0,0.7398221068049575,4.6122424228163325e-29,0.25937906958021956,0.0007988177382811808,5.876542269546956e-09,0.7398221068049575
2020-07-23,0,0.9866181363770007,2.732103615184564e-30,0.008004743901915036,0.00537711917541405,5.456708419522983e-10,0.9866181363770007
2020-07-24,0,0.9561089451663956,5.059703292813789e-30,0.0393553532826971,0.0045357003640505026,1.1868572929636972e-09,0.9561089451663956
2020-07-27,0,0.8726854670793278,4.0716546759657406e-30,0.12313278206053802,0.004181747675528332,3.1846056988632505e-09,0.8726854670793278
2020-07-28,0,0.5929282466092075,2.4577530255692647e-30,0.40430893731207235,0.0027628094883010755,6.59041844092818e-09,0.5929282466092075
2020-07-29,2,0.4912050052760526,6.372027218332072e-31,0.5071807238027648,0.0016142674107436337,3.5104388917655764e-09,0.5071807238027648
2020-07-30,2,0.028970992632060988,1.8164504687607642e-33,0.9709889649516342,4.0040413463160346e-05,2.0028416128190237e-09,0.9709889649516342
2020-07-31,2,0.07577264601006184,2.478558220662781e-33,0.9240504579544716,0.0001768792503755465,1.6785091688166783e-08,0.9240504579544716
2020-08-03,2,0.08186841717663941,1.12730429217108e-32,0.917947415861641,0.00018415746806422738,9.493655933270822e-09,0.917947415861641
2020-08-04,2,0.03374228749592205,3.9749127414372405e-34,0.9661961516804455,6.154329308030265e-05,1.7530552588344492e-08,0.9661961516804455
2020-08-05,2,0.010684425134275762,3.5913931584659063e-34,0.9893005212199638,1.504048042005121e-05,1.3165341225675136e-08,0.9893005212199638
2020-08-06,2,0.04601253631299957,7.288377922735152e-33,0.9535117156289251,0.00047569242151562476,5.5636560526132056e-08,0.9535117156289251
2020-08-07,2,0.009709113172662629,6.48013319726761e-35,0.9902646099309199,2.6252856156932715e-05,2.4040260856411285e-08,0.9902646099309199
2020-08-10,2,0.013009259274986366,6.319498215775143e-35,0.986956332986683,3.4382855223768326e-05,2.4883107276088152e-08,0.986956332986683
2020-08-11,2,8.985001169244519e-06,1.234381087657269e-36,0.9999883573456121,2.5812908033605154e-06,7.63624145198307e-08,0.9999883573456121
2020-08-12,2,1.1364419473403602e-05,2.8512187483605097e-36,0.9999854995940076,3.0441301146804076e-06,9.185640448866013e-08,0.9999854995940076
2020-08-13,2,1.1826952831009282e-05,1.0233640565800008e-34,0.9999817113679836,6.003680154029577e-06,4.579990306730308e-07,0.9999817113679836
2020-08-14,2,7.527975395635345e-06,2.2482166972951941e-35,0.9999866393625727,5.619213380514393e-06,2.1344865080229473e-07,0.9999866393625727
2020-08-17,2,5.416610852197402e-07,1.939922892386235e-36,0.9999983840072347,6.868879370201575e-07,3.874437433317985e-07,0.9999983840072347
2020-08-18,2,3.0520196403156467e-07,5.210752546950934e-37,0.9999958684740424,3.3015053794869853e-06,5.248186133834031e-07,0.9999958684740424
2020-08-19,2,2.1463299784552047e-07,1.1677329946051676e-37,0.9999890717960379,1.0555337752769766e-05,1.5823321108946352e-07,0.9999890717960379
2020-08-20,2,1.576238109255033e-08,9.487698522624682e-41,0.9999997075108632,2.751645380914259e-07,1.5622169795140767e-09,0.9999997075108632
2020-08-21,2,1.4416690756381847e-08,9.201543006867616e-41,0.9999997399319246,2.443454516808059e-07,1.3059332589489575e-09,0.9999997399319246
2020-08-24,2,5.3702481088973556e-08,1.6216224212592339e-40,0.99999867750403,1.267712772141764e-06,1.0807169721392375e-09,0.99999867750403
2020-08-25,2,7.33301942173516e-08,2.4912184166440807e-40,0.9999984949464065,1.4312442381954305e-06,4.791620541738721e-10,0.9999984949464065
2020-08-26,2,1.2717093966798295e-07,1.3900223399749385e-39,0.9999901929066762,9.674340545819104e-06,5.5818389973393495e-09,0.9999901929066762
2020-08-27,2,2.0718685538011288e-07,9.589597878159916e-40,0.999994244555161,5.54427475395155e-06,3.9832294779628004e-09,0.999994244555161
2020-08-28,2,5.283508617995708e-08,1.297772516452206e-39,0.9999957928701344,4.150699712528404e-06,3.595067000207213e-09,0.9999957928701344
2020-08-31,2,1.1608703320474028e-07,9.56275398199761e-40,0.9999725561709056,2.730941260175843e-05,1.8329459825809692e-08,0.9999725561709056
2020-09-01,2,3.460720724792828e-07,7.807089254823468e-40,0.9999173768929198,8.226553339801848e-05,1.150160883477446e-08,0.9999173768929198
2020-09-02,2,3.898918317872566e-07,8.469857203282371e-40,0.9999295828992067,7.002109038763721e-05,6.118573165036277e-09,0.9999295828992067
2020-09-03,2,1.2044679218957092e-06,3.740769965041799e-40,0.9998187357048639,0.00018004958753018856,1.0239684298348113e-08,0.9998187357048639
2020-09-04,2,1.2484769855115733e-05,5.90100536395463e-36,0.998765584657942,0.0012218476091440163,8.296305908124736e-08,0.998765584657942
2020-09-08,3,0.029031581408408672,3.937015701972729e-29,0.0580580799871785,0.9124497016050183,0.0004606369993928018,0.9124497016050183
2020-09-09,0,0.987515102179152,1.6957442193967448e-27,0.007651087460652821,0.004830855988937695,2.9543712579549287e-06,0.987515102179152
2020-09-10,0,0.9850028413700461,1.239380175262329e-27,0.004312571805585816,0.01067643176973163,8.15505463647267e-06,0.9850028413700461
2020-09-11,0,0.9801710169841311,5.325197706071423e-28,0.003689956232570497,0.016135258435571908,3.7683477257844772e-06,0.9801710169841311
2020-09-14,0,0.9879428815545099,7.5075662204148785e-28,0.005330258498361585,0.006723814583455398,3.0453636733635774e-06,0.9879428815545099
2020-09-15,0,0.9913760395795471,4.6611951736457824e-27,3.4784139339679156e-05,0.008588823517234482,3.5276387928593935e-07,0.9913760395795471
2020-09-16,0,0.9920773222808439,7.949123323331826e-27,1.0592762106912415e-05,0.007911750010969986,3.3494607990317083e-07,0.9920773222808439
2020-09-17,0,0.980544693758165,1.6690304741546623e-26,8.949778652570114e-07,0.019453826253847707,5.850101212561804e-07,0.980544693758165
2020-09-18,0,0.9923335125254467,4.74828490412197e-26,1.9518909391683886e-06,0.007664215558266207,3.200253480454131e-07,0.9923335125254467
2020-09-21,0,0.9985518155694776,2.619641537328703e-27,0.00046848792935468963,0.0009787258392438638,9.706619241888452e-07,0.9985518155694776
2020-09-22,0,0.998381234388498,1.4828674893484847e-27,0.00038915975026649165,0.0012286031927915579,1.0026684445580624e-06,0.998381234388498
2020-09-23,0,0.9976182962623026,1.641373322354424e-27,0.00016892679112311368,0.002211730837612356,1.0461089621901986e-06,0.9976182962623026
2020-09-24,0,0.9987905881864225,9.337626902215385e-28,0.00011905024108854954,0.0010899119962690378,4.4957622009706286e-07,0.9987905881864225
2020-09-25,0,0.9987742111580052,9.809269447305194e-28,0.00010798643189320846,0.0011175051179857115,2.972921156333855e-07,0.9987742111580052
2020-09-28,0,0.998086444020972,1.5859568229211411e-27,0.0004888968507732421,0.0014242658610961949,3.93267157986216e-07,0.998086444020972
2020-09-29,0,0.9981122599231923,2.3905825194722943e-27,5.384936577279942e-06,0.001881952696369785,4.02443860423717e-07,0.9981122599231923
2020-09-30,0,0.9976055134509875,9.14127897619166e-27,3.367158470819875e-06,0.0023906690932199493,4.502973218755287e-07,0.9976055134509875
2020-10-01,0,0.9943347371875315,8.3380539377403e-26,2.0983218510787966e-09,0.005664715308801796,5.454053451334765e-07,0.9943347371875315
2020-10-02,0,0.9969919695374103,2.2059975462067884e-25,1.39082964299081e-10,0.0030066821982115003,1.3481252957349828e-06,0.9969919695374103
2020-10-05,0,0.9988007196230532,8.407065454458377e-25,1.2708869802303074e-08,0.0011977246799224517,1.542988153761914e-06,0.9988007196230532
2020-10-06,0,0.9944758711058037,1.5618174220550136e-27,2.603853055433917e-07,0.0055238276873909795,4.082149911539696e-08,0.9944758711058037
2020-10-07,0,0.9763291164121131,7.84384811686313e-27,1.6893118018078154e-07,0.023670647009506687,6.76472000513833e-08,0.9763291164121131
2020-10-08,0,0.9691947267667892,8.225337816878207e-28,1.1952248044851891e-06,0.030804011048470213,6.695993616264607e-08,0.9691947267667892
2020-10-09,0,0.9941641563081755,2.618902084431339e-27,1.9474865596423302e-09,0.005835691655122345,1.5008921595886795e-07,0.9941641563081755
2020-10-12,0,0.9938777643816097,6.65984442007899e-27,3.87984960643343e-10,0.0061220754791493125,1.5975125527039185e-07,0.9938777643816097
2020-10-13,0,0.9644409731991367,1.5387285122399144e-27,8.481034722634247e-12,0.03555883675657042,1.9003581193379074e-07,0.9644409731991367
2020-10-14,0,0.982367642708087,1.5936599801535229e-27,7.486306001988515e-11,0.01763226421104205,9.300600714295296e-08,0.982367642708087
2020-10-15,0,0.9882293663576297,1.5471272376518708e-27,1.26057716230922e-10,0.01177054128155715,9.223475507377166e-08,0.9882293663576297
2020-10-16,0,0.9839555314047428,2.6582434371726886e-27,1.1013576303703934e-10,0.0160443818971608,8.65879609395935e-08,0.9839555314047428
2020-10-19,0,0.9504956397958184,6.096205451902235e-26,1.2538350483666509e-14,0.04950430405177895,5.6152389872090273e-08,0.9504956397958184
2020-10-20,0,0.970043486320603,2.270454382155725e-25,2.1635009562459374e-14,0.02995646703859622,4.664077994055859e-08,0.970043486320603
2020-10-21,0,0.9662651717799846,3.9053200399708394e-24,1.514518521145283e-16,0.033734774573732404,5.36462829068532e-08,0.9662651717799846
2020-10-22,0,0.9269225924721191,6.326705581529014e-24,3.599664766618625e-18,0.07307739029649364,1.7231387064781283e-08,0.9269225924721191
2020-10-23,0,0.9491119490985929,9.709384135257149e-24,4.07334103963782e-19,0.05088794195417232,1.0894723456209598e-07,0.9491119490985929
2020-10-26,0,0.9426404326196359,9.204574616293836e-24,2.153966952203811e-19,0.05735950789653053,5.948383327866672e-08,0.9426404326196359
2020-10-27,0,0.9673947629377587,1.4435116660575675e-24,3.025484475469511e-15,0.03260521228937437,2.4772863142989742e-08,0.9673947629377587
2020-10-28,0,0.9976789267401803,2.560995582773802e-25,1.3819493865631766e-12,0.002320941835762803,1.3142267416565834e-07,0.9976789267401803
2020-10-29,0,0.9988043492282294,5.252582471763172e-25,3.1774623602663696e-09,0.0011956105929764196,3.70013326318518e-08,0.9988043492282294
2020-10-30,0,0.9988046536983186,8.182881275369333e-25,1.9105680098430473e-08,0.0011952941682010824,3.302780051607171e-08,0.9988046536983186
2020-11-02,0,0.996079574185776,2.4273891462103543e-25,1.5030297052496893e-08,0.003920344900748214,6.58831793217251e-08,0.996079574185776
2020-11-03,0,0.9995200195936831,1.9058724863467308e-25,1.7282123485790293e-05,0.0004626477002446034,5.058258694912251e-08,0.9995200195936831
2020-11-04,0,0.999162300957775,5.988360593000456e-26,5.97830701656943e-07,0.0008370886955832142,1.2515940121800885e-08,0.999162300957775
2020-11-05,0,0.9977497544630799,6.000329363585294e-26,5.033226346595462e-09,0.0022501286893898066,1.1181430362406374e-07,0.9977497544630799
2020-11-06,0,0.9974195484598751,3.4012076054963734e-25,8.060159271656937e-10,0.0025803582344532715,9.249965544272805e-08,0.9974195484598751
2020-11-09,3,0.0009863421228534482,8.568026245278374e-24,2.220986621674917e-24,0.999010834981962,2.822895183901562e-06,0.999010834981962
2020-11-10,3,0.004160172511104739,3.108669902236193e-23,2.1393927624422067e-21,0.9958268030641146,1.3024424780489906e-05,0.9958268030641146
2020-11-11,3,0.0028917737618502797,1.8817813725419382e-23,3.348913629478158e-22,0.9971015610059126,6.6652322365103126e-06,0.9971015610059126
2020-11-12,3,0.002665784835868613,2.1509735995710715e-24,4.880997164971032e-23,0.9973317723402778,2.4428238530850118e-06,0.9973317723402778
2020-11-13,3,0.002577143583782489,5.2518740690506746e-24,1.3011120523573794e-24,0.9974186584973878,4.197918829722429e-06,0.9974186584973878
2020-11-16,3,0.002595219430329821,4.7044101293512526e-24,4.919156450844985e-24,0.9973994613887096,5.319180960478518e-06,0.9973994613887096
2020-11-17,3,0.002420372822454267,1.685007507886133e-24,1.1860247069497602e-24,0.9975756880676385,3.9391099079277625e-06,0.9975756880676385
2020-11-18,3,0.0025718209583943507,9.312272633788003e-25,1.161722989309398e-21,0.9974257841996077,2.3948419973096885e-06,0.9974257841996077
2020-11-19,3,0.0059438103216350605,1.0573849178181713e-24,6.590458933449447e-21,0.9940530388262662,3.1508520994247427e-06,0.9940530388262662
2020-11-20,3,0.004294106791054475,2.015690990481149e-25,1.2668941574053124e-19,0.9957030754244921,2.8177844542332844e-06,0.9957030754244921
2020-11-23,3,0.0003012092870101498,1.0448109884675255e-26,3.1232434991577376e-20,0.9996976588358696,1.1318771209442312e-06,0.9996976588358696
2020-11-24,3,1.7483392197697426e-05,2.707527015570738e-27,4.807349694331402e-21,0.9999807496381236,1.7669696791007937e-06,0.9999807496381236
2020-11-25,3,4.127552457556152e-06,1.8183383189157116e-28,5.205408677873663e-24,0.9999954860137492,3.8643379393913126e-07,0.9999954860137492
2020-11-27,3,9.874216764331088e-07,2.125884465893522e-30,3.2631380553482305e-26,0.9999985119192717,5.006590519298504e-07,0.9999985119192717
2020-11-30,3,9.251454219771232e-07,1.176193920081391e-30,3.178895717087235e-26,0.9999986942322109,3.806223657601652e-07,0.9999986942322109
2020-12-01,3,4.4072187582570235e-07,1.6244653248757962e-28,2.9155537434653662e-30,0.9999994095920537,1.4968607226531531e-07,0.9999994095920537
2020-12-02,3,4.894953419775733e-07,2.9488313742002166e-28,5.116100804620026e-31,0.9999993438149651,1.6668969206137544e-07,0.9999993438149651
2020-12-03,3,1.1426608727452662e-06,6.340079701456386e-28,2.5242910473146704e-31,0.9999986568122164,2.0052691066983016e-07,0.9999986568122164
2020-12-04,3,1.1645353839433385e-05,4.5254003956585536e-27,1.8235353136972766e-28,0.99998784937596,5.052702003997088e-07,0.99998784937596
2020-12-07,3,6.681882370310495e-06,4.164926762586947e-28,1.9547670484921379e-25,0.9999929654897078,3.5262792342087356e-07,0.9999929654897078
2020-12-08,0,0.7864608892389506,1.5973872304928073e-25,1.8688827425881353e-09,0.21353909966004764,9.232118782349801e-09,0.7864608892389506
2020-12-09,0,0.5390681948739344,5.959585240811944e-25,8.498230370694862e-10,0.4609317619626135,4.2313628480526765e-08,0.5390681948739344
2020-12-10,3,0.4342463275785873,1.753929921794725e-25,1.0853874078847564e-09,0.5657536145091576,5.682686709690796e-08,0.5657536145091576
2020-12-11,3,0.36482851065517513,6.867336107108475e-26,1.3012275828108146e-09,0.6351714039912909,8.405230731610348e-08,0.6351714039912909
2020-12-14,3,0.24382121575570914,3.968767095347177e-27,1.4348598798554071e-08,0.7561786527640013,1.1713169058519507e-07,0.7561786527640013
2020-12-15,3,0.24663303738879938,1.353871454437967e-26,2.6890550065829678e-08,0.7533667526485082,1.8307214251696035e-07,0.7533667526485082
2020-12-16,3,0.23549260671801694,1.239609191028493e-26,2.1709062804679896e-08,0.7645072028115218,1.687613989209122e-07,0.7645072028115218
2020-12-17,3,0.2943836399287874,3.234394851104356e-26,4.107231558214646e-07,0.7056157493664591,1.9998159794677115e-07,0.7056157493664591
2020-12-18,3,0.304379642370364,6.003906071461457e-26,1.25157090722943e-07,0.6956199342267116,2.98245833688615e-07,0.6956199342267116
2020-12-21,0,0.5104393529828973,2.449204271578111e-25,8.89717669749912e-07,0.4895593642628366,3.930365967739236e-07,0.5104393529828973
2020-12-22,0,0.8972300149040802,2.3506729087133553e-25,3.697509827007286e-05,0.10273277570604779,2.3429160191089076e-07,0.8972300149040802
2020-12-23,0,0.876796513591758,3.66553844294116e-26,0.1210555446006987,0.0021477703861243315,1.714214194725114e-07,0.876796513591758
2020-12-24,0,0.8113517881820039,1.1497207832719695e-26,0.18626261803884642,0.0023854211501132872,1.7262903713041396e-07,0.8113517881820039
2020-12-28,0,0.8891974156238837,6.580508753699827e-26,0.10989049469823398,0.0009119187397980394,1.7093808500824127e-07,0.8891974156238837
2020-12-29,0,0.9005397215875945,1.0513823028567705e-25,0.09869298730826036,0.0007670819066861339,2.091974598735523e-07,0.9005397215875945
2020-12-30,2,0.2466658487364437,8.90040681631685e-28,0.7533181249361722,1.6006440289486492e-05,1.9887095351638017e-08,0.7533181249361722
2020-12-31,2,0.30655005047365214,8.083970156580525e-28,0.6934195057965176,3.042061958310286e-05,2.3110246417133285e-08,0.6934195057965176
2021-01-04,0,0.9676157482936791,9.797928260237061e-26,0.0038903166964181723,0.028493865292871824,6.971703150544111e-08,0.9676157482936791
2021-01-05,0,0.9768576745721764,1.9723340694891803e-24,0.004197569482754659,0.01894460311134055,1.5283372919527855e-07,0.9768576745721764
2021-01-06,0,0.9103268080549567,4.658273942186613e-24,0.005100692634767838,0.08457202211190175,4.771983738773488e-07,0.9103268080549567
2021-01-07,0,0.9141745605371869,7.200745156332209e-24,0.006413025472613103,0.07941188603338384,5.279568161505951e-07,0.9141745605371869
2021-01-08,3,0.012238087445169354,3.6670569667996635e-24,1.480871127429136e-05,0.9877462504456017,8.533979554429991e-07,0.9877462504456017
2021-01-11,3,0.010856574314956952,9.489378382780075e-24,1.1215708611920588e-05,0.9891315411911757,6.68785255055154e-07,0.9891315411911757
2021-01-12,3,0.0060307166690075995,3.2804790785426386e-24,8.130098157965546e-06,0.9939603079500055,8.452828290973123e-07,0.9939603079500055
2021-01-13,3,0.006848440661230794,1.8034316810442534e-24,4.949243162581727e-06,0.9931461541498491,4.559457580017897e-07,0.9931461541498491
2021-01-14,3,0.00705146585594395,5.327850487255184e-24,1.4707917233151142e-06,0.9929467392379849,3.2411434852488107e-07,0.9929467392379849
2021-01-15,3,0.011389083648408795,5.267305245469813e-24,2.661615194042967e-05,0.9885831937970103,1.1064026398392032e-06,0.9885831937970103
2021-01-19,3,0.010484256104410302,2.495139460244203e-24,3.754798701564637e-06,0.9895112018691039,7.872277838466912e-07,0.9895112018691039
2021-01-20,3,0.006554490420283148,2.2210615626942853e-24,3.291475342573527e-06,0.9934414899610403,7.281433333091915e-07,0.9934414899610403
2021-01-21,3,0.0030598191981190816,8.46294856584976e-25,9.308177338738431e-07,0.9969389022169624,3.4776718386409706e-07,0.9969389022169624
2021-01-22,3,0.004256616364090329,5.62400959482111e-25,1.0338697626728033e-06,0.995741991915134,3.5785101355799827e-07,0.995741991915134
2021-01-25,3,0.004985034460408652,1.276173491778053e-25,4.837645799278185e-07,0.9950142622879399,2.1948707190208731e-07,0.9950142622879399
2021-01-26,3,0.00627821590318152,1.4382661063047553e-25,7.272544545784558e-07,0.9937207835011104,2.7334125410604904e-07,0.9937207835011104
2021-01-27,3,0.004359224622735123,1.960547087967986e-26,3.5692270580529806e-07,0.9956400550287942,3.634257644955813e-07,0.9956400550287942
2021-01-28,3,0.006113749775996377,1.3118393136181256e-25,6.028453981378859e-07,0.9938850343731521,6.130054536586302e-07,0.9938850343731521
2021-01-29,3,0.004587486059084509,4.114239518330992e-25,1.4168879502463295e-07,0.9954118918491678,4.804029517868113e-07,0.9954118918491678
2021-02-01,3,0.006085653582342145,1.3991708910423276e-25,1.0129220778377234e-06,0.9939115903278232,1.7431677565230045e-06,0.9939115903278232
2021-02-02,3,0.017285774899127197,2.842338513978004e-26,7.0204641093112695e-06,0.9826967149029774,1.0489733786549129e-05,0.9826967149029774
2021-02-03,3,0.028230551182834306,1.1209742403031523e-25,9.705974608001073e-07,0.9717578623502265,1.061586947850271e-05,0.9717578623502265
2021-02-04,3,0.056924090515392,2.945759936448686e-25,1.647930505536145e-05,0.9430493562470479,1.0073932504406336e-05,0.9430493562470479
2021-02-05,3,0.05879034802448554,8.66091196512346e-25,0.00020744592068005417,0.940995139059916,7.066994917716017e-06,0.940995139059916
2021-02-08,0,0.9683041980932219,1.6071909193773047e-25,0.012460008798944327,0.019235693597568267,9.951026545186576e-08,0.9683041980932219
2021-02-09,0,0.9340154432203502,9.082422855703592e-26,0.050258072577852086,0.015726425586202207,5.861559507993803e-08,0.9340154432203502
2021-02-10,0,0.8698327468974685,2.303028089910754e-26,0.11590863365166384,0.014258589058599707,3.039226730679763e-08,0.8698327468974685
2021-02-11,0,0.814559623006079,1.3222207857953064e-26,0.16632447126842775,0.019115888315713543,1.7409780248254684e-08,0.814559623006079
2021-02-12,0,0.8543637722705333,7.117817014881974e-26,0.1232342786085426,0.022401929510335355,1.9610588792056582e-08,0.8543637722705333
2021-02-16,0,0.8696353271413835,7.640101431633705e-25,0.010818365338872692,0.1195460972749771,2.102447662512815e-07,0.8696353271413835
2021-02-17,0,0.7041056410322046,1.3458276797176856e-24,0.00203831799693094,0.2938556563195746,3.846512906452887e-07,0.7041056410322046
2021-02-18,0,0.7453763181432456,1.6562741721445655e-24,0.00025429205571214804,0.25436928690306293,1.0289797914391232e-07,0.7453763181432456
2021-02-19,0,0.7678587204264727,6.304704141362317e-23,2.846838058443449e-05,0.23211269732210152,1.1387084055721778e-07,0.7678587204264727
2021-02-22,0,0.7097114578735517,8.161961435109872e-24,0.0029507064569486378,0.28733776857383986,6.70956601844356e-08,0.7097114578735517
2021-02-23,0,0.7373924770047632,8.255553324043577e-24,0.003600943076141303,0.25900652024735366,5.967174230887015e-08,0.7373924770047632
2021-02-24,0,0.6953110192268098,2.0886044273061295e-23,0.003268952975620604,0.3014199399056768,8.789189238946879e-08,0.6953110192268098
2021-02-25,3,0.44095880285092237,5.5636143294192305e-22,0.00234746976641611,0.5566934748550055,2.525276554342354e-07,0.5566934748550055
2021-02-26,2,0.2779116163442822,1.552403951753377e-22,0.5493774707442726,0.17271084748640927,6.542503555250395e-08,0.5493774707442726
2021-03-01,2,0.28166609253714736,1.3818163819063681e-22,0.5455691262894953,0.17276474391032048,3.7263036983743866e-08,0.5455691262894953
2021-03-02,0,0.6372968859143336,2.777617097087594e-21,0.0791832497972466,0.2835198489043088,1.53841102247511e-08,0.6372968859143336
2021-03-03,0,0.7426479215470533,7.642288298347224e-21,0.06792397275160773,0.18942809260372773,1.3097610979583605e-08,0.7426479215470533
2021-03-04,3,0.2969562614252715,4.466296778250893e-20,0.0015907456600251163,0.7014529691887225,2.372598021477146e-08,0.7014529691887225
2021-03-05,0,0.5795491118244526,3.7649918225213454e-20,0.0006700535794485368,0.4197808118863629,2.2709736602034403e-08,0.5795491118244526
2021-03-08,0,0.5048918221016858,2.3143242438650554e-19,0.0020554101712584524,0.4930527499463683,1.7780687446164485e-08,0.5048918221016858
2021-03-09,3,0.43763670879411115,7.731272877990283e-19,2.8903873347905777e-06,0.5623602323947449,1.684238086390211e-07,0.5623602323947449
2021-03-10,3,0.41829161250322583,3.1623409926797786e-19,1.2318712206307376e-06,0.5817070406123378,1.15013215842059e-07,0.5817070406123378
2021-03-11,3,0.47899814043332894,4.879592746457006e-19,7.438318301697153e-06,0.5209942426235435,1.786248254761719e-07,0.5209942426235435
2021-03-12,0,0.619431131463412,1.8742265884277267e-17,6.125776442948933e-06,0.38056237941719434,3.6334295099415646e-07,0.619431131463412
2021-03-15,0,0.7324383163040641,1.5649126998770288e-17,5.141814573083475e-06,0.267556034235597,5.076457649875286e-07,0.7324383163040641
2021-03-16,0,0.8714779046971262,3.2825960387977696e-17,1.5740603087919901e-06,0.1285203247424661,1.9650009855002246e-07,0.8714779046971262
2021-03-17,0,0.9570692931526362,4.2935149865450614e-17,1.8984017813291403e-05,0.04291151756330329,2.0526624711333208e-07,0.9570692931526362
2021-03-18,0,0.9858146756319849,4.119309938434914e-14,2.171694469571604e-08,0.014184129692264744,1.1729587641165682e-06,0.9858146756319849
2021-03-19,0,0.9864692543969575,2.3876945758168046e-14,6.190202356119363e-07,0.013528805112368774,1.3214704145729373e-06,0.9864692543969575
2021-03-22,0,0.9831652933695374,2.3353050318363634e-14,9.62581562712833e-10,0.01683280156056947,1.9041072873744976e-06,0.9831652933695374
2021-03-23,0,0.992927279498564,1.9156729674660708e-14,1.0011722426212908e-10,0.0070694264162009446,3.2939850985001663e-06,0.992927279498564
2021-03-24,0,0.991627712964807,4.489643278424607e-15,1.8424851050430613e-10,0.008367440728692695,4.8461222477089335e-06,0.991627712964807
2021-03-25,0,0.9919597751226086,9.98468216835828e-15,4.074291395146989e-11,0.008038626894224382,1.5979424150761504e-06,0.9919597751226086
2021-03-26,0,0.9908404580123124,1.489015320157012e-13,1.8565877958593263e-12,0.009151895828454208,7.646157227818168e-06,0.9908404580123124
2021-03-29,0,0.9967386439759507,3.776830761671515e-13,2.567395705750748e-13,0.0032289058926620565,3.24501307529051e-05,0.9967386439759507
2021-03-30,0,0.9890500224103373,1.5363215709075978e-13,2.4904569160975328e-11,0.010921729976276572,2.8247588328336395e-05,0.9890500224103373
2021-03-31,0,0.989967599642878,4.7852913966601e-13,2.8594369224422748e-12,0.01001616311922801,1.6237234555158127e-05,0.989967599642878
2021-04-01,0,0.998670614397161,8.768018932043408e-14,1.8166586443095376e-08,0.0013223502959144777,7.017140250063298e-06,0.998670614397161
2021-04-05,0,0.9993045564270989,1.9866157952139915e-13,2.507236448658503e-10,0.000683596635785421,1.1846686193139414e-05,0.9993045564270989
2021-04-06,0,0.998769210989753,9.672026546209601e-14,1.92811788188471e-09,0.0012205658026090214,1.022127942396355e-05,0.998769210989753
2021-04-07,0,0.9962487454497299,7.699929608985846e-14,1.9083559942256225e-08,0.003747050408495037,4.185058137348334e-06,0.9962487454497299
2021-04-08,0,0.9972877682290403,4.913117580104464e-14,2.2174475081960493e-08,0.0027093288376029054,2.880758833350435e-06,0.9972877682290403
2021-04-09,0,0.9976964559224287,6.801788484165541e-14,8.839907468780164e-09,0.0023016650310523808,1.8702065436958598e-06,0.9976964559224287
2021-04-12,0,0.9972831488421161,8.186917818214377e-14,4.8878337525756035e-09,0.0027139539870362104,2.892282932925434e-06,0.9972831488421161
2021-04-13,0,0.998331249506429,2.209142303877407e-14,3.002092545816209e-08,0.0016668921956577915,1.828276966319174e-06,0.998331249506429
2021-04-14,0,0.9895403318902619,6.745314602488293e-14,2.577281747122929e-09,0.010444869207005008,1.4796325383306567e-05,0.9895403318902619
2021-04-15,0,0.9958580312272386,4.343845044815443e-15,1.8073755333624346e-08,0.004125173234246314,1.6777464756261164e-05,0.9958580312272386
2021-04-16,0,0.9986107113677042,1.0294460675473067e-15,8.355853163972579e-06,0.0013788097942957981,2.1229848350438433e-06,0.9986107113677042
2021-04-19,0,0.9977070552423336,1.7700260054872118e-15,1.8512386222482637e-06,0.0022868810765007117,4.21244254178888e-06,0.9977070552423336
2021-04-20,0,0.9982132954607503,1.0707435919095523e-15,8.075442657819179e-07,0.0017812171412150259,4.679853768478639e-06,0.9982132954607503
2021-04-21,0,0.9903565762293396,1.0877632071911528e-15,1.4872593122675283e-07,0.009635959512341578,7.315532387281484e-06,0.9903565762293396
2021-04-22,0,0.9982766088221178,7.613347947714858e-16,1.148995366640565e-06,0.0017212256678777874,1.0165146368330995e-06,0.9982766088221178
2021-04-23,0,0.9942663798769084,5.906200425964299e-16,4.810422320644276e-07,0.00573056625264761,2.5728282105721176e-06,0.9942663798769084
2021-04-26,0,0.9933678269864685,6.762695062782967e-16,2.5051058040485403e-07,0.006630613926726547,1.308576223259528e-06,0.9933678269864685
2021-04-27,0,0.9891746027103664,2.834206121952186e-15,2.5762966402759036e-07,0.0108244558608104,6.837991566666515e-07,0.9891746027103664
2021-04-28,0,0.9808283382834414,3.418476776836584e-14,7.67660063353395e-12,0.019168488748697688,3.1729601496192977e-06,0.9808283382834414
2021-04-29,0,0.9941677609233325,8.221864042961238e-15,1.1705057481492028e-09,0.005827635045514708,4.60286063906261e-06,0.9941677609233325
2021-04-30,0,0.9892101032653453,1.1980449181983729e-14,3.6887912773497e-11,0.010789293707041856,6.02990713401723e-07,0.9892101032653453
2021-05-03,0,0.9900489898752511,5.718596390420695e-16,3.14856876546412e-08,0.009950697699312979,2.8093974711945124e-07,0.9900489898752511
2021-05-04,0,0.9927288322436373,7.354370602319002e-16,3.632758817078836e-09,0.007270415873497616,7.482501052374952e-07,0.9927288322436373
2021-05-05,0,0.9951614073713105,9.266908674768794e-16,2.0345067884728896e-09,0.004837822441687506,7.681524936973081e-07,0.9951614073713105
2021-05-06,0,0.9952565416053429,1.78610763919683e-15,1.81153403492701e-10,0.004742115104950641,1.3431085503869704e-06,0.9952565416053429
2021-05-07,0,0.9981353621701908,1.1910247557294218e-14,2.5807683078550156e-11,0.0018615719177398874,3.0658862491265583e-06,0.9981353621701908
2021-05-10,0,0.9956705057639926,2.616400211151881e-14,3.1066745248236886e-11,0.0043280933568427184,1.4008480724111323e-06,0.9956705057639926
2021-05-11,0,0.9945889710423453,3.8461648627869567e-14,6.444662327934637e-12,0.005409756695966288,1.2722552049839239e-06,0.9945889710423453
2021-05-12,0,0.997356512787552,4.601494257021994e-14,7.734930227823651e-10,0.0026387976210314294,4.688817877578795e-06,0.997356512787552
2021-05-13,0,0.9971947326951724,5.062360190097126e-14,7.300927295719316e-11,0.0028042816982886292,9.855334788378825e-07,0.9971947326951724
2021-05-14,0,0.9991121786953557,1.1219282172702445e-14,1.5723724701295354e-08,0.0008871306455200151,6.749353886251066e-07,0.9991121786953557
2021-05-17,0,0.9991434812409205,4.2185122859757014e-15,3.450878842904069e-06,0.0008525716736832499,4.962065496088529e-07,0.9991434812409205
2021-05-18,0,0.9991548685141316,2.148077645567441e-15,7.257524095159886e-06,0.0008371130987653816,7.608630060330572e-07,0.9991548685141316
2021-05-19,0,0.999140048521559,1.7468607324604e-14,2.028622441627749e-06,0.0008574721980283454,4.5065795370648686e-07,0.999140048521559
2021-05-20,0,0.9988053901233936,7.48491018837707e-15,1.5430098169193227e-06,0.0011926003756591776,4.6649112224599725e-07,0.9988053901233936
2021-05-21,0,0.9990093116813207,1.0212839879547881e-14,2.815505753965216e-07,0.0009896929780628786,7.137900316895909e-07,0.9990093116813207
2021-05-24,0,0.9993636161976039,8.029029607129904e-15,6.658246083515716e-07,0.0006348838463120179,8.341314673762091e-07,0.9993636161976039
2021-05-25,0,0.9994077098196295,2.9338751759746794e-15,1.891687743325861e-06,0.000589592783636367,8.05708988306441e-07,0.9994077098196295
2021-05-26,0,0.9994612671982038,3.0672447372516923e-15,4.346935245000135e-06,0.0005335378457398244,8.480208088273654e-07,0.9994612671982038
2021-05-27,0,0.9993437817885252,5.441300814096368e-15,9.940959341774013e-06,0.0006455675434725697,7.097086542372826e-07,0.9993437817885252
2021-05-28,0,0.9987423753481854,2.4424550517058407e-15,2.1719386903192385e-06,0.0012542531903410883,1.1995227806124897e-06,0.9987423753481854
2021-06-01,0,0.9987146948087021,1.5307415053827364e-14,3.5147953000488883e-08,0.0012842180539782973,1.0519893515681919e-06,0.9987146948087021
2021-06-02,0,0.9986990211375572,9.721124137460027e-15,1.1630108313691293e-06,0.0012988829581300747,9.328934722672417e-07,0.9986990211375572
2021-06-03,0,0.9983488283305983,1.3079844118515737e-15,3.5053282697576456e-06,0.0016473230813055123,3.43259824881656e-07,0.9983488283305983
2021-06-04,0,0.9986976696416057,5.703906643263902e-17,0.0006149889402841482,0.0006872054798880269,1.359382219614039e-07,0.9986976696416057
2021-06-07,0,0.9986762873516855,8.274648093336083e-17,0.00039477892122354166,0.000928827940734778,1.0578635661270471e-07,0.9986762873516855
2021-06-08,0,0.9989450334279748,2.6989437783796225e-17,0.0002509067002299025,0.0008039267842255932,1.3308756972214456e-07,0.9989450334279748
2021-06-09,0,0.9988961492323406,9.794460177305794e-18,0.00029000897185881187,0.0008137308810704525,1.1091472970809713e-07,0.9988961492323406
2021-06-10,0,0.9970061293477233,4.2266868626328774e-18,0.001536443499762448,0.001457382502714293,4.4649799806334534e-08,0.9970061293477233
2021-06-11,0,0.9949392583182303,7.106084857678838e-19,0.0028373741892308846,0.0022233274443704534,4.004816871279987e-08,0.9949392583182303
2021-06-14,0,0.9945372330746426,1.3729697982152495e-18,0.0003831911218715732,0.005079542497435278,3.330605015977618e-08,0.9945372330746426
2021-06-15,0,0.9948904960871917,1.190084540653832e-17,6.568310333363969e-06,0.005102813228004802,1.2237446924243988e-07,0.9948904960871917
2021-06-16,0,0.995164543084623,7.340480911620844e-17,1.4526985566720704e-05,0.004820776171142564,1.537586675097974e-07,0.995164543084623
2021-06-17,2,0.11707918866483005,1.3050427401153862e-22,0.820784572112231,0.06213617186894079,6.735399806136178e-08,0.820784572112231
2021-06-18,2,0.1455964955512072,6.3704915821248875e-24,0.8091455812179265,0.04525781154639479,1.116844707927103e-07,0.8091455812179265
2021-06-21,2,0.19970994376475726,2.0872174987208788e-23,0.7824814165559754,0.01780846100400607,1.786752618023436e-07,0.7824814165559754
2021-06-22,2,0.09864229680596913,2.3141679972312004e-24,0.8809502124731752,0.020407416440767632,7.428008747242642e-08,0.8809502124731752
2021-06-23,2,0.09998790608571115,3.117536312558158e-24,0.8835224978449615,0.01648951897887502,7.709045278386738e-08,0.8835224978449615
2021-06-24,2,0.12617096669233066,4.0587970494333776e-24,0.845286654741481,0.028542315084132373,6.348205575992653e-08,0.845286654741481
2021-06-25,2,0.1337257304707926,1.8370531580743205e-23,0.8402995201421914,0.025974683714171075,6.567284502283322e-08,0.8402995201421914
2021-06-28,2,0.10162687870637888,5.28515406224771e-24,0.8772972297577075,0.021075852005438468,3.953047515317619e-08,0.8772972297577075
2021-06-29,2,0.051355002427953565,1.6055147545417736e-24,0.9241064656724217,0.024538508097041143,2.3802584330511318e-08,0.9241064656724217
2021-06-30,2,0.02947202561629748,2.1090410760389886e-25,0.9553310831465311,0.015196865036958012,2.6200214164396864e-08,0.9553310831465311
2021-07-01,2,0.07661717804042859,1.660893947060024e-24,0.9144489729184698,0.008933825994279618,2.304682160172394e-08,0.9144489729184698
2021-07-02,2,0.08871782374252304,5.457927312347534e-25,0.8917898085956122,0.01949234324992661,2.4411938833617508e-08,0.8917898085956122
2021-07-06,2,0.15517510389679934,4.5427666185193306e-24,0.8268171798733709,0.01800760294467447,1.1328515599520707e-07,0.8268171798733709
2021-07-07,2,0.21779324095534192,5.9865249557418225e-24,0.755505386098155,0.02670119242218236,1.8052432157999224e-07,0.755505386098155
2021-07-08,2,0.21918877040525114,1.9995212189816593e-24,0.7566278146993084,0.024183222351049992,1.9254439018106655e-07,0.7566278146993084
2021-07-09,2,0.17064128758861166,1.3044572684613464e-23,0.8175736719722256,0.011784872608775572,1.6783038684641558e-07,0.8175736719722256
2021-07-12,2,0.19562481288813116,2.1990604182947e-23,0.7972179243759702,0.007157091594825945,1.7114107310242908e-07,0.7972179243759702
2021-07-13,2,0.23713842458691203,9.143661352835764e-23,0.7537708424400962,0.009090535919783418,1.9705320861538685e-07,0.7537708424400962
2021-07-14,0,0.5639276299612305,3.1394927862849827e-22,0.38201306214298025,0.05405869056949412,6.173262941945032e-07,0.5639276299612305
2021-07-15,0,0.750303522276673,2.0899307072191438e-22,0.18918313739319875,0.06051281618602939,5.241440982492382e-07,0.750303522276673
2021-07-16,0,0.9976026079370188,8.100253862419772e-19,2.7444262147677646e-06,0.0023937710288252576,8.766079404337324e-07,0.9976026079370188
2021-07-19,0,0.9979356815097832,3.1544901214022457e-19,1.1093743500471673e-07,0.0020619596431738995,2.247909608394458e-06,0.9979356815097832
2021-07-20,0,0.9719714159317573,1.8412203187533636e-18,4.984606151490321e-11,0.028025201010898098,3.383007499035893e-06,0.9719714159317573
2021-07-21,0,0.9617279458838357,7.424460111087862e-17,2.2454805643562591e-13,0.03826962988549367,2.424230445822403e-06,0.9617279458838357
2021-07-22,0,0.9519927541164301,4.936474510146636e-17,2.7232644989831846e-13,0.04800357247818395,3.6734051136551182e-06,0.9519927541164301
2021-07-23,0,0.9607704742621787,9.929371841187505e-17,4.3296134821220413e-13,0.03922567667362549,3.849063762336037e-06,0.9607704742621787
2021-07-26,0,0.9468868286911983,7.318301934320743e-17,7.757469879003515e-14,0.05310894851199315,4.222796731011896e-06,0.9468868286911983
2021-07-27,0,0.942424604813406,1.7314738281398865e-17,1.8781980047015745e-13,0.0575711899395818,4.205246824131784e-06,0.942424604813406
2021-07-28,0,0.8876588736372207,1.1962614449950973e-16,6.627835061547204e-15,0.11233309274791563,8.033614856156189e-06,0.8876588736372207
2021-07-29,0,0.997979779205308,8.855358286141358e-18,1.1088550947984529e-07,0.0020192504941141678,8.594150677038275e-07,0.997979779205308
2021-07-30,0,0.9986676259567686,2.1118892744082814e-18,1.565316207057623e-07,0.0013319389742478085,2.7853736293287843e-07,0.9986676259567686
2021-08-02,0,0.9974722045602686,9.382167883767582e-19,3.914427814106873e-09,0.002527369064391188,4.224609126019986e-07,0.9974722045602686
2021-08-03,0,0.9980042164049787,2.7205116485157627e-19,6.451355440257099e-08,0.0019955346590688036,1.8442239820030174e-07,0.9980042164049787
2021-08-04,0,0.9981446470013013,5.026657015960025e-19,4.1709984563239636e-08,0.0018551104193383662,2.0086937498559896e-07,0.9981446470013013
2021-08-05,0,0.9977956061318323,1.2925103664304072e-18,1.867933489561737e-08,0.0022042070311558797,1.6815767776833894e-07,0.9977956061318323
2021-08-06,0,0.9896440794516782,1.4505101415176792e-18,1.0384456026220036e-08,0.010355893215450128,1.694841591012061e-08,0.9896440794516782
2021-08-09,0,0.9856806138998956,7.853712834301133e-19,1.0609769860291522e-07,0.014319170018390621,1.0998401465584215e-07,0.9856806138998956
2021-08-10,0,0.9931723102016576,2.479606654547267e-18,1.625978356518945e-07,0.006827486241367096,4.0959139306693826e-08,0.9931723102016576
2021-08-11,0,0.9973777112393444,5.439043581790918e-19,0.00012022646966862875,0.0025020290446802237,3.3246306788046986e-08,0.9973777112393444
2021-08-12,0,0.9971604751737787,8.460882617960383e-19,0.0002333881678626658,0.0026061172429893,1.9415369159173148e-08,0.9971604751737787
2021-08-13,0,0.9968638381609419,1.072796174670529e-19,1.7417370642666955e-05,0.0031187310531761462,1.3415239010911175e-08,0.9968638381609419
2021-08-16,0,0.9876625765116968,8.643157520236004e-22,0.004632223480474876,0.007705195155965433,4.851862092416634e-09,0.9876625765116968
2021-08-17,0,0.9840805528986507,1.3934902418257828e-21,0.009427200478879473,0.006492236517666176,1.0104803229976501e-08,0.9840805528986507
2021-08-18,0,0.9628231190297919,1.304637243802854e-22,0.024576736904609067,0.012600126502346563,1.7563252601628743e-08,0.9628231190297919
2021-08-19,0,0.951456494352082,1.0294754276258794e-22,0.03600321621783519,0.012540209557219862,7.98728621915825e-08,0.951456494352082
2021-08-20,0,0.96381578061848,2.110306679051738e-22,0.017612469513482873,0.018571574220997228,1.7564703968301983e-07,0.96381578061848
2021-08-23,0,0.9335979859855169,1.1419836021367224e-21,0.06585414168667761,0.0005478135303977991,5.879740723998054e-08,0.9335979859855169
2021-08-24,0,0.9544492881033775,6.597384363766333e-21,0.045175730312359066,0.0003749457831471206,3.5801116936289753e-08,0.9544492881033775
2021-08-25,0,0.9695305675111568,4.835695468326819e-20,0.029704835199723528,0.000764539057834004,5.82312858227852e-08,0.9695305675111568
2021-08-26,0,0.9927761018701492,1.1302457787898466e-19,0.005405038303797137,0.0018188072405434597,5.25855104449266e-08,0.9927761018701492
2021-08-27,0,0.9583390882502043,2.2711411684274062e-20,0.041358593496917465,0.00030224569204465555,7.256083423231255e-08,0.9583390882502043
2021-08-30,0,0.7087056888753785,2.6693736312051122e-21,0.2911490971948645,0.00014517756735950307,3.6362397225939444e-08,0.7087056888753785
2021-08-31,0,0.7504246369472299,6.293796894751867e-21,0.24944573697217162,0.00012958178374994505,4.429684785153022e-08,0.7504246369472299
2021-09-01,2,0.4839125663011826,8.928854818961688e-22,0.5159870545068129,0.00010035998921461326,1.9202790145442855e-08,0.5159870545068129
2021-09-02,2,0.48695933885971515,8.933161581485315e-22,0.5129499509423988,9.068631029627589e-05,2.3887589812433785e-08,0.5129499509423988
2021-09-03,0,0.6107998962236851,1.2024731915729796e-20,0.38918477482557595,1.527714997830419e-05,5.180076020777363e-08,0.6107998962236851
2021-09-07,0,0.8227731470617117,1.6757330934591046e-19,0.17721781965658176,8.975603318230347e-06,5.7678388971040477e-08,0.8227731470617117
2021-09-08,0,0.8914172789919657,6.814495369320287e-20,0.1085668687638611,1.579570304758583e-05,5.654112608261974e-08,0.8914172789919657
2021-09-09,0,0.9837338517593721,6.151541543069426e-20,0.016215083063251378,5.1014447888630646e-05,5.0729488133150714e-08,0.9837338517593721
2021-09-10,0,0.9976159653077891,3.6463221885494323e-19,0.0023313641707644133,5.262021657344947e-05,5.030487364160683e-08,0.9976159653077891
2021-09-13,0,0.9763895538845115,1.4344432744678184e-19,0.02357316426599197,3.724465616144417e-05,3.7193335639301146e-08,0.9763895538845115
2021-09-14,0,0.9103031098182234,1.4152386015110375e-20,0.08967320836603572,2.365680371978645e-05,2.5012021963744965e-08,0.9103031098182234
2021-09-15,0,0.987696885715674,1.0285934604050926e-19,0.012178584195889174,0.00012447944735067052,5.064108606434226e-08,0.987696885715674
2021-09-16,0,0.9923638185089637,4.552372642230875e-20,0.007264203557798179,0.00037191688922595233,6.104401181019871e-08,0.9923638185089637
2021-09-17,0,0.9871476069056657,4.245089112301582e-20,0.012261637894610235,0.0005907131711164338,4.202860797295461e-08,0.9871476069056657
2021-09-20,0,0.9909579024934608,2.6794318623082896e-20,0.006397084753887181,0.0026449411023214023,7.165032980587237e-08,0.9909579024934608
2021-09-21,0,0.983901517927646,5.1746282306151924e-20,4.616873301782422e-05,0.016052260006294727,5.333304065704142e-08,0.983901517927646
2021-09-22,0,0.981703014486133,3.829729689949688e-20,3.6139427790710225e-05,0.0182607914525868,5.463349040484641e-08,0.981703014486133
2021-09-23,0,0.9447396077826548,2.0649292023343516e-19,3.8142746403827656e-05,0.055222018374446534,2.3109649530511113e-07,0.9447396077826548
2021-09-24,0,0.9502309223840082,3.167116105670895e-19,0.00010160516115859468,0.04966710724533997,3.6520949333502264e-07,0.9502309223840082
2021-09-27,0,0.9151334946329057,1.0086698976124085e-18,2.355058431360799e-06,0.08486382631223133,3.239964316457296e-07,0.9151334946329057
2021-09-28,0,0.9189111573985782,4.6934803293819124e-18,4.784175332021751e-06,0.08108349735133699,5.610747522037048e-07,0.9189111573985782
2021-09-29,0,0.8919856486529925,3.147052775605461e-18,4.7032401582026394e-05,0.1079665663228745,7.526225510273426e-07,0.8919856486529925
2021-09-30,0,0.8657237598990257,1.7067200549769327e-18,0.0001832085561422818,0.13409218345556156,8.480892712817071e-07,0.8657237598990257
2021-10-01,0,0.8974816524719003,3.440173448915909e-19,0.0002679931221586774,0.10224982564381561,5.28762125894208e-07,0.8974816524719003
2021-10-04,0,0.9078080213293294,9.396010659970916e-20,0.004128607051408345,0.08806270348483657,6.681344265580192e-07,0.9078080213293294
2021-10-05,0,0.8763959732789895,7.164513345666141e-19,2.4181639231049825e-05,0.12357946547762653,3.7960415352507103e-07,0.8763959732789895
2021-10-06,0,0.8877052042912126,2.2541427324505313e-18,1.0185971356869412e-05,0.11228437634020902,2.3339722141246867e-07,0.8877052042912126
2021-10-07,0,0.7494146352631006,2.2678909896735945e-18,1.4077395130915825e-05,0.2505705387700446,7.485717239185484e-07,0.7494146352631006
2021-10-08,0,0.7752897837212678,4.726051785439396e-18,1.5860386209324226e-05,0.22469379511347812,5.607790439028738e-07,0.7752897837212678
2021-10-11,0,0.7748083781312246,5.497931470370098e-18,1.5455113252119336e-05,0.22517555904501874,6.077105050255837e-07,0.7748083781312246
2021-10-12,0,0.760084877159779,1.6890189987218167e-18,1.1515599135987924e-05,0.23990293852308497,6.687179998859245e-07,0.760084877159779
2021-10-13,0,0.9462142423863693,1.228594101074651e-18,0.0006853356501163277,0.053100212343537324,2.0961997690878582e-07,0.9462142423863693
2021-10-14,0,0.9703550739911203,1.888962360570261e-18,4.3621016896404334e-05,0.029601258769358443,4.622262493256175e-08,0.9703550739911203
2021-10-15,0,0.8948522194493045,3.2899964999207688e-18,6.465566634888016e-06,0.10514114297835099,1.7200571019926304e-07,0.8948522194493045
2021-10-18,0,0.9031230057268507,3.4755370084029038e-19,5.011438097294849e-05,0.09682636321072319,5.166814533892066e-07,0.9031230057268507
2021-10-19,0,0.9050289329284641,1.1033988642386463e-18,5.410921319461512e-05,0.09491639111031866,5.667480233897589e-07,0.9050289329284641
2021-10-20,0,0.8744118032895001,1.3979836844787939e-18,7.672813679403752e-05,0.12551100802387974,4.605498268600779e-07,0.8744118032895001
2021-10-21,0,0.9847036464320771,2.5257657889247232e-17,0.00287014151798297,0.012426085502185998,1.2654775437699045e-07,0.9847036464320771
2021-10-22,0,0.9821095283666574,1.3966367456860854e-17,0.006732734524739002,0.011157609698511532,1.2741009197931645e-07,0.9821095283666574
2021-10-25,0,0.9820008304944117,8.639326795253824e-18,0.006403517381927294,0.011595505724582568,1.463990776914788e-07,0.9820008304944117
2021-10-26,0,0.9667151118474505,7.904600482577142e-18,0.0018118906951254748,0.03147294178499792,5.5672426657208636e-08,0.9667151118474505
2021-10-27,0,0.9832474807958719,2.849802165568149e-18,0.0003118419811453002,0.01644065866261335,1.85603697899701e-08,0.9832474807958719
2021-10-28,0,0.990889642857902,8.499707216322207e-18,0.00013414828695054864,0.008976190199515333,1.865563245915165e-08,0.990889642857902
2021-10-29,0,0.9880584817310685,3.627696458943222e-18,4.3748763113916013e-05,0.011897755889914624,1.3615902774463027e-08,0.9880584817310685
2021-11-01,0,0.9860602088840731,6.802981756131583e-18,5.854522929451112e-06,0.013933913592617607,2.300037980435336e-08,0.9860602088840731
2021-11-02,0,0.9868262577060296,2.4354353605195452e-18,3.462565401861302e-05,0.013139087493082091,2.914686963539229e-08,0.9868262577060296
2021-11-03,0,0.9744604559132131,1.3397050394895423e-19,0.0018894824759820884,0.023650030561759173,3.1049045425143214e-08,0.9744604559132131
2021-11-04,0,0.9704263441321755,1.698111076601518e-18,8.660951663211634e-06,0.02956490912033078,8.579583064068476e-08,0.9704263441321755
2021-11-05,0,0.9691524862703491,1.0092793605367201e-19,8.961635488258673e-05,0.03075781803925992,7.933550837321597e-08,0.9691524862703491
2021-11-08,0,0.9737011866468468,3.4266005989807005e-19,0.00016979093417628018,0.02612897467002994,4.774894663723836e-08,0.9737011866468468
2021-11-09,0,0.973575608165349,8.422648882501726e-20,0.00018089338519235943,0.026243444420165678,5.402929287600804e-08,0.973575608165349
2021-11-10,0,0.7878943659501275,2.65298905520518e-17,2.8477290490532944e-10,0.21210562670736882,7.057730893224973e-09,0.7878943659501275
2021-11-11,0,0.7289948128634931,2.4779612958632885e-17,7.115966456533584e-11,0.27100517987047756,7.194869522548587e-09,0.7289948128634931
2021-11-12,0,0.8657596442720117,7.284533630449999e-17,1.8727020809951301e-10,0.13424035094087947,4.599837870537294e-09,0.8657596442720117
2021-11-15,0,0.8837708221060795,2.2352530286710925e-16,4.885008259419526e-10,0.11622917244249449,4.962924160416438e-09,0.8837708221060795
2021-11-16,0,0.9395034361360164,2.302937665162552e-16,1.0545754241115098e-08,0.06049654779538929,5.522839980400947e-09,0.9395034361360164
2021-11-17,0,0.889600416753636,5.223285204421869e-16,3.0038465044835716e-10,0.11039957993596014,3.0100180966961655e-09,0.889600416753636
2021-11-18,0,0.8198594943595646,3.180381348285662e-16,3.608073321041334e-11,0.18014050122787584,4.376478184228024e-09,0.8198594943595646
2021-11-19,0,0.8378085308731478,1.220314676630205e-16,2.7774212318800523e-11,0.16219146069885418,8.400224309147108e-09,0.8378085308731478
2021-11-22,0,0.7897001853019762,1.1850995690235513e-15,1.7005968466998444e-09,0.21029928934113937,5.236562866250845e-07,0.7897001853019762
2021-11-23,0,0.6086430507666618,4.853574351946369e-15,1.7098206124755123e-10,0.39135631925871567,6.298036354189367e-07,0.6086430507666618
2021-11-24,0,0.631494316995554,1.3914931758848796e-15,6.83293324184888e-10,0.3685050240206265,6.583005247834346e-07,0.631494316995554
2021-11-26,3,0.0011059097814714132,3.885843053237306e-17,5.8534837599672554e-30,0.9987581545330384,0.00013593568549086907,0.9987581545330384
2021-11-29,3,0.0003522797214595532,5.72815188314059e-17,1.4866387023642258e-31,0.9995562878418759,9.143243666448425e-05,0.9995562878418759
2021-11-30,3,3.035044716861297e-05,1.6592402155946024e-18,1.8171241969948315e-37,0.9997196438166213,0.000250005736210836,0.9997196438166213
2021-12-01,3,2.540197092953529e-05,1.3126449347257955e-18,1.6773256091108563e-37,0.9998026779827206,0.00017192004634971356,0.9998026779827206
2021-12-02,3,0.00013479281651096648,8.165297763515964e-18,1.370369662333235e-35,0.9997557045760148,0.00010950260747487173,0.9997557045760148
2021-12-03,3,0.000753844266861128,7.39569737612244e-19,4.6680773963035316e-32,0.9991766604704765,6.94952626623589e-05,0.9991766604704765
2021-12-06,3,0.0004084655981152884,1.0410014575268113e-17,6.13895302059897e-36,0.9994606594522993,0.00013087494958454187,0.9994606594522993
2021-12-07,3,0.00010622433122845005,7.313587823460578e-18,1.4095372030697339e-37,0.9995094284971373,0.0003843471716341538,0.9995094284971373
2021-12-08,3,0.00023270581977549634,4.545929044644869e-17,2.2437687620052932e-37,0.9993439655403616,0.0004233286398632157,0.9993439655403616
2021-12-09,3,0.0010820316048534811,2.547942389457009e-17,2.758970960241878e-35,0.998383230366496,0.0005347380286507819,0.998383230366496
2021-12-10,3,0.00361987201423112,5.711879555131699e-17,7.321276002382813e-34,0.9960499071117564,0.0003302208740122546,0.9960499071117564
2021-12-13,3,0.0025013232955008002,8.643817299173822e-18,1.289740748514667e-33,0.9972875021976991,0.00021117450680078106,0.9972875021976991
2021-12-14,3,0.003114875798397251,1.4321093991254827e-17,1.722371058292121e-33,0.9966021803844729,0.00028294381713002013,0.9966021803844729
2021-12-15,3,0.0023347870737051744,2.1734244451026874e-17,7.76621084973727e-34,0.9973574000095898,0.0003078129167044685,0.9973574000095898
2021-12-16,3,0.005312312918086151,9.90925453034825e-19,5.59878562038307e-27,0.9946497199860033,3.79670959114743e-05,0.9946497199860033
2021-12-17,3,0.0061632433856152495,1.3588811507547991e-18,1.4984770073176164e-27,0.9937724989128496,6.425770153546735e-05,0.9937724989128496
2021-12-20,3,0.0020865282701568733,5.972075620670378e-19,1.4754051056101337e-29,0.997843462729178,7.000900066480964e-05,0.997843462729178
2021-12-21,3,0.00040679892000751645,1.9987305501950574e-18,5.215562961886661e-31,0.9995699916358075,2.320944418579576e-05,0.9995699916358075
2021-12-22,3,0.0016260124558792855,1.6299492407296374e-18,1.642685112989967e-27,0.9983579608273164,1.6026716804689666e-05,0.9983579608273164
2021-12-23,3,0.0013317897651130117,2.3242657361667002e-18,3.1388125080645403e-27,0.9986496795541853,1.8530680702044113e-05,0.9986496795541853
2021-12-27,0,0.9182039685762378,9.567472000497168e-18,5.088813972668991e-06,0.08179067992377528,2.626860135807013e-07,0.9182039685762378
2021-12-28,0,0.960660255065189,1.0696600716508027e-17,1.0883791176530544e-05,0.03932869099330333,1.701503316553813e-07,0.960660255065189
2021-12-29,0,0.962556233369406,3.6732474694314556e-17,0.002505596909238411,0.03493806352114882,1.0620020656706764e-07,0.962556233369406
2021-12-30,0,0.9619216975376004,8.731610145847912e-18,0.004356658314460194,0.033721508705412635,1.3544252685237138e-07,0.9619216975376004
2021-12-31,0,0.9861316109631462,4.86124070814728e-17,0.0012643218549730738,0.012604007860129931,5.9321750488735555e-08,0.9861316109631462
2022-01-03,0,0.988023066224025,3.4008357771619714e-16,0.0011361189796416818,0.010840768974302672,4.582202998854657e-08,0.988023066224025
2022-01-04,0,0.9776336729754181,2.8283694034583873e-16,0.019554351100364666,0.002811956047287893,1.987692861262184e-08,0.9776336729754181
2022-01-05,0,0.9570374448667877,6.465072394100619e-16,0.04011432730821329,0.002848219704102602,8.120896029364403e-09,0.9570374448667877
2022-01-06,0,0.983219828256238,2.7510073870043265e-15,0.0033877396689289776,0.013392371784163153,6.029066674969482e-08,0.983219828256238
2022-01-07,0,0.981010796193613,4.53257375910309e-15,0.0004989816361198531,0.01849016957304483,5.2597217839935775e-08,0.981010796193613
2022-01-10,0,0.9797295893358294,8.991358497199941e-15,0.00034465890495697873,0.019925719353291224,3.2405913581155686e-08,0.9797295893358294
2022-01-11,0,0.9742757960005343,2.2198288651944347e-15,0.007268772799827146,0.018455347520931094,8.36787051001499e-08,0.9742757960005343
2022-01-12,0,0.9604198148950254,1.7285916574989588e-15,0.006563318138829395,0.03301675855453208,1.0841161196450235e-07,0.9604198148950254
2022-01-13,0,0.9801540491854849,1.0323921564096317e-15,0.003962261661381211,0.01588348605188027,2.0310125281027124e-07,0.9801540491854849
2022-01-14,0,0.979776286715418,8.724179222154062e-15,5.234764469100061e-05,0.02017099312441964,3.725154624617606e-07,0.979776286715418
2022-01-18,0,0.9633215586811238,1.3282686138820188e-14,3.255769588095271e-05,0.036645091006111415,7.926168705963741e-07,0.9633215586811238
2022-01-19,0,0.9335560763012487,7.570003957542547e-16,0.0001064461544677717,0.06633564365099834,1.8338932836160113e-06,0.9335560763012487
2022-01-20,0,0.9758967019056425,4.725330697798685e-16,0.0009455159182720866,0.02315723544224338,5.46733841365015e-07,0.9758967019056425
2022-01-21,0,0.97334827071735,5.009600467419156e-17,0.00042451841843441833,0.026226971567926045,2.3929628960713725e-07,0.97334827071735
2022-01-24,0,0.9826979672649829,3.3156737455157893e-16,8.384228273583925e-05,0.017218031906660523,1.5854562075335713e-07,0.9826979672649829
2022-01-25,0,0.9838697633117993,7.879828714164282e-16,0.0002973691509893139,0.01583266267923552,2.048579749409564e-07,0.9838697633117993
2022-01-26,0,0.9635805399534695,4.713371934613182e-15,4.2761891881003356e-05,0.036376311388608876,3.867660358558296e-07,0.9635805399534695
2022-01-27,0,0.9333421848968191,7.28128462543911e-16,0.0011491104769323164,0.06550862090890473,8.371734336692329e-08,0.9333421848968191
2022-01-28,0,0.925542704796771,3.434460258680523e-16,0.0013591769367604593,0.07309805495819316,6.330827417007105e-08,0.925542704796771
2022-01-31,0,0.8799932684488276,4.5024577689990725e-17,0.06495833971052475,0.055048286020093436,1.058205549812058e-07,0.8799932684488276
2022-02-01,0,0.9172875448201543,8.286843685228745e-17,0.06612686806441043,0.016585497601837026,8.951359835363075e-08,0.9172875448201543
2022-02-02,0,0.9454683568787128,4.7232022940819694e-17,0.03764242595410002,0.016889162628073596,5.4539113760833616e-08,0.9454683568787128
2022-02-03,0,0.9519954037027454,3.975228660887524e-16,0.030124618723788736,0.017879765508641537,2.1206482423559058e-07,0.9519954037027454
2022-02-04,0,0.884171199434935,2.222458477539662e-15,0.11240055136288017,0.003428214461851214,3.474033112756337e-08,0.884171199434935
2022-02-07,0,0.8890571731574874,3.3930976974734535e-15,0.10820113914997319,0.0027416359110134735,5.1781522559306516e-08,0.8890571731574874
2022-02-08,0,0.9442106787216645,2.974943316053372e-14,0.0534075849068453,0.0023816544519352713,8.191952525605186e-08,0.9442106787216645
2022-02-09,0,0.9903258216865772,2.859266129083625e-14,0.005718653293043077,0.003955459247152993,6.577319842560488e-08,0.9903258216865772
2022-02-10,0,0.9925283600118346,3.363642702877031e-13,0.0019528768673705665,0.005518696247117681,6.687334043366112e-08,0.9925283600118346
2022-02-11,0,0.9880864637961289,5.093175045441897e-14,0.0007341464042207377,0.011179304662280742,8.513731861013189e-08,0.9880864637961289
2022-02-14,0,0.9851331603498247,5.3612119421234995e-14,0.002710861996610086,0.01215570480432094,2.7284919043283705e-07,0.9851331603498247
2022-02-15,0,0.963697925215135,2.329160951376894e-13,7.096526048269895e-05,0.036230937496927844,1.7202722145484197e-07,0.963697925215135
2022-02-16,0,0.9763174079789174,3.200774652862153e-13,4.377454787570497e-05,0.023638649858320898,1.6761456597133955e-07,0.9763174079789174
2022-02-17,0,0.9523132794270084,4.648722859307424e-13,2.857421435131808e-06,0.04768363575797474,2.2739311640715045e-07,0.9523132794270084
2022-02-18,0,0.9620646503716658,1.964399588306353e-13,8.15873817590046e-06,0.03792711224178819,7.864817361758945e-08,0.9620646503716658
2022-02-22,0,0.9568708427007752,7.01352321577775e-14,3.176403981197948e-05,0.043097291437550374,1.0182179222092768e-07,0.9568708427007752
2022-02-23,0,0.9715840976698091,1.8218439801108378e-13,2.1573287445731983e-05,0.028394267154121973,6.188844117028497e-08,0.9715840976698091
2022-02-24,0,0.9319274435821554,1.2926751932508442e-13,8.377036105767066e-08,0.06807240541123694,6.723611809114653e-08,0.9319274435821554
2022-02-25,3,0.03959921391465463,2.7938409314835196e-14,6.851870538479506e-23,0.9604007664239873,1.9661329669833604e-08,0.9604007664239873
2022-02-28,3,0.006710503365388404,2.752041282644063e-16,2.3505549954112443e-24,0.9932894592806198,3.73539917946311e-08,0.9932894592806198
2022-03-01,3,7.685463415943334e-08,4.435139562224647e-22,1.3095763854339456e-39,0.9999998949307367,2.8214629302700825e-08,0.9999998949307367
2022-03-02,3,3.8346011320121556e-09,1.0729693668740347e-21,6.767991658449878e-38,0.9999998054318635,1.9073353526769462e-07,0.9999998054318635
2022-03-03,3,1.5858705616489405e-09,9.754630316332296e-22,1.1331469272200681e-39,0.9999999643940398,3.402009075323765e-08,0.9999999643940398
2022-03-04,3,1.043704788013208e-12,3.9157173735122e-26,9.150858530699763e-47,0.9999998620753476,1.379236076856347e-07,0.9999998620753476
2022-03-07,3,1.4230746805812946e-13,2.0597536354335456e-26,1.5631779900741732e-48,0.9999998945907704,1.0540908550025265e-07,0.9999998945907704
2022-03-08,3,3.9687506961635623e-13,3.874297736338458e-25,2.2502368503764222e-40,0.9999944279680035,5.572031600688693e-06,0.9999944279680035
2022-03-09,3,4.900275743418754e-23,1.3797343180982897e-32,6.489973832943431e-68,0.9999997333431843,2.666568158970895e-07,0.9999997333431843
2022-03-10,3,1.0589669750657183e-22,3.877398376352833e-31,1.3989905740414131e-67,0.999999870258145,1.2974185380277491e-07,0.999999870258145
2022-03-11,3,1.2160294987572952e-22,6.786173983241703e-32,5.0258394778655026e-64,0.9999995685330674,4.314669330593863e-07,0.9999995685330674
2022-03-14,3,7.261278009204655e-23,1.2211151506329862e-29,6.516436302956354e-68,0.9999999300261482,6.997385114676509e-08,0.9999999300261482
2022-03-15,3,1.0281501651177008e-22,5.958941006135306e-29,6.705555173684108e-71,0.9999999432601265,5.6739875009291204e-08,0.9999999432601265
2022-03-16,3,1.080504815657459e-22,6.99337349413447e-29,1.8499930944385554e-69,0.9999999278022241,7.219777520464622e-08,0.9999999278022241
2022-03-17,3,1.39386315196645e-24,4.496671147987511e-32,1.6283246002801612e-67,0.9999995321488939,4.6785110511310154e-07,0.9999995321488939
2022-03-18,3,6.799597111652311e-25,4.461397180099692e-34,7.000952822858035e-68,0.9999990564021541,9.435978445528962e-07,0.9999990564021541
2022-03-21,3,5.325127098396838e-28,8.45320953715534e-37,1.8568104062837305e-70,0.9999971705508902,2.829449108560504e-06,0.9999971705508902
2022-03-22,3,7.200512344763354e-28,5.7880583038462656e-36,4.1927738833247334e-71,0.9999978378830289,2.16211697040883e-06,0.9999978378830289
2022-03-23,3,1.077084760852231e-28,1.3362435650759267e-37,5.419352449154212e-71,0.999996727289355,3.272710643461976e-06,0.999996727289355
2022-03-24,3,2.714639207221541e-28,1.9323548993600736e-36,2.2446424239361776e-71,0.9999948874362184,5.112563782751931e-06,0.9999948874362184
2022-03-25,3,1.1589154853957268e-27,6.38622852936572e-35,1.3061399454847328e-69,0.9999967588935,3.2411064999307115e-06,0.9999967588935
2022-03-28,3,2.816037009934619e-26,8.34437165934063e-33,1.8747650762877693e-71,0.9999989203230764,1.0796769239724386e-06,0.9999989203230764
2022-03-29,3,1.3003177375692982e-21,2.828481402670793e-28,1.8835869596231973e-66,0.9999973543739744,2.6456260259582877e-06,0.9999973543739744
2022-03-30,3,7.28582207551088e-19,1.495199478837799e-25,7.121068870522916e-60,0.9999990689659093,9.310340904141823e-07,0.9999990689659093
2022-03-31,3,4.743816800595311e-19,9.40302359152009e-26,8.278358246396993e-62,0.9999981629458271,1.837054173055384e-06,0.9999981629458271
2022-04-01,3,2.3854484708422454e-14,2.0403035779147484e-20,2.9537673751759805e-51,0.9999794374981883,2.0562501787513403e-05,0.9999794374981883
2022-04-04,3,2.1178153788346272e-13,5.670093270018668e-20,2.3726255670179908e-49,0.9999085218935376,9.147810625123233e-05,0.9999085218935376
2022-04-05,3,4.4803987994645606e-13,2.3406905177151106e-18,1.6723435901068798e-54,0.9999665696712365,3.343032831580736e-05,0.9999665696712365
2022-04-06,3,3.7265898216164865e-06,1.2458629495037644e-11,3.64798229764293e-30,0.9998886643550202,0.00010760904270024706,0.9998886643550202
2022-04-07,3,3.5549930060261294e-06,2.2357151923381082e-11,1.5896642500573127e-28,0.9999214184226715,7.502656196558436e-05,0.9999214184226715
2022-04-08,3,2.950828447261131e-06,4.81684932760562e-11,5.392132797333436e-29,0.9999743014423319,2.274768105154005e-05,0.9999743014423319
2022-04-11,3,3.7552965502827056e-06,3.298528513622277e-10,1.5816701311184877e-27,0.9999885877912579,7.656582339625205e-06,0.9999885877912579
2022-04-12,3,6.668196156249922e-08,1.1722863018891724e-12,2.183333297630849e-28,0.99999185842147,8.074895396868129e-06,0.99999185842147
2022-04-13,3,4.345656448755925e-06,1.600150588431328e-11,8.82847577803187e-21,0.9995713843809608,0.00042426994658942106,0.9995713843809608
2022-04-14,3,8.50311948296804e-06,1.3023642596909564e-09,4.213098906418395e-25,0.9999617188778175,2.977670033533736e-05,0.9999617188778175
2022-04-18,3,1.1807242341082195e-05,3.29687766483371e-09,2.691878643650129e-26,0.999955608568326,3.258089245578458e-05,0.999955608568326
2022-04-19,3,0.000473810423086717,2.688623125700249e-07,9.628551958336125e-25,0.9995180905136811,7.830200919749359e-06,0.9995180905136811
2022-04-20,3,0.00040153417845973304,8.621182180046551e-08,5.849293413062686e-25,0.9995912657104162,7.1138993026013044e-06,0.9995912657104162
2022-04-21,3,0.001484825308388408,7.243263648471036e-07,9.529714019933564e-25,0.998494685105641,1.976525960622192e-05,0.998494685105641
2022-04-22,3,0.007187673429827435,1.1531852902302795e-06,4.241447161368681e-22,0.9927738513576393,3.732202724385902e-05,0.9927738513576393
2022-04-25,3,0.03034820958451137,1.3400866248136796e-06,5.081300845267828e-19,0.9695346214294221,0.00011582889944203774,0.9695346214294221
2022-04-26,3,0.006809861157172478,1.3024389631799558e-07,1.0523608763369863e-17,0.9931685071472105,2.1501451721244353e-05,0.9931685071472105
2022-04-27,3,0.25115909201704517,8.168534836528937e-06,7.26387601175733e-11,0.7487878155427101,4.4923832769017194e-05,0.7487878155427101
2022-04-28,3,0.011348606725064948,1.0562342403237045e-06,5.280915974179362e-17,0.9886291276485144,2.1209392180307418e-05,0.9886291276485144
2022-04-29,3,0.05938783611088156,1.1260561314009535e-06,4.3218981612651534e-11,0.9406103529363795,6.848533882587162e-07,0.9406103529363795
2022-05-02,3,0.056665885197552966,1.135365691648083e-05,4.592907654797441e-09,0.9433197962682818,2.960284340533071e-06,0.9433197962682818
2022-05-03,3,0.24071105670434653,4.822418700780384e-05,1.3740010190365523e-09,0.7592375745853257,3.1431493188505333e-06,0.7592375745853257
2022-05-04,3,0.08661989227937592,1.2382708689334965e-05,1.837888962592793e-08,0.9133429902639076,2.471636913787128e-05,0.9133429902639076
2022-05-05,3,0.024294308219614685,1.846148792797512e-05,1.100136338903659e-07,0.9756694549455494,1.7665333274621792e-05,0.9756694549455494
2022-05-06,3,0.014572593700571028,1.974911305669775e-05,1.6280213547166753e-07,0.9853954219070256,1.2072477211654647e-05,0.9853954219070256
2022-05-09,3,0.012074922244715382,1.096937247514687e-05,6.62392368573851e-11,0.9878991604226839,1.4947893886227598e-05,0.9878991604226839
2022-05-10,3,0.011115775784753564,1.5173053890116488e-06,2.4927694612677176e-10,0.9888753644476093,7.342212971815614e-06,0.9888753644476093
2022-05-11,3,0.06326790151136581,4.583206450343351e-06,5.709092200151676e-08,0.9367185887117361,8.869479525952769e-06,0.9367185887117361
2022-05-12,3,0.056239162320474614,2.1559456110781853e-06,5.2121043422806353e-08,0.9437521053382264,6.5242746448138245e-06,0.9437521053382264
2022-05-13,3,0.01705619977497345,8.933280350770043e-06,3.250130883233951e-08,0.9829083291793538,2.6505264012682492e-05,0.9829083291793538
2022-05-16,3,0.016075791088309574,3.5857956792078027e-06,6.430909015328628e-07,0.9838990675429354,2.091248217457905e-05,0.9838990675429354
2022-05-17,3,0.034287725351505316,2.040997226972398e-05,4.498181350140603e-06,0.9656690317652884,1.833472958722838e-05,0.9656690317652884
2022-05-18,3,0.05963259117747521,1.6506232202693967e-05,2.603497812011943e-06,0.9403245357117274,2.3763380782720326e-05,0.9403245357117274
2022-05-19,3,0.20033877731889213,1.9179631724360584e-05,0.00016092747757363125,0.7994507630003416,3.0352571467666252e-05,0.7994507630003416
2022-05-20,3,0.09143939162895767,2.647582492284133e-06,9.698590054929462e-05,0.9084432326678482,1.7742220152174418e-05,0.9084432326678482
2022-05-23,3,0.11356201838287915,1.1924648770710616e-05,4.146775299042729e-07,0.88640726114952,1.8381141299617673e-05,0.88640726114952
2022-05-24,3,0.47631748148804676,1.5220087066349376e-05,8.836025269463914e-07,0.5236487604593276,1.765436303174616e-05,0.5236487604593276
2022-05-25,3,0.4283225662109069,1.1339196595432482e-05,7.264359121072234e-07,0.5716410150804487,2.4353076136080214e-05,0.5716410150804487
2022-05-26,0,0.5224030598143374,2.141025216573444e-05,4.88517893901802e-06,0.47754830752425476,2.233723030253797e-05,0.5224030598143374
2022-05-27,0,0.6181832408117809,9.938271944519543e-06,9.220245579512636e-06,0.3817560500282474,4.155064244706878e-05,0.6181832408117809
2022-05-31,0,0.8485798287299143,5.729601577778358e-05,2.1511601275662616e-06,0.15134643472838463,1.4289365795092841e-05,0.8485798287299143
2022-06-01,0,0.6407817477954472,0.00010344730771675477,1.050177394740471e-05,0.35908526741026825,1.9035712620849717e-05,0.6407817477954472
2022-06-02,0,0.9603861003908426,5.221311111722618e-05,4.179203505859559e-05,0.03951853623356218,1.3582294194284569e-06,0.9603861003908426
2022-06-03,0,0.9819441567546701,9.957507370921932e-05,4.4487119420284726e-05,0.017910133673122018,1.6473790782361547e-06,0.9819441567546701
2022-06-06,0,0.9823384810140645,0.0003873385327327189,3.281507587630512e-05,0.017239930296801015,1.4350805253148021e-06,0.9823384810140645
2022-06-07,0,0.9314962177075652,0.00028034067669596366,0.0011533840712050355,0.06706869457204165,1.3629724929093118e-06,0.9314962177075652
2022-06-08,0,0.8804304280755578,0.0005797336540642553,0.00035199777526491465,0.11862424192764742,1.3598567466018334e-05,0.8804304280755578
2022-06-09,0,0.9716162915695016,0.0009739736926288455,7.807751935305263e-05,0.027327797309008143,3.859909508522332e-06,0.9716162915695016
2022-06-10,0,0.9334212703875014,0.008557345491757531,1.320951276945773e-06,0.05800470944790654,1.53537215582887e-05,0.9334212703875014
2022-06-13,0,0.9539493202780401,0.045471996685759214,9.978816318153931e-05,0.00036245905157030524,0.00011643582144811188,0.9539493202780401
2022-06-14,0,0.912766996518067,0.08577553306190494,0.00027204905991662473,0.00112443173736185,6.0989622749930754e-05,0.912766996518067
2022-06-15,0,0.951705428000105,0.04721323098979119,4.4511695606306254e-05,0.0009793317243391299,5.7497590157887445e-05,0.951705428000105
2022-06-16,0,0.9743543352379457,0.009519065635758103,0.01270638305268761,0.003401358087475059,1.8857986133407824e-05,0.9743543352379457
2022-06-17,0,0.9853404490421195,0.01217076826442011,4.191987004701123e-05,0.0024406350669066434,6.22775650636462e-06,0.9853404490421195
2022-06-21,0,0.9685808531332981,0.028840792960782343,5.2503382454701666e-05,0.0025181229647056828,7.727558758702307e-06,0.9685808531332981
2022-06-22,0,0.9932642026266377,0.004836335194242035,4.472276719289333e-05,0.0018500383614640952,4.7010504634220005e-06,0.9932642026266377
2022-06-23,0,0.9976670268025128,0.0010606938368597789,2.8920378945136745e-05,0.0012401377461128994,3.221235569757184e-06,0.9976670268025128
2022-06-24,0,0.9969716178709683,0.0024420070566717367,4.258697849395573e-05,0.0005408033442866506,2.984749579358446e-06,0.9969716178709683
2022-06-27,0,0.9941183126696358,0.005149559586845206,3.042249984855888e-05,0.0006979961429815656,3.7091006885455275e-06,0.9941183126696358
2022-06-28,0,0.9912303882952094,0.00756365019019511,1.2554333059327195e-05,0.0011882330357960852,5.1741457397768e-06,0.9912303882952094
2022-06-29,0,0.9973410408255518,0.0017425162179206435,8.197289039965698e-06,0.0009048834546603521,3.362212827158287e-06,0.9973410408255518
2022-06-30,0,0.9987979673769236,0.00025985658232349095,5.971581874696065e-07,0.0009385997593854313,2.979123179651401e-06,0.9987979673769236
2022-07-01,0,0.9952571242711477,0.00018028549038413727,2.1748222969088216e-08,0.0045572148808234614,5.353609421636671e-06,0.9952571242711477
2022-07-05,0,0.9996153318409969,7.003006478194749e-06,1.2214593484263432e-07,0.0003749237986664372,2.6192079238752445e-06,0.9996153318409969
2022-07-06,0,0.9988483675961811,5.380411041474229e-05,1.4342198605152184e-07,0.001090133312679588,7.551558738703879e-06,0.9988483675961811
2022-07-07,0,0.9974820204686534,0.0003175994782568565,8.977579596850178e-08,0.0021878334345279507,1.2456842766238558e-05,0.9974820204686534
2022-07-08,0,0.9973389146540148,0.0009940137497444843,1.0724643177309366e-07,0.0016522618268696577,1.4702522939711788e-05,0.9973389146540148
2022-07-11,0,0.9984489429985085,0.00022203829196576992,7.929218162902356e-08,0.001315605727311086,1.3333690033229648e-05,0.9984489429985085
2022-07-12,0,0.9994854429066159,5.9645957151306715e-05,3.202000176733751e-13,0.0004277045751300641,2.7206560782407595e-05,0.9994854429066159
2022-07-13,0,0.9961999064445424,0.00014883812095683254,1.4568495320691919e-09,0.003650732374247431,5.216034030649286e-07,0.9961999064445424
2022-07-14,0,0.9943592882623287,0.00043673909191187515,6.3835387034275e-10,0.005202152598309773,1.8194090951467383e-06,0.9943592882623287
2022-07-15,0,0.9883717903556042,0.0010294670314052268,1.4901049666286573e-07,0.010597219472794827,1.374129698523718e-06,0.9883717903556042
2022-07-18,0,0.9968329108745801,0.0002860342748909217,1.3425521551565247e-08,0.002866550173211278,1.4491251796256524e-05,0.9968329108745801
2022-07-19,0,0.9958539063158218,0.000501742275983779,5.334299772843336e-06,0.003637739677537111,1.2774308837701992e-06,0.9958539063158218
2022-07-20,0,0.9956908036888843,0.0006716274960303388,1.8101719199231797e-06,0.0036343930601959074,1.3655829691939626e-06,0.9956908036888843
2022-07-21,0,0.9963791422950768,0.0002079596316682979,4.1348330566896305e-09,0.003399301571830734,1.3592366590301693e-05,0.9963791422950768
2022-07-22,0,0.9967692434608264,3.969062002276291e-05,9.713062488801185e-10,0.003177009125251469,1.4055822593170719e-05,0.9967692434608264
2022-07-25,0,0.9947494515805962,9.235250376479232e-05,5.033680296788481e-10,0.005135307267464927,2.2888144806577274e-05,0.9947494515805962
2022-07-26,0,0.9950967172690266,5.0517053113384666e-05,9.914826520304269e-11,0.004832876003086107,1.98895756253169e-05,0.9950967172690266
2022-07-27,0,0.998358519620905,2.072159064971534e-05,5.055478539794364e-10,0.0016020899574078582,1.8668325489661335e-05,0.998358519620905
2022-07-28,0,0.9991443280550073,4.972359517848363e-06,1.068512479628266e-10,0.0008018142971559813,4.888518146683528e-05,0.9991443280550073
2022-07-29,0,0.9996364123597044,3.5043269352117735e-06,1.964021360994036e-08,0.00033324840627588405,2.6815266870749694e-05,0.9996364123597044
2022-08-01,0,0.9996225509320649,2.01419808519247e-06,6.014976340896562e-11,0.0003396856465436379,3.5749163156965036e-05,0.9996225509320649
2022-08-02,0,0.9788690845928858,0.00013549926754569195,4.510413397309022e-12,0.020958242686278442,3.7173448779407534e-05,0.9788690845928858
2022-08-03,0,0.9686116015836008,0.00016137934067584077,1.0455694496499629e-12,0.03119923002937666,2.7789045301111486e-05,0.9686116015836008
2022-08-04,0,0.9883329870445805,4.881181615688594e-05,3.038838137272034e-14,0.011595964844346983,2.223629488516689e-05,0.9883329870445805
2022-08-05,0,0.9835819723015372,0.00039304487645692673,2.320804108989661e-15,0.015991348678081677,3.363414392180425e-05,0.9835819723015372
2022-08-08,0,0.9687879179019562,0.00022003011435003386,1.1891539418760783e-13,0.030976330819614296,1.5721163961232755e-05,0.9687879179019562
2022-08-09,0,0.9627755897710654,0.000618509377834799,3.011486031785988e-10,0.03660330666236922,2.593887581671244e-06,0.9627755897710654
2022-08-10,0,0.9378839865901775,0.0006122231843478454,3.249676091393194e-10,0.061500371982248295,3.417918259339388e-06,0.9378839865901775
2022-08-11,0,0.8537201447492352,0.005370603820350374,7.764819476118124e-12,0.14090172915532853,7.522267321405265e-06,0.8537201447492352
2022-08-12,0,0.9228838352131766,0.0031167531763318925,8.574234640585982e-13,0.07399247378819816,6.937821435789535e-06,0.9228838352131766
2022-08-15,0,0.9872043799934086,0.0002838782915964846,2.2096916891113585e-12,0.012506938994802477,4.8027179829440724e-06,0.9872043799934086
2022-08-16,0,0.9851032653407964,0.00018783566484315838,7.229030047841728e-13,0.014700292685337745,8.606308299026032e-06,0.9851032653407964
2022-08-17,0,0.9855902239958754,0.0011879028197391709,2.15345403357697e-14,0.01320396368123816,1.7909503125595223e-05,0.9855902239958754
2022-08-18,0,0.9909612041189306,0.000740833064722943,5.229475089884154e-11,0.00829316959902557,4.793165025937054e-06,0.9909612041189306
2022-08-19,0,0.9919283892770501,0.0025799202998290135,1.7301397658314274e-10,0.005484211502302811,7.478747804605199e-06,0.9919283892770501
2022-08-22,0,0.9958902161196509,0.0024687544280276737,2.2587499152822848e-10,0.001630974959996084,1.0054266450170696e-05,0.9958902161196509
2022-08-23,0,0.9952066397097202,0.0033667661989399563,1.222337426017349e-08,0.001419092463683483,7.48940428225198e-06,0.9952066397097202
2022-08-24,0,0.9929364843410807,0.005499742161004589,4.628097778308668e-09,0.0015565250724759823,7.243797340528634e-06,0.9929364843410807
2022-08-25,0,0.9963406891398298,0.0017961056924857973,8.410717571197653e-10,0.001861395610329686,1.8087162829865479e-06,0.9963406891398298
2022-08-26,0,0.9956022170342714,0.0029727452801046744,3.142896077147049e-12,0.0014049713965310162,2.0066285950179124e-05,0.9956022170342714
2022-08-29,0,0.9929154840054709,0.006233294959068307,2.580342264419889e-08,0.0008367499363823934,1.4445295656190758e-05,0.9929154840054709
2022-08-30,0,0.9955894844510449,0.003614367996702048,6.063835440281769e-10,0.0007860122107723891,1.013473509784994e-05,0.9955894844510449
2022-08-31,0,0.9937137225125464,0.005857732520318284,3.4952691120878557e-10,0.0004052765415599337,2.3268076048389525e-05,0.9937137225125464
2022-09-01,0,0.9902825503745051,0.009169273242252102,7.830962726865424e-07,0.0005453267473244043,2.0665396465202464e-06,0.9902825503745051
2022-09-02,0,0.9974474149439454,0.0024084040444710274,1.1717189565649234e-06,0.00014190709637312943,1.102196254295169e-06,0.9974474149439454
2022-09-06,0,0.9794502658546727,0.020344751789863006,1.0305642211745647e-07,0.00020138581289189998,3.4934861498495157e-06,0.9794502658546727
2022-09-07,0,0.9676228404631206,0.03203150610153616,1.4744729959093604e-14,0.00010597351569955992,0.00023967991962838838,0.9676228404631206
2022-09-08,0,0.9363983030065715,0.06285702213598802,1.4155715515776798e-15,0.00024798749916344704,0.0004966873582757163,0.9363983030065715
2022-09-09,0,0.9669780625042669,0.032883843635438025,2.27096279212913e-13,5.453872567260883e-05,8.355513439474938e-05,0.9669780625042669
2022-09-12,0,0.9626991156660566,0.0371706922626475,9.189579596554501e-11,0.00012163157841133371,8.560400987917398e-06,0.9626991156660566
2022-09-13,0,0.912494794155812,0.08740515072058243,8.261632882260465e-12,7.585430057347934e-05,2.4200814769915197e-05,0.912494794155812
2022-09-14,0,0.8629437710953967,0.13688211060024952,1.6337025860631176e-10,0.00013758320034458954,3.6534940639495704e-05,0.8629437710953967
2022-09-15,0,0.9401480095442469,0.05937665039499997,1.964124878425545e-09,0.0004604634030795028,1.4874693548713118e-05,0.9401480095442469
2022-09-16,0,0.9652635828513421,0.03461589496398867,1.139223663521686e-08,0.00011506080731327623,5.4499851201252725e-06,0.9652635828513421
2022-09-19,0,0.9466148361988513,0.053273799697941666,1.9435871944198487e-08,0.00010598739052750111,5.35727680778669e-06,0.9466148361988513
2022-09-20,0,0.9023094573826338,0.09759654028579995,1.6733646641725507e-08,8.849701108605608e-05,5.4885868327545886e-06,0.9023094573826338
2022-09-21,0,0.9233363153399515,0.07645371121550243,1.1632642921612694e-10,0.00018216882994898814,2.7804498270955664e-05,0.9233363153399515
2022-09-22,0,0.6922379623156273,0.30751501668586423,2.2428273360670443e-11,0.0001922675258849987,5.475345019527878e-05,0.6922379623156273
2022-09-23,0,0.9346174354368021,0.06532430341054504,4.791480075669483e-09,4.475367355404968e-05,1.3502687618833064e-05,0.9346174354368021
2022-09-26,0,0.91468819231853,0.08527449282412831,1.15877841918891e-08,2.9590513126480762e-05,7.712756431009888e-06,0.91468819231853
2022-09-27,0,0.9150530521433297,0.0849133820240508,4.123773674384774e-08,2.6933313903146113e-05,6.591280978793428e-06,0.9150530521433297
2022-09-28,0,0.9853178049332919,0.014031421968576726,0.0006504325620065771,1.5395389367032786e-07,1.86582231075662e-07,0.9853178049332919
2022-09-29,0,0.9759838161543437,0.023029300951288873,0.0009865721337236131,1.2828570577595648e-07,1.824749381642064e-07,0.9759838161543437
2022-09-30,0,0.9550906449871062,0.04453515058992835,0.00037383439462175587,8.361153444436157e-08,2.8641680938294647e-07,0.9550906449871062
2022-10-03,0,0.987442676605803,0.010501216167949147,0.00205593569372663,2.1714658864167067e-08,1.4981786196086446e-07,0.987442676605803
2022-10-04,0,0.9737523660025474,0.009811388998660065,0.01643600123943573,5.2817541125047606e-09,2.3847760300562037e-07,0.9737523660025474
2022-10-05,2,0.20146786514582635,0.004353528776704982,0.7941785996812489,2.9216509895558352e-09,3.4745688771150855e-09,0.7941785996812489
2022-10-06,2,0.2605982895416477,0.00713848832960905,0.7322632173145561,2.2601446675877134e-09,2.5540422417494548e-09,0.7322632173145561
2022-10-07,0,0.5687094931442247,0.0569355936702434,0.3743548133236048,5.762873513675589e-08,4.2233191521851456e-08,0.5687094931442247
2022-10-10,0,0.6416526794939736,0.05925015806541336,0.2990967825652784,2.638255779285255e-07,1.1604975679356148e-07,0.6416526794939736
2022-10-11,0,0.701682587102059,0.1487128093839831,0.1496039727329465,2.728531526021793e-07,3.5792785921553557e-07,0.701682587102059
2022-10-12,0,0.8811199471414931,0.0750778036509797,0.043801986101035514,8.369734623857733e-08,1.7940914511579789e-07,0.8811199471414931
2022-10-13,0,0.7226530916925764,0.15177384559802995,0.12557286527150202,1.672012354910807e-08,1.8071776749265614e-07,0.7226530916925764
2022-10-14,0,0.7289281914295889,0.15289600573150297,0.11817555055670584,6.462870031615526e-08,1.876535017939299e-07,0.7289281914295889
2022-10-17,0,0.7586626318827302,0.1815705297240343,0.059766557708128616,2.9800936267383985e-08,2.5088417020785555e-07,0.7586626318827302
2022-10-18,0,0.8084418761540796,0.16574686962423285,0.025810862297356862,5.930060094691048e-08,3.3262372960332314e-07,0.8084418761540796
2022-10-19,1,0.40768322402985574,0.5852482838572098,0.007065205131070595,6.037322350471477e-07,2.6832496279964056e-06,0.5852482838572098
2022-10-20,1,0.2864875326132222,0.7074792735941334,0.006030895897257199,3.995582093168543e-07,1.898337178192663e-06,0.7074792735941334
2022-10-21,1,0.05113051834415157,0.9478750424415968,0.0009903537635942157,1.0113374997874466e-06,3.0741131569185024e-06,0.9478750424415968
2022-10-24,1,0.02695654059639552,0.9725027276008567,0.0005355296558624156,1.7195309474873492e-06,3.4826159380287486e-06,0.9725027276008567
2022-10-25,1,0.059964141264848655,0.9388938713426417,0.0011355892996953757,2.614681049406633e-06,3.783411763993024e-06,0.9388938713426417
2022-10-26,1,0.0932905966281244,0.9064328834143658,0.0002470271853075736,2.6218082099950043e-05,3.274690102892645e-06,0.9064328834143658
2022-10-27,1,0.14344365971324055,0.856124740778213,0.0003788378365901006,4.522042922006987e-05,7.541242736651598e-06,0.856124740778213
2022-10-28,1,0.06751989170977075,0.9264929071138833,0.005542961125406134,0.0004406696821830796,3.5703687566300895e-06,0.9264929071138833
2022-10-31,1,0.03211525618050412,0.9673775580564925,0.0002174526817640434,0.00028878879147953155,9.442897602503601e-07,0.9673775580564925
2022-11-01,1,0.02532757050115374,0.9737189389499308,3.5700242719816622e-06,0.0009485640163357228,1.35650830769517e-06,0.9737189389499308
2022-11-02,1,0.0299617088332973,0.9692640226596884,1.4281679085357873e-05,0.0007589621050363017,1.0247228926149963e-06,0.9692640226596884
2022-11-03,1,0.024923635338713373,0.9747117257558351,6.171918189721197e-05,0.00030230441274240415,6.153108118182674e-07,0.9747117257558351
2022-11-04,2,0.022619935397395183,0.4866204044350795,0.4907474332009528,1.2156803203941127e-05,7.016336894473575e-08,0.4907474332009528
2022-11-07,1,0.01123447694914799,0.5918515578624769,0.396889311647076,2.4642809812307766e-05,1.0731486559942432e-08,0.5918515578624769
2022-11-08,1,0.0024561071649134582,0.9664058491665576,0.030927902953130564,0.00021007754591146374,6.316948695155091e-08,0.9664058491665576
2022-11-09,1,0.002140013083552629,0.9814972097501596,0.0161806237627671,0.0001820526389054654,1.0076461541479428e-07,0.9814972097501596
2022-11-10,1,0.04436869041856491,0.9466078589904213,0.008934114583546983,8.024582794896999e-05,9.090179517714114e-06,0.9466078589904213
2022-11-11,1,0.018755387202194412,0.9728578000941959,0.008313861500348739,6.323125683112288e-05,9.71994642942003e-06,0.9728578000941959
2022-11-14,1,0.014537204430328412,0.9840223713722328,0.001374524139982012,5.8858108595650035e-05,7.0419488615398535e-06,0.9840223713722328
2022-11-15,1,0.015378150050573372,0.9829556802722024,0.0015836372269264103,6.726360559624815e-05,1.526884470160996e-05,0.9829556802722024
2022-11-16,1,0.06761063238475902,0.5313949311853476,0.40095141430004033,3.839108861082968e-05,4.6310412422508316e-06,0.5313949311853476
2022-11-17,1,0.10078828295833374,0.7296136190152307,0.16956758244204514,2.5831758884179578e-05,4.6838255068464145e-06,0.7296136190152307
2022-11-18,1,0.11018707921466755,0.6394414715795962,0.2503438320401433,2.5978482276888646e-05,1.6386833151601244e-06,0.6394414715795962
2022-11-21,1,0.08165013485700107,0.7213045212275105,0.1969954617268624,4.852251603538217e-05,1.3596725911380364e-06,0.7213045212275105
2022-11-22,1,0.10796851019065364,0.675538202599807,0.21641989965615246,7.172969645862245e-05,1.6578569278697721e-06,0.675538202599807
2022-11-23,1,0.3935517368654493,0.5979260621666894,0.007960969069328775,0.000555935349444062,5.296549089011677e-06,0.5979260621666894
2022-11-25,0,0.49885017314289776,0.4897241602645388,0.010705722466172985,0.0007076860504855382,1.22580759042965e-05,0.49885017314289776
2022-11-28,0,0.6448127629543119,0.3545290560486749,0.000573745470452389,5.970272402843683e-05,2.4732802532340062e-05,0.6448127629543119
2022-11-29,1,0.42147012543372964,0.5776702680147779,0.0007989106002916414,4.383641919256808e-05,1.6859532008030815e-05,0.5776702680147779
2022-11-30,1,0.3666256981734404,0.6329218378125785,0.00035726952912089603,7.751880231545637e-05,1.767568254471301e-05,0.6329218378125785
2022-12-01,1,0.2967815801493419,0.6965267761980733,0.005488686803536707,0.00016327756866737147,0.0010396792803801498,0.6965267761980733
2022-12-02,1,0.32723085733138013,0.6651899926602726,0.006481093264675009,0.00015896928984877087,0.0009390874538240541,0.6651899926602726
2022-12-05,0,0.7620392021350894,0.23572748867792628,6.760038819958185e-06,0.00038429557558496445,0.0018422535725794275,0.7620392021350894
2022-12-06,0,0.9063934421633021,0.08996989403058826,1.5806693780555612e-06,0.0005480919985904543,0.0030869911381417947,0.9063934421633021
2022-12-07,0,0.9935268205580136,0.006095089444191038,3.2362971987736706e-06,2.713484862092969e-05,0.00034771885197615353,0.9935268205580136
2022-12-08,0,0.9785138380436783,0.021204114924546828,9.672344961013794e-06,3.0254137761402572e-05,0.00024212054905258843,0.9785138380436783
2022-12-09,0,0.9659940081868965,0.03366307071990078,2.3344315794087984e-06,0.0003061833911865235,3.440327043645912e-05,0.9659940081868965
2022-12-12,0,0.8635074906459987,0.13463127052504584,6.302118739886405e-11,0.0015255840757835532,0.0003356546901512329,0.8635074906459987
2022-12-13,0,0.9515871234603228,0.048297066228609194,2.0449386394996842e-07,4.349960216890021e-05,7.210621503584321e-05,0.9515871234603228
2022-12-14,0,0.9188114582937605,0.08103612827770142,6.695768100806589e-08,7.97133086683536e-05,7.263316218899907e-05,0.9188114582937605
2022-12-15,0,0.9514729493791092,0.04834316882057051,8.696942237459909e-08,6.727001037518373e-05,0.00011652482052349771,0.9514729493791092
2022-12-16,0,0.8469259616516441,0.15260078408854366,5.675903082885163e-08,0.00010550792606861825,0.0003676895747127915,0.8469259616516441
2022-12-19,0,0.556458839638416,0.44310677026735346,2.534048064551884e-08,4.9845493807835586e-05,0.0003845192599421861,0.556458839638416
2022-12-20,1,0.24366358031552693,0.7558540352624867,8.361378248082423e-08,4.396647313707262e-06,0.00047790416089004057,0.7558540352624867
2022-12-21,1,0.19898789488504134,0.8004949953758546,1.1339088554072414e-08,6.650699783558128e-06,0.000510447700232237,0.8004949953758546
2022-12-22,1,0.274173434801136,0.7255690844115277,3.1913976056315035e-06,3.8010979100505007e-06,0.0002504882918204061,0.7255690844115277
2022-12-23,1,0.13676683599458556,0.863096396615094,1.8920915344312172e-05,1.6354844415581666e-06,0.00011621099053510744,0.863096396615094
2022-12-27,1,0.047212651939037426,0.9526581048889426,5.13701643724985e-05,6.200581964225563e-07,7.725294945027046e-05,0.9526581048889426
2022-12-28,1,0.05357549857928533,0.946324436688735,3.272512481970946e-05,7.01212640191705e-07,6.663839451997773e-05,0.946324436688735
2022-12-29,1,0.12187657654194399,0.8779747430172135,1.459215025626725e-05,1.0746263929828562e-06,0.0001330136641935924,0.8779747430172135
2022-12-30,1,0.33024257890535874,0.6697420311287798,4.71436120199887e-06,4.043344849661995e-07,1.0271270173751978e-05,0.6697420311287798
2023-01-03,1,0.30303199444298307,0.696854222970414,1.4789889188179719e-07,1.2583774079393367e-06,0.00011237631030339845,0.696854222970414
2023-01-04,1,0.1409139030272691,0.858581267554942,3.4579216397986133e-13,3.663652762975176e-06,0.0005011657646796813,0.858581267554942
2023-01-05,1,0.06340675009992698,0.9359495726998441,1.2424684638645347e-13,3.4185313750637794e-06,0.0006402586687303977,0.9359495726998441
2023-01-06,1,0.17217792002302226,0.8269212593029377,4.887538937771231e-11,2.5897563507259966e-06,0.0008982308688147028,0.8269212593029377
2023-01-09,1,0.23263741586508854,0.7662978839519996,3.3426743761028296e-10,4.6137716343166124e-06,0.001060086077010957,0.7662978839519996
2023-01-10,1,0.11149865339195134,0.8877769037826279,3.0536951119766694e-10,4.272881004926521e-06,0.0007201696390461298,0.8877769037826279
2023-01-11,1,0.2508625977160547,0.7487612441903801,4.6586482947071223e-08,6.410546095002737e-06,0.00036970096098760746,0.7487612441903801
2023-01-12,1,0.43916788810120616,0.5603597314900036,1.3675524896801136e-09,4.010262643183348e-05,0.0004322764148059134,0.5603597314900036
2023-01-13,1,0.3047913856061178,0.694832986637644,2.207786905724125e-08,5.505543896144903e-06,0.0003701001344737194,0.694832986637644
2023-01-17,1,0.12153387466203304,0.8781518310870138,2.6585933004849296e-10,7.632707731985446e-06,0.000306661277361455,0.8781518310870138
2023-01-18,0,0.5313528340633379,0.46816387878001287,1.6516728879799928e-08,2.2409328726926327e-05,0.0004608613111925019,0.5313528340633379
2023-01-19,1,0.4372794755407768,0.5622790736679933,7.193184721413616e-08,1.6559763329842747e-05,0.0004248190960531989,0.5622790736679933
2023-01-20,1,0.2776365607911321,0.7221070343167013,4.115628534480143e-09,2.3852349836232982e-05,0.00023254842670146868,0.7221070343167013
2023-01-23,1,0.26998473295868275,0.7298590404874582,8.202845804546257e-09,8.50756717696506e-06,0.00014771078383639378,0.7298590404874582
2023-01-24,1,0.18649793089277797,0.8133860999183657,1.863326579886668e-10,4.892214218791497e-05,6.704686033516854e-05,0.8133860999183657
2023-01-25,1,0.2472591430749572,0.7526054324008549,9.414129464328569e-11,7.051729130217161e-05,6.49071387438295e-05,0.7526054324008549
2023-01-26,1,0.2246416555743103,0.7752184771416527,8.564971759321488e-12,5.108694417984626e-05,8.87803312914069e-05,0.7752184771416527
2023-01-27,1,0.18412855844424836,0.8157494656608502,5.244075583588113e-12,5.9841791168754654e-05,6.213409848913685e-05,0.8157494656608502
2023-01-30,1,0.2546009865198655,0.7453130379006275,5.229024247916288e-11,3.781614318160488e-05,4.815938403437922e-05,0.7453130379006275
2023-01-31,1,0.34041236851686185,0.6594970735408343,2.5656667425730854e-10,4.455542114678582e-05,4.6002264591060465e-05,0.6594970735408343
2023-02-01,0,0.8944892306274768,0.1053297232126173,8.485585874046541e-09,0.0001327244162944326,4.831325802565977e-05,0.8944892306274768
2023-02-02,0,0.9900880869083097,0.008284764462473428,0.0014221090116534661,0.00020211987965692665,2.9197379069087624e-06,0.9900880869083097
2023-02-03,2,0.43960254849697544,0.0017169291348133177,0.5585552280987942,0.00012527813597512741,1.613344168985666e-08,0.5585552280987942
2023-02-06,0,0.5557469044463957,0.0062332735664352955,0.4374710783118878,0.0005487388735339471,4.801747682444107e-09,0.5557469044463957
2023-02-07,0,0.6753352376018755,0.03053851476287267,0.29363728273438755,0.0004889534401823476,1.1460681533584178e-08,0.6753352376018755
2023-02-08,0,0.6283292450101863,0.02632128292775705,0.3448703455264286,0.0004791162489530959,1.0286675100849978e-08,0.6283292450101863
2023-02-09,0,0.6977108020524575,0.018563259505768797,0.2832978788366467,0.0004280498075188433,9.79760851145229e-09,0.6977108020524575
2023-02-10,0,0.8437753707504901,0.0952178308780526,0.054546954154280666,0.006459832878776062,1.1338401419159866e-08,0.8437753707504901
2023-02-13,0,0.8430815700010951,0.11123163184339409,0.030912025866804922,0.01477476034622427,1.1942481426634589e-08,0.8430815700010951
2023-02-14,0,0.8161325316323063,0.15703021768579395,0.014905503014400372,0.011931736575472446,1.1092026423602998e-08,0.8161325316323063
2023-02-15,0,0.6711957158322517,0.27299626702190305,0.04020950377963392,0.015598503835955587,9.530255852630972e-09,0.6711957158322517
2023-02-16,0,0.5496924628879046,0.41187737636453126,0.015989952205037926,0.022440201888435974,6.654089262576891e-09,0.5496924628879046
2023-02-17,0,0.5435128235116925,0.43163466130723965,0.001794144531477641,0.02305836055382014,1.0095769265384638e-08,0.5435128235116925
2023-02-21,1,0.31483373392532366,0.6703299841174419,0.000942544025928238,0.013893725914661016,1.201664456980215e-08,0.6703299841174419
2023-02-22,1,0.3218444001837733,0.6651542872828312,0.001133950920415028,0.011867347959884087,1.3653095838829582e-08,0.6651542872828312
2023-02-23,1,0.1730264587486135,0.8147569489001736,0.00038997061432700415,0.011826594918535039,2.681835156280238e-08,0.8147569489001736
2023-02-24,1,0.11821068638942074,0.8723613641383584,0.0001452309166637897,0.00928270004662866,1.8508929156960877e-08,0.8723613641383584
2023-02-27,1,0.16612057365263774,0.8233356492673153,0.00026342061344932806,0.01028033198611808,2.4480479601481585e-08,0.8233356492673153
2023-02-28,1,0.19880698189270812,0.7852148439542751,0.0006770217918097016,0.015301130240459678,2.212074747377659e-08,0.7852148439542751
2023-03-01,1,0.11665409643604574,0.8733613633569588,0.0005539153807453136,0.009430611366785925,1.3459464426792341e-08,0.8733613633569588
2023-03-02,1,0.05890914248649747,0.848114863462736,0.0886596776645188,0.0043163089033681065,7.482879304366658e-09,0.848114863462736
2023-03-03,1,0.10661562294352042,0.5350149240579276,0.3545859231505477,0.0037835193708126128,1.0477191566071465e-08,0.5350149240579276
2023-03-06,1,0.07919542466463177,0.9164146470481528,5.823714249306716e-05,0.004331567178432872,1.2396628930248936e-07,0.9164146470481528
2023-03-07,1,0.17939787319462838,0.5974496335715086,0.22262801230839668,0.0005244642158164863,1.6709649105754802e-08,0.5974496335715086
2023-03-08,1,0.3544690557488523,0.5019677585435973,0.14234146488201482,0.0012216946664962505,2.6159039308129618e-08,0.5019677585435973
2023-03-09,1,0.31674149808919455,0.6353433230718069,0.0420831786545059,0.005831978115487423,2.206900586031027e-08,0.6353433230718069
2023-03-10,2,0.31238689595264824,0.18857876141646776,0.49159786718503634,0.0074364713611733526,4.084673481732532e-09,0.49159786718503634
2023-03-13,0,0.6524155533490118,0.2464366787908269,0.001047698548135604,0.10009982276534926,2.4654667605279965e-07,0.6524155533490118
2023-03-14,0,0.4870088167182376,0.43610448646203226,5.503370164599107e-05,0.07683154814266116,1.1497542312912106e-07,0.4870088167182376
2023-03-15,1,0.34391121789686313,0.5079393046371145,1.7981515689453354e-06,0.14814688939697626,7.899174777004378e-07,0.5079393046371145
2023-03-16,1,0.16175410177340235,0.7399333840875671,1.1265469223313467e-06,0.0983110187034431,3.6888866488243214e-07,0.7399333840875671
2023-03-17,3,0.07765069896545332,0.3248099639671705,1.3758658257676197e-08,0.5975380203573684,1.3029513494542886e-06,0.5975380203573684
2023-03-20,1,0.03519564770297167,0.6337563645112426,5.386433429598484e-08,0.3310471259475814,8.079738694224256e-07,0.6337563645112426
2023-03-21,1,0.0008463742760726717,0.7574497858922343,1.237442192385671e-09,0.24170371899971135,1.1959454009014263e-07,0.7574497858922343
2023-03-22,1,0.0010608812661945142,0.5364545451828892,1.8239819362201573e-08,0.4624843725545057,1.8275659157759566e-07,0.5364545451828892
2023-03-23,3,0.0002736629591605043,0.13385168736586833,3.781879556911958e-09,0.8658743747001106,2.7119298027103884e-07,0.8658743747001106
2023-03-24,3,0.0002854628662491402,0.10630836932589144,1.7300624584262905e-08,0.8934059313940047,2.191132309010435e-07,0.8934059313940047
2023-03-27,3,7.497220871487934e-06,0.059617277516547044,3.260805460878152e-11,0.9403749955735438,2.296564300852287e-07,0.9403749955735438
2023-03-28,3,5.489072180562957e-06,0.06986653480700378,2.261177739890834e-11,0.9301277455164615,2.3058174176949296e-07,0.9301277455164615
2023-03-29,3,7.908740074238825e-06,0.09376050464736393,1.9777980704812513e-11,0.9062312829253671,3.0366741684309733e-07,0.9062312829253671
2023-03-30,3,4.319585655029642e-06,0.05903708485313968,6.994856548572885e-11,0.9409583341644832,2.6132677386747854e-07,0.9409583341644832
2023-03-31,3,7.782415773433031e-06,0.059376331811092274,1.439517293113014e-11,0.9406155892928182,2.9646592149600363e-07,0.9406155892928182
2023-04-03,3,2.756290211524638e-06,0.01883846479227422,1.3486887305169417e-10,0.9811580501569434,7.286257027422445e-07,0.9811580501569434
2023-04-04,3,1.4977189004267315e-07,0.0006873384273533544,1.9057178228859746e-13,0.9993125068415406,4.959025403369892e-09,0.9993125068415406
2023-04-05,3,1.726843027511208e-07,0.0004208180892551339,1.892456019415839e-13,0.9995790034913024,5.7349501704149345e-09,0.9995790034913024
2023-04-06,3,1.551145893921215e-07,0.00040225955033004133,2.8920261735748546e-12,0.9995975804194167,4.912771617764283e-09,0.9995975804194167
2023-04-10,3,8.953337815924908e-07,0.003324077113001423,3.86000887956468e-12,0.9966749579125972,6.963675940245561e-08,0.9966749579125972
2023-04-11,3,8.188329305188088e-07,0.0003865024933692389,2.5987625266607806e-10,0.9996125630883805,1.1532544353838413e-07,0.9996125630883805
2023-04-12,3,7.471641733940349e-08,1.944245550750823e-05,1.4381472396328676e-10,0.99998041090229,7.17819698074669e-08,0.99998041090229
2023-04-13,3,1.047466421395515e-05,0.0020650717247540154,6.014637825624913e-08,0.9979214983176614,2.895146992487574e-06,0.9979214983176614
2023-04-14,3,6.527825740939391e-06,0.008768156341349705,1.0922398211671787e-06,0.9912117553552431,1.2468237845293021e-05,0.9912117553552431
2023-04-17,3,4.459542153695619e-05,0.009964196930476905,0.00033912218030941803,0.989566577676973,8.5507790703033e-05,0.989566577676973
2023-04-18,3,5.9443848669692654e-05,0.014631701361100768,0.00029734171000745936,0.9849645246771852,4.698840303750414e-05,0.9849645246771852
2023-04-19,3,0.004272920447487525,0.37718493828254523,0.005551216359888305,0.6129441712074846,4.6753702594067464e-05,0.6129441712074846
2023-04-20,1,0.008528919336150829,0.5789396662958458,0.00048763080397414666,0.412029499395014,1.428416901609529e-05,0.5789396662958458
2023-04-21,1,0.019487820354864245,0.8057827306999773,0.006980401180111081,0.16773691641413613,1.2131350911277005e-05,0.8057827306999773
2023-04-24,1,0.031383242271361855,0.6631790057670084,0.007803148879680296,0.29761627770641363,1.8325375535593844e-05,0.6631790057670084
2023-04-25,0,0.428448952140949,0.251713346337152,0.2892098706676043,0.03062579348165649,2.037372638881024e-06,0.428448952140949
2023-04-26,0,0.5730785176296754,0.3376468511943676,0.05968904869966688,0.029584926279564792,6.561967253298556e-07,0.5730785176296754
2023-04-27,1,0.40777727446918427,0.5396799161919309,0.03582572898858869,0.016716150387270187,9.2996302583662e-07,0.5396799161919309
2023-04-28,0,0.6079253907464126,0.35404134318492747,0.008424460135378163,0.029607515064691454,1.290868589755914e-06,0.6079253907464126
2023-05-01,1,0.39437339885142825,0.5826201123414133,0.012310696729068978,0.010695023995201688,7.680828879503016e-07,0.5826201123414133
2023-05-02,0,0.5069677797537807,0.3562285945307273,1.9406627489008363e-08,0.13680152000511708,2.086303747190205e-06,0.5069677797537807
2023-05-03,0,0.6357419822714383,0.23219933340287335,5.4446302835651e-14,0.13205641154445122,2.2727811828936555e-06,0.6357419822714383
2023-05-04,0,0.6451787189847816,0.16337002079063248,5.500842911677067e-13,0.19145022716064614,1.0330633890995837e-06,0.6451787189847816
2023-05-05,1,0.11652737062715758,0.6820210171733522,4.164494393366383e-15,0.20145102164855058,5.905509352040861e-07,0.6820210171733522
2023-05-08,1,0.051760269434460764,0.763477681197664,2.5020486274869214e-15,0.18476190359567654,1.457721959191053e-07,0.763477681197664
2023-05-09,1,0.0616701837351699,0.7735442551379149,4.550545514845656e-17,0.16478541109477776,1.5003213788537434e-07,0.7735442551379149
2023-05-10,1,0.1580680454447671,0.6813830148901155,5.972604479725043e-19,0.1605486744105767,2.652545406207425e-07,0.6813830148901155
2023-05-11,1,0.21639003450329164,0.68581945014473,2.255637446992213e-17,0.09779046784878129,4.750319715025087e-08,0.68581945014473
2023-05-12,1,0.2038912937539359,0.5808176040760737,6.336632713163438e-19,0.215291097566888,4.6031020760650684e-09,0.5808176040760737
2023-05-15,1,0.11379556786001892,0.663025018465117,8.027549813494186e-19,0.2231794103866527,3.288211373977458e-09,0.663025018465117
2023-05-16,1,0.08343064265067662,0.7495993947721883,9.356624027179163e-20,0.1669698621521036,1.004250317093551e-07,0.7495993947721883
2023-05-17,1,0.04213703795094082,0.8142801274733021,1.1843855316900228e-20,0.14358266569892983,1.688768269442621e-07,0.8142801274733021
2023-05-18,1,0.025012961169199602,0.919552748735158,3.109780998927246e-17,0.055434052596213555,2.3749942920301516e-07,0.919552748735158
2023-05-19,1,0.025882862922350515,0.9404904836550666,4.750771244457624e-16,0.03362663691395413,1.6508628925673107e-08,0.9404904836550666
2023-05-22,1,0.0212570389886119,0.9564905548933136,1.7200256951567728e-17,0.022252383046748,2.307132707260231e-08,0.9564905548933136
2023-05-23,1,0.02212696746347435,0.961098135532991,6.749058765411551e-17,0.016774856729645852,4.027388871112035e-08,0.961098135532991
2023-05-24,1,0.016265076625223994,0.9661328965612944,1.3892253529431473e-15,0.01760188872555976,1.3808792094906245e-07,0.9661328965612944
2023-05-25,1,0.005526869847744734,0.9872355758925473,1.425540057408593e-14,0.007237533788004772,2.0471688623194733e-08,0.9872355758925473
2023-05-26,1,0.0067317197254122265,0.9875583679743571,1.599515523353361e-14,0.0057098984883382,1.3811876099404549e-08,0.9875583679743571
2023-05-30,1,0.01596720260768668,0.9664881429338072,4.940836628581374e-18,0.017544612354446484,4.210406025345085e-08,0.9664881429338072
2023-05-31,1,0.05777413902534407,0.9215632593924591,1.1487891635800522e-12,0.020662534248652706,6.733239583216765e-08,0.9215632593924591
2023-06-01,1,0.12373311028836452,0.7459984624792609,3.616107578817118e-06,0.130263010449192,1.8006756037757127e-06,0.7459984624792609
2023-06-02,1,0.032606326813829814,0.8866962161984724,3.6626013689682765e-07,0.08068881979613632,8.270931423785588e-06,0.8866962161984724
2023-06-05,1,0.19069199898063263,0.8000727085021765,3.047042092610387e-05,0.00920436197564511,4.601206198950331e-07,0.8000727085021765
2023-06-06,1,0.21441650252244507,0.7785458018212299,2.8840818050309256e-06,0.007034024156429505,7.874180900891269e-07,0.7785458018212299
2023-06-07,1,0.08164334022653384,0.9138804944742674,1.359038545555439e-07,0.004472018349700064,4.011045644153275e-06,0.9138804944742674
2023-06-08,1,0.1149514546253026,0.8807125814111411,3.124388734159309e-09,0.004331102417989582,4.858421178362894e-06,0.8807125814111411
2023-06-09,1,0.08422512834633575,0.9123559874855808,2.0270418441875524e-10,0.0034137953989550117,5.08856642400551e-06,0.9123559874855808
2023-06-12,1,0.08383925542509633,0.9137698808267161,1.0693711190693157e-11,0.002387566210159037,3.297527334468442e-06,0.9137698808267161
2023-06-13,1,0.025878602918864662,0.9725407990452046,9.161704006869656e-13,0.0015737206261634224,6.8774088509169014e-06,0.9725407990452046
2023-06-14,1,0.040672634187975516,0.9571480379358419,3.1261519832370745e-14,0.0021774664940926794,1.861382058183572e-06,0.9571480379358419
2023-06-15,1,0.06118111333257386,0.9347730011979553,2.2730852119178182e-11,0.004043088691702132,2.7967550380248174e-06,0.9347730011979553
2023-06-16,1,0.042513397645898614,0.9552844650607533,4.804272617767965e-13,0.0021953192498828946,6.818042984968015e-06,0.9552844650607533
2023-06-20,1,0.08600303832686752,0.9129786310998865,2.3017683083948674e-12,0.000991835058956613,2.649551198795176e-05,0.9129786310998865
2023-06-21,1,0.07399314075050936,0.9244134801200327,6.507787026576998e-12,0.0015503564771149948,4.302264583599814e-05,0.9244134801200327
2023-06-22,1,0.1028173543880823,0.8961831053260789,1.1618655446419964e-10,0.000977941857560446,2.1598312091245922e-05,0.8961831053260789
2023-06-23,1,0.20595910632554007,0.7898511758345956,6.064825231334183e-10,0.00417428712305022,1.543011033212192e-05,0.7898511758345956
2023-06-26,1,0.15024813754957655,0.8446703137174107,1.1562800586615197e-10,0.005065390955348893,1.61576620357553e-05,0.8446703137174107
2023-06-27,1,0.15995568320926964,0.8345974868192891,3.891986329428147e-11,0.00543436861221729,1.2461320304442478e-05,0.8345974868192891
2023-06-28,1,0.17295813599054116,0.8205968563525898,5.56008193565839e-08,0.006439277214722791,5.6748413260379255e-06,0.8205968563525898
2023-06-29,1,0.0697547105547063,0.9273968179498935,1.1344217041156525e-07,0.0028442026061106765,4.15544711907099e-06,0.9273968179498935
2023-06-30,1,0.05418857038656091,0.9348620968795632,3.4273327717644397e-08,0.010948330033922728,9.684266257822009e-07,0.9348620968795632
2023-07-03,1,0.1535686131424727,0.8421782902624406,3.889836248255501e-08,0.0042524008350352275,6.568616886547502e-07,0.8421782902624406
2023-07-05,1,0.05781140792566666,0.9391747286576354,3.0361409082140322e-09,0.003013005520750139,8.54859806969926e-07,0.9391747286576354
2023-07-06,1,0.03262084914472215,0.9651493089816614,2.5471529842438943e-09,0.002228879850853322,9.594756097663467e-07,0.9651493089816614
2023-07-07,1,0.060470903397003235,0.939213558759851,4.47683111213599e-06,0.00031086757248723827,1.9343954672405013e-07,0.939213558759851
2023-07-10,1,0.09880601646099538,0.8994783298160487,1.0885365448418776e-05,0.001704684706788506,8.365071836437024e-08,0.8994783298160487
2023-07-11,1,0.09969120777251783,0.898077796675004,5.7985686287801634e-05,0.0021728877919933967,1.220741964855699e-07,0.898077796675004
2023-07-12,1,0.2669112557677499,0.7144670300294516,0.018396213966261222,0.0002251400349175724,3.6020161973112645e-07,0.7144670300294516
2023-07-13,0,0.5964593392553241,0.2714617853351098,0.1319796499168511,9.916541913007256e-05,6.007358508547231e-08,0.5964593392553241
2023-07-14,0,0.5116924236896773,0.30367756319816075,0.184497854378435,0.00013213378076126008,2.495296495642569e-08,0.5116924236896773
2023-07-17,0,0.7539060839448397,0.15249712306459912,0.09349737899751427,9.940733067405932e-05,6.662372108903382e-09,0.7539060839448397
2023-07-18,0,0.8593958751238986,0.12549107570276274,0.015041927395323106,7.110982415462557e-05,1.1953860724736275e-08,0.8593958751238986
2023-07-19,0,0.8411019192656283,0.14820205221167185,0.010572667231562895,0.00012334339965606024,1.789148042529331e-08,0.8411019192656283
2023-07-20,0,0.8007319860873457,0.17690926475723429,0.022297308586005454,6.143415915047025e-05,6.41026485147776e-09,0.8007319860873457
2023-07-21,0,0.5246019663478129,0.45485721128760037,0.02050061330749856,4.004564111348727e-05,1.6341597501071367e-07,0.5246019663478129
2023-07-24,1,0.3957822503897857,0.5889116820134376,0.015267339776857477,3.840415042062942e-05,3.236694982088747e-07,0.5889116820134376
2023-07-25,1,0.2692706556418394,0.7217622390328173,0.008953955124464712,1.2809575534460288e-05,3.4062534398283297e-07,0.7217622390328173
2023-07-26,1,0.18521172020558532,0.8106442936690065,0.004139817862631421,1.884192045769215e-06,2.2840707310094826e-06,0.8106442936690065
2023-07-27,1,0.05313857349986957,0.9467359890270293,0.0001221043686179611,1.5456867080559904e-07,3.1785358125632875e-06,0.9467359890270293
2023-07-28,1,0.05497942433076561,0.9449057586139235,0.00010915436027585088,9.100755484036722e-08,5.571687480356176e-06,0.9449057586139235
2023-07-31,1,0.052774917057147694,0.9471202851226899,9.848671594477348e-05,1.335278841102614e-07,6.177576334107009e-06,0.9471202851226899
2023-08-01,1,0.07817159175032815,0.9207452005906483,0.0010786931936339593,1.1325122484982664e-06,3.3819531415230413e-06,0.9207452005906483
2023-08-02,1,0.1486868642900696,0.844857659409834,0.006452504721640571,2.1608912275940085e-06,8.106872286885524e-07,0.844857659409834
2023-08-03,1,0.041707883832511235,0.9573066314827076,0.0009833470718237877,1.1564489292733896e-06,9.811640279337705e-07,0.9573066314827076
2023-08-04,1,0.07666577686200625,0.9229124046223962,0.0004069210362242148,1.2867317192338019e-05,2.0301621817893703e-06,0.9229124046223962
2023-08-07,1,0.08847387017189101,0.9096621917167456,0.0018250770965346416,3.769339460997782e-05,1.1676202187517167e-06,0.9096621917167456
2023-08-08,1,0.11709060106646477,0.8821889901171098,0.000634492232199628,8.374231159597237e-05,2.1742726300895446e-06,0.8821889901171098
2023-08-09,1,0.0782502837555109,0.9211929809170597,4.029439272108129e-05,0.000512974296791813,3.4666379167749275e-06,0.9211929809170597
2023-08-10,1,0.03598651198678674,0.9637715634291995,1.1169067231124781e-06,0.0002388560640577008,1.9516132328521675e-06,0.9637715634291995
2023-08-11,1,0.02468224163083207,0.9750339936241212,4.955550446579825e-06,0.0002772809881057129,1.5282064945696998e-06,0.9750339936241212
2023-08-14,1,0.02481112379505247,0.9749459126440482,1.545689618317051e-05,0.00022545629169634025,2.0503730201342148e-06,0.9749459126440482
2023-08-15,1,0.00991038056899847,0.989975311757483,6.866617221297437e-08,0.00011150628985953812,2.7327174876338645e-06,0.989975311757483
2023-08-16,1,0.00873641440531038,0.9911686300599721,5.132952900094239e-08,9.330777275027439e-05,1.5964324373535186e-06,0.9911686300599721
2023-08-17,1,0.005252950842556918,0.9946960227382873,1.418085348271269e-08,4.791529961282459e-05,3.096938689762868e-06,0.9946960227382873
2023-08-18,1,0.009483702406125507,0.9904577864163323,5.078642642351461e-08,5.560279224750938e-05,2.8575988684037655e-06,0.9904577864163323
2023-08-21,1,0.010503235422790396,0.9894550796779142,1.9575993292214562e-08,3.746343345522184e-05,4.201889847080265e-06,0.9894550796779142
2023-08-22,1,0.012108037491700354,0.9878477005425453,4.641325578612589e-09,3.724595390545356e-05,7.011370523187769e-06,0.9878477005425453
2023-08-23,1,0.014750078966212153,0.98519437617539,4.5264951395422986e-11,2.2496106126678215e-05,3.304870700592497e-05,0.98519437617539
2023-08-24,1,0.047253594652316926,0.9526260618179808,1.5912126224387588e-08,0.00011466587674330406,5.661740832560317e-06,0.9526260618179808
2023-08-25,1,0.0344901919501624,0.9649482648848995,2.084752531449418e-09,0.0005576369070898481,3.904173095684331e-06,0.9649482648848995
2023-08-28,1,0.04031819027878608,0.9591637210042219,7.254828713200846e-10,0.0005054976207284284,1.2590370781429573e-05,0.9591637210042219
2023-08-29,1,0.05300209155056688,0.9467726827153361,1.7002922854347317e-08,0.00021996694319148877,5.241787982882728e-06,0.9467726827153361
2023-08-30,1,0.041188561092178444,0.9586701262826872,2.4238552590779202e-08,0.00013380326507482485,7.485121506515452e-06,0.9586701262826872
2023-08-31,1,0.03606358595307779,0.9638293228695897,7.003897003632858e-09,0.00010063092546634423,6.453247969319296e-06,0.9638293228695897
2023-09-01,1,0.005733154831046038,0.9942420615033256,2.43747888839396e-12,6.901797548453182e-06,1.7881865641629436e-05,0.9942420615033256
2023-09-05,1,0.0012745544219760583,0.9985925072986069,6.5471482901169386e-15,4.3481240304108755e-07,0.00013250346700689343,0.9985925072986069
2023-09-06,1,0.0012352498743882154,0.9986512299357833,1.2620653378850368e-14,3.263904469145602e-07,0.00011319379936958411,0.9986512299357833
2023-09-07,1,0.0022717102643420514,0.9976450171763764,9.591590634019913e-14,5.968991834085319e-07,8.267566000181472e-05,0.9976450171763764
2023-09-08,1,0.002044704646044046,0.9978530184017727,2.9789074983116174e-13,5.547296736291803e-07,0.00010172222221155901,0.9978530184017727
2023-09-11,1,0.0014676802552843708,0.9984007177084021,6.958489768304256e-14,2.5759276343022273e-07,0.00013134444348112138,0.9984007177084021
2023-09-12,1,0.0006342428957353708,0.9989810883295067,6.384153182270755e-16,1.073706745723632e-07,0.0003845614040829985,0.9989810883295067
2023-09-13,1,0.0005965984708744511,0.9984224940750803,2.2729988566599242e-17,1.5545456414240637e-07,0.0009807519994806393,0.9984224940750803
2023-09-14,1,0.0001380468337693847,0.9917618284414473,7.179606950109613e-21,3.384432737728712e-08,0.008100090880455867,0.9917618284414473
2023-09-15,1,0.0009473774293757054,0.9984929584299086,1.1894873973070514e-17,2.0296076858339864e-06,0.000557634533029287,0.9984929584299086
2023-09-18,1,0.0011765485398169309,0.9984091583215611,2.6429711951966023e-17,2.958223570882586e-06,0.00041133491505130113,0.9984091583215611
2023-09-19,1,0.0010515428700030073,0.9985604348910397,1.6172384472167687e-16,2.9087938434137563e-06,0.00038511344511354566,0.9985604348910397
2023-09-20,1,0.0016843915760189558,0.9981371847216504,2.1082447239033508e-17,7.80442502402113e-06,0.000170619277306854,0.9981371847216504
2023-09-21,1,0.001476700172480251,0.9984728586308144,7.553057620856377e-10,1.0507863587447165e-05,3.9932577812781146e-05,0.9984728586308144
2023-09-22,1,0.0012668936327943912,0.9986619125668098,2.468522865537675e-10,9.111439437881731e-06,6.208211410626005e-05,0.9986619125668098
2023-09-25,1,0.0011342372866011675,0.9988288017096486,1.7707697856445245e-09,4.342662003934662e-06,3.261657097583646e-05,0.9988288017096486
2023-09-26,1,0.0006984493295738741,0.9992303941885301,6.220496354424146e-10,2.161548105901724e-06,6.899431174087333e-05,0.9992303941885301
2023-09-27,1,9.846697426635696e-05,0.994694883705588,5.670883081211942e-17,1.5417342629086251e-06,0.005205107585882113,0.994694883705588
2023-09-28,1,4.22905736710316e-05,0.9988930054413943,1.8421211606218e-18,2.472796592650653e-06,0.0010622311883421078,0.9988930054413943
2023-09-29,1,5.5226919124137784e-05,0.9996305150712336,4.663084609607841e-18,3.174848670466016e-06,0.00031108316097190565,0.9996305150712336
2023-10-02,1,0.0006312903679924471,0.9992985943732675,1.6722405974065017e-12,3.3457187469023054e-05,3.665806959794501e-05,0.9992985943732675
2023-10-03,1,0.0009231224484227704,0.9990000813783901,8.381992232338541e-12,5.519586858710188e-05,2.160029621785955e-05,0.9990000813783901
2023-10-04,1,0.0006815206806213128,0.9992436659070149,8.287039343744215e-16,6.858719628556817e-05,6.226216078095958e-06,0.9992436659070149
2023-10-05,1,0.0005522570570459328,0.9993733002604696,2.8096771754487777e-17,6.666085025093414e-05,7.78183223351119e-06,0.9993733002604696
2023-10-06,1,0.0007679833989769679,0.9991645024898423,3.401964196733104e-16,5.618017757637034e-05,1.1333933603682354e-05,0.9991645024898423
2023-10-09,1,0.000523340045238334,0.9992609546918289,1.911939826909102e-14,0.00021467571472553966,1.0295481882934562e-06,0.9992609546918289
2023-10-10,1,0.0010493585159699714,0.9987721024805465,7.093789414631699e-14,0.00017801558028390373,5.234231279612791e-07,0.9987721024805465
2023-10-11,1,0.0011255873389077028,0.9987817181528595,9.916355791320961e-16,8.98433901234027e-05,2.8511181081310446e-06,0.9987817181528595
2023-10-12,1,0.002589831302683031,0.9973086356486195,2.3170386395977876e-14,9.827121852394431e-05,3.2618301504495345e-06,0.9973086356486195
2023-10-13,1,0.0001688768935127516,0.994640898925064,9.96440170325413e-13,0.005190200034841675,2.4145586017923942e-08,0.994640898925064
2023-10-16,1,0.00010358472476673727,0.9936979389650107,2.843470933053648e-14,0.006198455180950529,2.11292430158869e-08,0.9936979389650107
2023-10-17,1,7.830516832845445e-05,0.9935532739424376,2.9462318168007374e-14,0.006368399274826681,2.1614376948363586e-08,0.9935532739424376
2023-10-18,1,1.4740945985372174e-05,0.9850648725352626,1.0432364611324037e-15,0.014920365457166733,2.1061585108899043e-08,0.9850648725352626
2023-10-19,1,1.1400850238059106e-05,0.9484250079233969,2.718845325179113e-15,0.051563590009823634,1.216537975268009e-09,0.9484250079233969
2023-10-20,1,1.1793828320501442e-05,0.9629048373121218,3.891502590673297e-15,0.037083367816054195,1.0434990466710107e-09,0.9629048373121218
2023-10-23,1,5.591518665378894e-06,0.9076647958155653,1.1573375768414513e-19,0.09232961168002285,9.857461851211384e-10,0.9076647958155653
2023-10-24,1,8.17828738001585e-06,0.8625652847310883,1.313198528539762e-19,0.13742653692443005,5.7101663282858965e-11,0.8625652847310883
2023-10-25,1,5.339239009472564e-06,0.5529565465234432,1.2542146033716366e-24,0.44703811423730244,2.4437663136380487e-13,0.5529565465234432
2023-10-26,1,1.72736275736269e-05,0.6692070561404005,5.768213763841105e-22,0.3307756702314802,5.452890312639728e-13,0.6692070561404005
2023-10-27,1,1.3054468123266998e-05,0.5552277879438889,4.509376385424449e-21,0.44475915758705126,9.37297972691779e-13,0.5552277879438889
2023-10-30,3,2.7940131019090033e-07,0.09049574019158377,9.426963492977703e-31,0.9095039804070446,6.142075881019595e-14,0.9095039804070446
2023-10-31,3,5.920019690263791e-07,0.10557725429542979,7.575537571078122e-28,0.8944221537025954,7.190224551542858e-15,0.8944221537025954
2023-11-01,1,4.63945283182219e-06,0.5359890045577976,5.574646226395394e-23,0.46400635598934453,2.4112344526629043e-14,0.5359890045577976
2023-11-02,1,1.0512152510185853e-05,0.5978406084862709,4.523090696677612e-19,0.4021488793610709,1.488210015414261e-13,0.5978406084862709
2023-11-03,3,8.282165046506128e-06,0.48275792364387243,4.0390020898978838e-22,0.5172337941910026,7.860293096403428e-14,0.5172337941910026
2023-11-06,1,3.166588907180127e-05,0.8475690963672993,3.152064360351958e-20,0.15239923774354322,8.5595260730943e-14,0.8475690963672993
2023-11-07,1,7.811030990986524e-05,0.8399184438953998,1.864390195612132e-19,0.1600034457944564,2.3412728342327694e-13,0.8399184438953998
2023-11-08,1,9.66826655250134e-05,0.8791481919897146,1.670550187139832e-19,0.12075512534456878,1.9238350239222863e-13,0.8791481919897146
2023-11-09,1,2.776159932015234e-05,0.8026180881967573,1.0429023318343488e-21,0.19735415020385585,6.653495298437944e-14,0.8026180881967573
2023-11-10,1,0.0012894863531779032,0.974027167871811,1.624620805255464e-17,0.02468334576482882,1.0182879166310373e-11,0.974027167871811
2023-11-13,1,0.0009825366682508763,0.9741092658033217,8.396480721437872e-16,0.024908197522675996,5.750922040910557e-12,0.9741092658033217
2023-11-14,1,0.0023174777122358494,0.9834849605818891,1.7340196038797423e-12,0.014197561691256444,1.2884809677698753e-11,0.9834849605818891
2023-11-15,1,0.010392137136501466,0.977733429624346,3.2504855768971937e-10,0.011874432820463923,9.364089370391105e-11,0.977733429624346
2023-11-16,1,0.020929940225416666,0.9244376613876141,3.945867155035479e-15,0.05463239330673769,5.080227355182074e-09,0.9244376613876141
2023-11-17,1,0.009139250405047749,0.932468988419816,3.5391822084443474e-15,0.058391749572440074,1.160269314035185e-08,0.932468988419816
2023-11-20,1,0.004645751828210603,0.9343290350108434,2.4211643708920693e-13,0.06102519157747485,2.1583228268575445e-08,0.9343290350108434
2023-11-21,1,0.0032472508239324285,0.9330644996627742,1.95696210653817e-13,0.06368823488796634,1.4625131086781377e-08,0.9330644996627742
2023-11-22,1,0.005137864841588954,0.9463698096455218,4.701484118859544e-13,0.04849230228244286,2.3229975909898643e-08,0.9463698096455218
2023-11-24,1,0.004519896646426698,0.960419525790228,4.017186624121056e-13,0.0350605523456932,2.5217249592364332e-08,0.960419525790228
2023-11-27,1,0.0084488023224808,0.9478855119840921,3.894857870335862e-13,0.04366567450677326,1.1186263926193873e-08,0.9478855119840921
2023-11-28,1,0.0028191375418338857,0.9749682003110217,4.386211666605105e-09,0.02221265608878778,1.6721450461676968e-09,0.9749682003110217
2023-11-29,1,0.002693189166498316,0.9667805354024631,9.197318901489349e-10,0.03052627205625324,2.45505336000695e-09,0.9667805354024631
2023-11-30,1,0.002905243944647548,0.9667059270937174,2.265123464129814e-09,0.030388822615656418,4.080856118948857e-09,0.9667059270937174
2023-12-01,1,0.0046472520372575704,0.9490620889375683,9.261331156078315e-12,0.04629065149262515,7.523287111219904e-09,0.9490620889375683
2023-12-04,1,0.0037848831484723886,0.986783514118664,2.4087478719824146e-09,0.009430593318301718,1.007005814161614e-06,0.986783514118664
2023-12-05,1,0.007051930502906933,0.9799028769647677,3.9636197156305e-09,0.013044377629459793,8.10939245658703e-07,0.9799028769647677
2023-12-06,1,0.0064390908293803575,0.9598121522705462,3.592317752343157e-11,0.03374787533920342,8.815249465888001e-07,0.9598121522705462
2023-12-07,1,0.00570035691509578,0.9550209437959646,7.342967035267908e-12,0.039277688345192734,1.0109364038284469e-06,0.9550209437959646
2023-12-08,1,0.0010197327907417774,0.9703940288215097,3.16729287926604e-13,0.028583352627945292,2.8857594868440007e-06,0.9703940288215097
2023-12-11,1,0.004113591524116232,0.9922376619613285,1.7548140245443256e-13,0.003632986275145788,1.5760239233320093e-05,0.9922376619613285
2023-12-12,1,0.009223590314883099,0.9863680792547875,9.125202012297494e-16,0.004357658572790997,5.067185753701247e-05,0.9863680792547875
2023-12-13,1,0.017313273221125507,0.9673647686589074,7.044678875000938e-15,0.015293848139908283,2.8109980050909945e-05,0.9673647686589074
2023-12-14,1,0.004562874733595707,0.985091941819601,4.892295900997328e-09,0.010340683917489924,4.494637017185273e-06,0.985091941819601
2023-12-15,1,0.00802368259108419,0.9878465420875745,1.1801233948341722e-05,0.004115932154489084,2.041932904068385e-06,0.9878465420875745
2023-12-18,1,0.011927080806911121,0.9849732980167865,2.5523175030058145e-05,0.0030729715016326164,1.1264996400165168e-06,0.9849732980167865
2023-12-19,1,0.019700213032549083,0.9768726363411272,9.817573614246058e-05,0.00332783984217437,1.1350480069970455e-06,0.9768726363411272
2023-12-20,1,0.03690088507666021,0.9601037717793209,4.5104089880323996e-05,0.002948402750923981,1.8363032145991343e-06,0.9601037717793209
2023-12-21,1,0.03360639200630468,0.9641098065192694,2.2789128982890413e-05,0.0022587396156622955,2.2727297808957787e-06,0.9641098065192694
2023-12-22,1,0.031709326689081364,0.9665634256354941,0.00011788475567406451,0.0016061668260067732,3.1960937436403832e-06,0.9665634256354941
2023-12-26,1,0.025648043138763347,0.972731293835753,0.0001802365829962563,0.001436772519485363,3.653923001674408e-06,0.972731293835753
2023-12-27,1,0.05868342396850673,0.9392087214229901,5.061528766275405e-07,0.0020919454391589193,1.5403016467259808e-05,0.9392087214229901
2023-12-28,1,0.06602328958124651,0.932115269075885,1.4574763160946588e-07,0.0018417033074490756,1.9592287788110073e-05,0.932115269075885
2023-12-29,1,0.042143833950892544,0.9563254124253658,6.023040740837666e-08,0.001513265531370703,1.7427861963075475e-05,0.9563254124253658
2024-01-02,1,0.05162242279090675,0.9468040746688031,6.872137402729963e-06,0.0015632206600370768,3.4097428501496067e-06,0.9468040746688031
2024-01-03,1,0.024950034526553446,0.9738677689764933,5.389678373491351e-10,0.0011744031249420375,7.792833043369272e-06,0.9738677689764933
2024-01-04,1,0.013794485148818902,0.9855207326320504,1.4266439156074417e-10,0.0006772690056204677,7.513070846128654e-06,0.9855207326320504
2024-01-05,1,0.009381533190127165,0.990022049222869,3.2959650476035103e-08,0.0005902550519129996,6.129575440570761e-06,0.990022049222869
2024-01-08,1,0.015880341591038852,0.9833176206264591,4.583491002962711e-08,0.0007996693252362248,2.3226223560660993e-06,0.9833176206264591
2024-01-09,1,0.043866670260689675,0.9559908695702203,6.466179999365952e-07,0.00014035952694290676,1.4540241474537018e-06,0.9559908695702203
2024-01-10,1,0.048684969659279924,0.9511476220530851,6.427258842660265e-07,0.0001661096998879245,6.558618628721454e-07,0.9511476220530851
2024-01-11,1,0.05868966870983969,0.9410255460640846,2.1948456442446398e-05,0.00026178705594618506,1.049713687277167e-06,0.9410255460640846
2024-01-12,1,0.04793957741110047,0.9515113201626086,3.249124879923947e-05,0.0005155157792125308,1.095398278912764e-06,0.9515113201626086
2024-01-16,1,0.016249600325421856,0.9837143986341812,4.2332639539569496e-11,2.5017041303268187e-05,1.0983956761173425e-05,0.9837143986341812
2024-01-17,1,0.008709297711313109,0.9912535194551697,5.117376834151229e-12,8.223893704463647e-06,2.8958934695007367e-05,0.9912535194551697
2024-01-18,1,0.005848893933295098,0.9941245996338949,6.905955650402642e-12,3.389758669291248e-06,2.3116667234875648e-05,0.9941245996338949
2024-01-19,1,0.00386757138833847,0.9960938035766823,1.5653544269786978e-13,2.48905027783907e-06,3.613598454504457e-05,0.9960938035766823
2024-01-22,1,0.004372581118268006,0.9955643501787367,7.633012527910732e-14,2.1792379086119573e-06,6.088946501054954e-05,0.9955643501787367
2024-01-23,1,0.004148548224111527,0.9957951733715851,4.500686080563969e-14,1.941505850953235e-06,5.433689840744645e-05,0.9957951733715851
2024-01-24,1,0.004320616681166481,0.995601118031394,1.5565298386537408e-14,5.621161365627902e-06,7.264412605793307e-05,0.995601118031394
2024-01-25,1,0.002539323843990539,0.9973771877579769,2.1379785662210087e-15,5.934522017574794e-06,7.755387601351692e-05,0.9973771877579769
2024-01-26,1,0.006400148263904417,0.9934907268874021,9.209957055475596e-15,7.189374822924031e-05,3.7231100454956626e-05,0.9934907268874021
2024-01-29,1,0.006271243955680668,0.9935745234534248,6.740504479947225e-15,8.486358636128405e-05,6.936900452581038e-05,0.9935745234534248
2024-01-30,1,0.008438331302472193,0.9914312699989553,6.200473965701295e-14,6.192163450844488e-05,6.84770640017953e-05,0.9914312699989553
2024-01-31,1,0.003870543244016449,0.9959265290968028,5.900511568424342e-15,7.525076463146754e-05,0.00012767689454423165,0.9959265290968028
2024-02-01,1,0.016617927549345875,0.9829056292013856,2.866716962938843e-14,0.00047215654526927894,4.286703970536931e-06,0.9829056292013856
2024-02-02,1,0.028133472544187303,0.9715430672233223,6.731697798709013e-11,0.0003224507576294357,1.0094075436010378e-06,0.9715430672233223
2024-02-05,1,0.013713446634537177,0.9861103616485433,3.2274213186158727e-11,0.00017542205181371998,7.69632831920229e-07,0.9861103616485433
2024-02-06,1,0.025837517054734867,0.9740916391907983,6.004746056903443e-09,6.741393114663658e-05,3.4238185742155233e-06,0.9740916391907983
2024-02-07,1,0.035933995428821024,0.963984098767963,1.773786560622388e-08,7.880757565823884e-05,3.0804896920043515e-06,0.963984098767963
2024-02-08,1,0.014577338767927309,0.9853722419909824,7.722914654091729e-09,4.495666419048822e-05,5.4548539849953815e-06,0.9853722419909824
2024-02-09,1,0.01312584291343405,0.9868362349712771,5.018582240049884e-09,3.1645435207798e-05,6.271661498548929e-06,0.9868362349712771
2024-02-12,1,0.009436011581144781,0.9905424241647307,2.115003924757125e-10,5.943434130607495e-06,1.5620608493178312e-05,0.9905424241647307
2024-02-13,1,0.0019251227420800485,0.9979945210989983,2.5672272896373484e-13,8.076986848354165e-07,7.954845997933325e-05,0.9979945210989983
2024-02-14,1,0.0026818450833951276,0.997294095973383,1.9496948466100596e-13,3.0707645608316657e-06,2.0988178466310797e-05,0.997294095973383
2024-02-15,1,0.003339832978793394,0.9966349939928113,2.0490534707833822e-13,5.856910844542636e-06,1.9316117346374906e-05,0.9966349939928113
2024-02-16,1,0.0031768455270695943,0.9968017981037445,3.700907295828447e-11,1.3075319338455852e-05,8.281012838821019e-06,0.9968017981037445
2024-02-20,1,0.0063516516314610725,0.9935913202444864,3.1793365487893845e-11,5.4530357651085656e-05,2.4977346077532068e-06,0.9935913202444864
2024-02-21,1,0.005206891982420918,0.9947286527222764,8.004281450107339e-11,6.260726809409744e-05,1.8479471657027924e-06,0.9947286527222764
2024-02-22,1,0.005917032464624017,0.9939616695398621,1.763117232739768e-10,0.00012066058217759365,6.372370247084731e-07,0.9939616695398621
2024-02-23,1,0.011164999263470931,0.9887361596443297,2.972104464207514e-14,9.030198971124177e-05,8.539102457656252e-06,0.9887361596443297
2024-02-26,1,0.00785287571869925,0.9920575266123677,6.980531793003971e-15,7.704986471999209e-05,1.2547804206979581e-05,0.9920575266123677
2024-02-27,1,0.005180067387333767,0.9947712222816837,1.3119831237668233e-13,3.988626283333532e-05,8.824068018389871e-06,0.9947712222816837
2024-02-28,1,0.006899723258504541,0.9930356223671818,2.3895314106022075e-14,5.4134558170263055e-05,1.0519816120168458e-05,0.9930356223671818
2024-02-29,1,0.007295915734931965,0.9926729051297161,3.0837968535509358e-12,9.957690105721918e-06,2.122144216293064e-05,0.9926729051297161
2024-03-01,1,0.026603069003517114,0.9733461623851696,1.3586703376285498e-05,3.2763191956908374e-05,4.41871597972953e-06,0.9733461623851696
2024-03-04,1,0.0037559139013189553,0.9961978051598541,1.2933862937763175e-10,1.763597756431649e-05,2.86448319237066e-05,0.9961978051598541
2024-03-05,1,0.005384917821148609,0.9945653358445732,1.0272376973604704e-10,3.219078050147001e-05,1.75554510528222e-05,0.9945653358445732
2024-03-06,1,0.0069275178872415044,0.9930125700682887,7.514665935654108e-10,4.470742702065399e-05,1.5203865982467676e-05,0.9930125700682887
2024-03-07,1,0.006169184551241551,0.9937825829355867,2.6972157744301917e-10,3.3170451649531376e-05,1.5061791800952448e-05,0.9937825829355867
2024-03-08,1,0.011112118047556997,0.9887933840356157,1.4526696940891814e-09,8.077756993291902e-05,1.3718894224397934e-05,0.9887933840356157
2024-03-11,1,0.012174654103745382,0.9877391271745707,4.3929996363959245e-09,7.379222613978768e-05,1.2422102544519804e-05,0.9877391271745707
2024-03-12,1,0.017423615040709987,0.9813838166225063,2.224894760526895e-07,0.0011911681504923111,1.177696814971251e-06,0.9813838166225063
2024-03-13,1,0.013864356069348749,0.9381711970280268,1.6477317048377587e-06,0.04796279725730746,1.9136124167022166e-09,0.9381711970280268
2024-03-14,1,0.0046890424537054075,0.99234770496176,7.216035158444462e-07,0.002962484649022907,4.6331995070723614e-08,0.99234770496176
2024-03-15,1,0.006546211163462902,0.9909935166776785,3.1916888786614207e-07,0.0024599101598273636,4.283014299126428e-08,0.9909935166776785
2024-03-18,1,0.004653400400858955,0.9936838510927319,6.317620386325038e-08,0.0016626369122853298,4.841791924201365e-08,0.9936838510927319
2024-03-19,1,0.006388273855159895,0.9919275992174961,3.322795138954803e-07,0.001683711732759796,8.291507043643698e-08,0.9919275992174961
2024-03-20,1,0.005040936282183163,0.9937608634164462,1.1650642475949048e-08,0.0011981523584214462,3.629230668794897e-08,0.9937608634164462
2024-03-21,1,0.0029358249887496274,0.9954482121385768,1.568507805117001e-10,0.001615930963717667,3.1752104841887406e-08,0.9954482121385768
2024-03-22,1,0.010521281531066764,0.9868156412159781,1.25934768259556e-06,0.0026617519204859908,6.598478617411106e-08,0.9868156412159781
2024-03-25,1,0.009183993439039166,0.9882279485827061,2.1276245209695584e-05,0.0025667559255634024,2.5807482001265502e-08,0.9882279485827061
2024-03-26,1,0.01425488110111245,0.9825294941696517,2.5548545684273392e-05,0.0031900516353429217,2.454820902740805e-08,0.9825294941696517
2024-03-27,1,0.013777373971757309,0.9825938011292997,1.6136511739421884e-05,0.00361266011578081,2.8271422947148206e-08,0.9825938011292997
2024-03-28,1,0.006687838716080283,0.9896491630451629,9.549262627371749e-06,0.0036534358708717094,1.3105257687572518e-08,0.9896491630451629
2024-04-01,1,0.004374120605528234,0.99179180489174,1.4765731585732994e-09,0.0038340717092117988,1.3169459815905572e-09,0.99179180489174
2024-04-02,1,0.007064099621850231,0.9847821595201525,8.116443987661482e-08,0.008153659292019699,4.015381849847635e-10,0.9847821595201525
2024-04-03,1,0.006951738012308286,0.9880663043948317,9.693334225112803e-06,0.004972262023273894,2.2353608237116388e-09,0.9880663043948317
2024-04-04,1,0.006929403300250056,0.9914823514203931,6.242952864770972e-07,0.001587593048884327,2.7935186514554997e-08,0.9914823514203931
2024-04-05,1,0.002282868224140398,0.9970240183393516,3.835739601387253e-07,0.0006926695873371214,6.02752106160492e-08,0.9970240183393516
2024-04-08,1,0.0027812253683137857,0.9963880529874211,2.450719695561143e-07,0.0008304405821014134,3.5990194131872146e-08,0.9963880529874211
2024-04-09,1,0.0026293914879997405,0.9965937809604299,1.1663734250895896e-07,0.0007766751062139898,3.580801406775853e-08,0.9965937809604299
2024-04-10,1,0.0005651363610685117,0.9994240769153226,2.0312742247589904e-07,9.769694565189145e-06,8.139016212116914e-07,0.9994240769153226
2024-04-11,1,0.00023504471881467278,0.9997587477488051,1.1948394803744466e-09,3.3074230358648656e-06,2.898914505227478e-06,0.9997587477488051
2024-04-12,1,0.0005174356840492838,0.9994739385865593,1.6088574192088695e-08,7.848477905107591e-06,7.611629118576358e-07,0.9994739385865593
2024-04-15,1,0.00031689894439771663,0.9996775346773711,1.2026190793796206e-08,4.66782859609116e-06,8.865234436610216e-07,0.9996775346773711
2024-04-16,1,0.0002454580766233134,0.9997495040747559,2.6801888668075044e-08,3.7035738136562466e-06,1.3074729180776513e-06,0.9997495040747559
2024-04-17,1,9.703742040402705e-05,0.9998921675354681,9.659653624749588e-11,1.0735772990452783e-05,5.917454056410151e-08,0.9998921675354681
2024-04-18,1,0.00015834846195870046,0.9998379328338876,1.04029024301268e-08,3.591061132445595e-06,1.1724011835514453e-07,0.9998379328338876
2024-04-19,1,0.0003598925273911261,0.9996297382472848,1.9094257511682295e-07,1.0031706364800318e-05,1.4657638427682486e-07,0.9996297382472848
2024-04-22,1,2.2450330978548015e-05,0.9996776628384489,9.176179596480615e-12,0.00029987410224497653,1.2719150480586143e-08,0.9996776628384489
2024-04-23,1,2.358147390513646e-05,0.9995668808485697,3.8052045706644583e-13,0.0004095270581950721,1.0618950230994154e-08,0.9995668808485697
2024-04-24,1,2.0936638499411055e-05,0.9996141747963809,4.995133012624781e-13,0.00036487902608446377,9.538535599596542e-09,0.9996141747963809
2024-04-25,1,2.6348097881149772e-05,0.9995583989865314,7.535517499565034e-13,0.0004152451542271509,7.760607161646654e-09,0.9995583989865314
2024-04-26,1,8.771285755717537e-05,0.9994200543266046,3.561138798502712e-12,0.0004922142651888478,1.8547088790896552e-08,0.9994200543266046
2024-04-29,1,0.0001329545101467809,0.9994399772464136,9.928307129840584e-12,0.0004270269774284896,4.125608281975595e-08,0.9994399772464136
2024-04-30,1,5.8276720552904204e-05,0.9997117600616132,2.8079628801855427e-09,0.00022679898373362703,3.1614261374167446e-06,0.9997117600616132
2024-05-01,1,1.934834981589187e-05,0.9998702417347946,1.5882302433637474e-14,0.00010631257876685638,4.097336606661373e-06,0.9998702417347946
2024-05-02,1,2.427330771157112e-05,0.9997752546487049,2.080619257171177e-14,0.00019705052215491148,3.4215214075899013e-06,0.9997752546487049
2024-05-03,1,0.00013461535817345388,0.9995628471308682,1.7320242002681193e-14,0.00029597182158415934,6.565689357025726e-06,0.9995628471308682
2024-05-06,1,9.993526429858135e-05,0.9995473347510287,5.393837512405053e-14,0.00034957787206208596,3.152112555724764e-06,0.9995473347510287
2024-05-07,1,0.00013416368790789132,0.9994798640902463,1.8943253166104185e-13,0.0003831118878920647,2.860333764435271e-06,0.9994798640902463
2024-05-08,1,0.00021143385753223461,0.9992117606827783,4.129005065812279e-13,0.0005759673034236548,8.381558530231866e-07,0.9992117606827783
2024-05-09,1,0.0006729032976272809,0.9980222250844928,3.5627777654622485e-11,0.001304574920351326,2.9666190124447666e-07,0.9980222250844928
2024-05-10,1,0.0003650331208516084,0.9984655707938427,6.741415665365637e-11,0.0011688049334684018,5.910844228355272e-07,0.9984655707938427
2024-05-13,1,0.00015567584749594712,0.9995254362105072,1.7518019878673725e-11,0.000304247735305,1.4640189173878777e-05,0.9995254362105072
2024-05-14,1,0.0002697011393194176,0.999290839756309,1.2610553548498595e-11,0.00041805325940781044,2.1405832352853382e-05,0.999290839756309
2024-05-15,1,0.0010261057723786758,0.9980264405405628,5.8195003474458494e-08,0.0008645143680082225,8.288112404693236e-05,0.9980264405405628
2024-05-16,1,0.0008624848607560477,0.9983954109763253,3.73690040396206e-08,0.0006283376553356884,0.00011372913857882567,0.9983954109763253
2024-05-17,1,0.0003673385534662405,0.9992402077418645,6.504019468120481e-08,0.00028315657433936547,0.00010923209013553041,0.9992402077418645
2024-05-20,1,0.0007468146497706721,0.9990196332361324,8.340484270748063e-10,1.875616996458802e-06,0.00023167566305122407,0.9990196332361324
2024-05-21,1,0.0009066572843690072,0.9985716019573035,1.888093720172526e-09,1.9111003615230125e-06,0.0005198277698720399,0.9985716019573035
2024-05-22,1,0.0020172379908063327,0.9976764126223159,2.029751962003567e-07,3.000622969184524e-06,0.0003031457887116583,0.9976764126223159
2024-05-23,1,0.0005517739018316653,0.9982998292218619,4.3823428188921513e-07,7.601783836097769e-06,0.0011403568581877467,0.9982998292218619
2024-05-24,1,0.0012557106354648382,0.9979957023226321,1.3515523687785485e-06,1.061784771105295e-05,0.0007366176418225825,0.9979957023226321
2024-05-28,1,0.0010463376278209648,0.9988361593756672,6.611315225628125e-05,1.4205921013013418e-05,3.718392324214758e-05,0.9988361593756672
2024-05-29,1,0.0015776340341790056,0.9983997332962081,3.0845822434824625e-06,1.2991914347717435e-05,6.556173021689211e-06,0.9983997332962081
2024-05-30,1,0.00867443414216925,0.9908660018745882,0.00040693946757305535,4.7359574292998754e-05,5.264941376130317e-06,0.9908660018745882
2024-05-31,1,0.012024698206231631,0.9860135227211266,0.0016677047857550772,0.00029080025694645074,3.2740299404763117e-06,0.9860135227211266
2024-06-03,1,0.00191248769321206,0.9979490124640219,1.8071923732519135e-06,0.00012278288430188795,1.3909766090654176e-05,0.9979490124640219
2024-06-04,1,0.004438568879280072,0.9952418234176558,2.984714045984684e-06,0.000293387221875801,2.3235767142603836e-05,0.9952418234176558
2024-06-05,1,0.002207387980242683,0.9976214655628652,2.685167555899801e-06,0.00015217746208974668,1.6283827246364783e-05,0.9976214655628652
2024-06-06,1,0.0024703766028373207,0.9974099089138144,1.1268945649216728e-05,9.948953017286548e-05,8.956007526644583e-06,0.9974099089138144
2024-06-07,1,0.00020736325649802498,0.9994190793859015,2.5393335601500656e-05,0.000309096071955979,3.906795004262516e-05,0.9994190793859015
2024-06-10,1,0.00023099138539656294,0.9994915221179947,2.2356692932943627e-05,0.00024872058826760137,6.40921540858382e-06,0.9994915221179947
2024-06-11,1,0.0007324991068312649,0.9985283563976449,7.941130979687415e-05,0.0006580917393262272,1.641446401030085e-06,0.9985283563976449
2024-06-12,1,0.0018269266438858227,0.9952634013810007,0.002079755595583247,0.0008278252144175646,2.091165112979477e-06,0.9952634013810007
2024-06-13,1,0.0019658676360416816,0.9938142077625369,0.0011656643346512835,0.003052235913392961,2.024353377311116e-06,0.9938142077625369
2024-06-14,1,0.0009365566061324806,0.99533343083865,0.000789098886510899,0.0029379239210960183,2.989747610290408e-06,0.99533343083865
2024-06-17,1,0.00047844906613745704,0.9978663624043119,0.00022971172198011906,0.0014218813519886542,3.595455581875084e-06,0.9978663624043119
2024-06-18,1,0.0010175785006411534,0.9955821188502455,0.0011453892459529905,0.002251315118629253,3.598284531257146e-06,0.9955821188502455
2024-06-20,1,0.00043995368834755515,0.9967147691080596,0.000645242969068779,0.0021971013565254514,2.9328779987676633e-06,0.9967147691080596
2024-06-21,1,0.00031524752042190094,0.9963099433986271,0.0007269836443040173,0.002644993001379584,2.832435267544858e-06,0.9963099433986271
2024-06-24,1,0.0008595694230317047,0.9959976534526092,0.0005420932447225269,0.002600293193954332,3.9068568187569995e-07,0.9959976534526092
2024-06-25,1,0.0009371983462231834,0.9959976680836966,0.0004921241186212933,0.0025727993946381283,2.100568206256175e-07,0.9959976680836966
2024-06-26,1,0.0007180645728754343,0.9977305458632427,9.062994800433525e-05,0.0014603043522039738,4.5526367338101993e-07,0.9977305458632427
2024-06-27,1,0.0005642062797707224,0.9972822750643429,0.0001477286549126678,0.0020055270714308855,2.6292954319750307e-07,0.9972822750643429
2024-06-28,1,0.0004793004976295874,0.9968087887046901,0.0010011944816530067,0.001710473558655484,2.427573717372667e-07,0.9968087887046901
2024-07-01,1,0.00021234189785969957,0.9981912832677727,0.0006728576113480307,0.0009230108038637499,5.064191558077158e-07,0.9981912832677727
2024-07-02,1,0.0017890820398780392,0.760362529445115,0.23429032408990036,0.003557594481353188,4.6994375265226316e-07,0.760362529445115
2024-07-03,2,0.0009701342694559289,0.4605677245241416,0.535285599143412,0.003175764272343423,7.777906469568421e-07,0.535285599143412
2024-07-05,1,0.000970325778578773,0.6033014335419895,0.3910075234373544,0.004720404339357853,3.1290271933562544e-07,0.6033014335419895
2024-07-08,1,0.0008268308890696987,0.5541085215151652,0.4411643972953252,0.0039000044468475597,2.458535933110846e-07,0.5541085215151652
2024-07-09,1,0.008705017650540743,0.9511278412859785,0.0354268432947147,0.004740215759313514,8.200945251329775e-08,0.9511278412859785
2024-07-10,1,0.01793054426923625,0.8258093785000287,0.14815537614723187,0.008104608174857518,9.29086453455785e-08,0.8258093785000287
2024-07-11,1,0.008588618623906386,0.5489398107121864,0.4361757811051355,0.006295636278263013,1.5328050902304033e-07,0.5489398107121864
2024-07-12,1,0.01385550317584818,0.8294906274140477,0.14422932976742484,0.012424508337431679,3.1305247519658125e-08,0.8294906274140477
2024-07-15,1,0.021658976440912033,0.9504543456299943,0.01093185173265122,0.01695481369785307,1.2498589856913553e-08,0.9504543456299943
2024-07-16,1,0.02067242838202487,0.9207570765480474,0.0443312818010282,0.014239149634294995,6.36346051616125e-08,0.9207570765480474
2024-07-17,1,0.0410903423639222,0.9002266881994491,0.04742448235305153,0.011258311571023027,1.755125547629645e-07,0.9002266881994491
2024-07-18,1,0.050787283008793656,0.899988793112622,0.03810535809793816,0.011118301120591525,2.646600539454822e-07,0.899988793112622
2024-07-19,2,0.025210060595475262,0.48039948895530754,0.49337713786281306,0.0010129803887440802,3.321976600882868e-07,0.49337713786281306
2024-07-22,1,0.0399994103679867,0.7018926908379924,0.25658718316438295,0.0015203967392954827,3.18890342390725e-07,0.7018926908379924
2024-07-23,1,0.03970642122069012,0.9403852919594937,0.017796410691995914,0.002110982664821859,8.934629981140187e-07,0.9403852919594937
2024-07-24,1,0.02274460024922934,0.9648367904986327,0.011126324317540525,0.001291744894118306,5.400404795040109e-07,0.9648367904986327
2024-07-25,1,0.0048927713876681465,0.9910295965642599,0.0005906069762462772,0.003474852895794746,1.2172176030613178e-05,0.9910295965642599
2024-07-26,1,0.007201782564518833,0.9874385321453049,4.3924511224822324e-05,0.005273810876129934,4.194990282136038e-05,0.9874385321453049
2024-07-29,1,0.010415261354025833,0.9820136713200148,3.836196032516804e-05,0.007480364767519887,5.234059811377273e-05,0.9820136713200148
2024-07-30,1,0.016304626864247353,0.9347773602199312,2.670219696850152e-05,0.048741717639732805,0.00014959307912085413,0.9347773602199312
2024-07-31,1,0.007603709553530345,0.9880004399966246,0.00010893865696093729,0.004241323864290639,4.5587928593324985e-05,0.9880004399966246
2024-08-01,1,0.04214109076840408,0.9180444691945074,5.685274695695658e-06,0.039722938753621755,8.581600877060588e-05,0.9180444691945074
2024-08-02,1,0.0383174052243099,0.923249521351021,5.543589550973391e-10,0.03838408142714287,4.89914431671963e-05,0.923249521351021
2024-08-05,1,0.031452383303757867,0.9527594731511747,3.405290475675817e-12,0.01573633448688341,5.1809054778812615e-05,0.9527594731511747
2024-08-06,1,0.011683126258392915,0.9726356804356362,5.461815527801008e-12,0.015656162009630707,2.5031290878725974e-05,0.9726356804356362
2024-08-07,1,0.003311409819856337,0.9907880783745003,3.002065116716324e-13,0.005879447695281345,2.106411006201645e-05,0.9907880783745003
2024-08-08,1,0.0018550496749526275,0.9921921642961296,1.410402241675264e-16,0.005938862682441518,1.3923346476375362e-05,0.9921921642961296
2024-08-09,1,0.002500923379222884,0.9909575917481602,4.822167040840215e-16,0.006524057948850505,1.7426923766728878e-05,0.9909575917481602
2024-08-12,1,0.0019835015937366817,0.9868029708917482,2.1633305027317073e-15,0.011182902414033496,3.0625100479678735e-05,0.9868029708917482
2024-08-13,1,0.006239076735776008,0.979308685875569,3.715867183632089e-15,0.014415098101788787,3.713928686312591e-05,0.979308685875569
2024-08-14,1,0.0061373423943499265,0.964804308555633,7.779751382976123e-15,0.029029044998040807,2.9304051968699695e-05,0.964804308555633
2024-08-15,1,0.0011176809173486704,0.9845441326618216,1.3706978998097834e-16,0.014324711196814058,1.3475224014860663e-05,0.9845441326618216
2024-08-16,1,0.00018900938211136983,0.9982692152115156,4.0464687304634305e-19,0.0015300928610753237,1.1682545298407927e-05,0.9982692152115156
2024-08-19,1,0.00011914330033484018,0.9980971460730689,7.718261893694636e-21,0.0017654905516042044,1.822007499263359e-05,0.9980971460730689
2024-08-20,1,0.00015032500703467399,0.9974922897407739,2.0431375986532644e-19,0.0023258454745857136,3.15397776064994e-05,0.9974922897407739
2024-08-21,1,0.0001792874909555003,0.9956340570735499,1.2922654007543452e-20,0.004133624610635855,5.3030824859318557e-05,0.9956340570735499
2024-08-22,1,0.0003292281726772862,0.9988390846081437,2.735613469826147e-20,0.0008195460805179577,1.2141138660282659e-05,0.9988390846081437
2024-08-23,1,0.004147860831478334,0.9940491275147038,1.6829565445031128e-15,0.0017929437079497433,1.006794586668209e-05,0.9940491275147038
2024-08-26,1,0.0014272917838078151,0.9963970329623423,6.02719871706679e-17,0.0021431631162735767,3.251213757635922e-05,0.9963970329623423
2024-08-27,1,0.0026860825341956706,0.993363322704177,5.384627483660317e-17,0.003924269899583626,2.6324862044056723e-05,0.993363322704177
2024-08-28,1,0.004381142894481486,0.9924723770520073,1.892907312685269e-16,0.003127823044415435,1.8657009094926927e-05,0.9924723770520073
2024-08-29,1,0.0011481886080620945,0.9955220740419582,1.946679832809113e-17,0.0032992149729915692,3.052237698865171e-05,0.9955220740419582
2024-08-30,1,0.022807814801770562,0.9738127346532564,1.7564681978081695e-10,0.0033751298501070843,4.320519219170013e-06,0.9738127346532564
2024-09-03,1,0.12536134342837835,0.8564736576367762,1.772370831691189e-09,0.018163663652791904,1.3335096836150576e-06,0.8564736576367762
2024-09-04,1,0.18802208436201126,0.8038386766988886,3.5037579017862024e-10,0.008130588096421015,8.650492302764137e-06,0.8038386766988886
2024-09-05,1,0.332860913326734,0.658053263466993,4.969168597472995e-09,0.009076456242874415,9.361994230681888e-06,0.658053263466993
2024-09-06,0,0.6651122036546122,0.31965404114327745,6.332896667933021e-09,0.01522840748326703,5.341385946360858e-06,0.6651122036546122
2024-09-09,0,0.5904873387748701,0.3842851188178461,1.1823558455533264e-09,0.025220231883639713,7.3093412880998155e-06,0.5904873387748701
2024-09-10,0,0.7993773960464023,0.17357947972679696,2.8167324798245387e-11,0.026962430396771753,8.069380186096509e-05,0.7993773960464023
2024-09-11,0,0.7121356602407941,0.27863086924409614,5.6014418099602065e-11,0.009203767696651537,2.9702762443270396e-05,0.7121356602407941
2024-09-12,0,0.6163141216301588,0.3829787253507527,2.172923532681146e-09,0.0006708960732237733,3.625477294180789e-05,0.6163141216301588
2024-09-13,0,0.7644415084219726,0.23494441126868632,1.0000272614276492e-08,0.0005554301800962488,5.864012897197258e-05,0.7644415084219726
2024-09-16,0,0.8679299581146729,0.13189465087883617,1.259817051624058e-07,0.0001723519060338581,2.913118751996766e-06,0.8679299581146729
2024-09-17,0,0.7998171481375888,0.2000950580115319,1.3700634933718083e-06,8.425731781056411e-05,2.166469575630187e-06,0.7998171481375888
2024-09-18,0,0.7373477187407346,0.2625876334252089,1.1987262593643558e-06,6.129149069227717e-05,2.157617105396598e-06,0.7373477187407346
2024-09-19,0,0.5938281797720716,0.4061177162220091,3.3795397663466715e-05,1.8779807532769075e-05,1.5288007237696847e-06,0.5938281797720716
2024-09-20,0,0.5863957531928973,0.4134860427785631,9.703798788540533e-05,2.043760068789376e-05,7.284399663348928e-07,0.5863957531928973
2024-09-23,1,0.48715681175729797,0.5127073471788225,2.297267469166904e-07,0.00013460927088368874,1.0020662494453341e-06,0.5127073471788225
2024-09-24,0,0.7306508939905425,0.26926787959216447,3.0177392442897175e-05,5.049516045287009e-05,5.538643976188878e-07,0.7306508939905425
2024-09-25,0,0.6835504853537413,0.3163717342636733,5.9276239399971716e-05,1.795692324257089e-05,5.472199426007446e-07,0.6835504853537413
2024-09-26,1,0.4429624681914781,0.556959895995529,5.679097894306179e-07,7.630216920523048e-05,7.657339976145966e-07,0.556959895995529
2024-09-27,0,0.6083118421467985,0.39159975179616807,1.1821966740980365e-07,8.60372176149424e-05,2.250619751649265e-06,0.6083118421467985
2024-09-30,1,0.176024044766526,0.8239581180435133,4.0333031482446385e-10,1.4323530436661906e-05,3.513256193507697e-06,0.8239581180435133
2024-10-01,1,0.055233988272100326,0.944637150272511,6.112113370537923e-11,0.000127700536069178,1.1608581988504325e-06,0.944637150272511
2024-10-02,1,0.08532170691230283,0.914542667441985,2.0403822963310508e-08,0.00013353763490757381,2.0676069816898483e-06,0.914542667441985
2024-10-03,1,0.021832731228347876,0.9779409678351292,2.0465770776571447e-10,0.00022208176914176043,4.2189627231049204e-06,0.9779409678351292
2024-10-04,1,0.007513225426583827,0.991857849151565,5.8167514428472e-10,0.0006268448826893858,2.0799574864395844e-06,0.991857849151565
2024-10-07,1,0.0050557492961904255,0.9944439140811367,1.5667480501311543e-10,0.0004916443312554154,8.692134742882199e-06,0.9944439140811367
2024-10-08,1,0.011713293986486344,0.9824608353932166,1.2600547272909495e-08,0.0058243028389409705,1.5551808088426877e-06,0.9824608353932166
2024-10-09,1,0.012726221822545132,0.9842744401868392,3.104389427767988e-08,0.0029988474496000497,4.594971209837495e-07,0.9842744401868392
2024-10-10,1,0.008434227883244959,0.9785888993106588,1.8924434111985085e-10,0.012976300969251743,5.716476006574448e-07,0.9785888993106588
2024-10-11,1,0.00875793075830045,0.9745414499535879,9.079211719920972e-11,0.016699772984520616,8.462127996832794e-07,0.9745414499535879
2024-10-14,1,0.010036292812159005,0.9806087253731123,2.797792308151027e-10,0.009354839088040138,1.4244690927330648e-07,0.9806087253731123
2024-10-15,1,0.011472594291179031,0.9761352135657921,2.8880239132373284e-12,0.012392107254753312,8.488538784367126e-08,0.9761352135657921
2024-10-16,1,0.012720219028200946,0.9758642077448896,3.0194023464504634e-12,0.011415457528453068,1.156954368489414e-07,0.9758642077448896
2024-10-17,1,0.006886536920940557,0.9802942685175048,3.7282782575603757e-13,0.012819147893591419,4.6667590141266295e-08,0.9802942685175048
2024-10-18,1,0.009926728607264382,0.9805624490240034,1.0607840283256702e-13,0.009510745074142055,7.729448398669224e-08,0.9805624490240034
2024-10-21,1,0.00353961004574505,0.987226972103354,5.197474372868416e-14,0.009233336823556298,8.102729337850402e-08,0.987226972103354
2024-10-22,1,0.001573936855019969,0.9791711721683124,9.478541209643026e-17,0.019254800823302318,9.015336491872077e-08,0.9791711721683124
2024-10-23,1,0.0016117301389233691,0.9853562387175575,9.734571254500988e-16,0.01303184266855912,1.8847495944341744e-07,0.9853562387175575
2024-10-24,1,0.003040663636840688,0.9880799472271043,5.186084259765466e-13,0.008879234097207799,1.550383276764564e-07,0.9880799472271043
2024-10-25,1,0.004188106936578277,0.9704865202167505,4.381006740677449e-11,0.025325355020391793,1.778247006368957e-08,0.9704865202167505
2024-10-28,1,0.0038239307828043544,0.9253737842351453,6.164796631448053e-15,0.07080222607363723,5.8908406388288285e-08,0.9253737842351453
2024-10-29,1,0.01339657654905696,0.979487632542264,2.931098518585011e-14,0.007115415797402944,3.751112475397772e-07,0.979487632542264
2024-10-30,1,0.011827729283712405,0.9821062632366948,1.1000023297984999e-12,0.006065808439491991,1.9903900001214895e-07,0.9821062632366948
2024-10-31,1,0.006083620007435391,0.9938321784556727,1.0809284919405362e-14,7.87870927078905e-05,5.41444417326232e-06,0.9938321784556727
2024-11-01,1,0.004921969432104529,0.9950363406508883,6.682269630926152e-15,3.720822644129163e-05,4.481690558604759e-06,0.9950363406508883
2024-11-04,1,0.007894755914577622,0.9920776379575468,2.1082509353832467e-14,2.4201266697782783e-05,3.404861157576343e-06,0.9920776379575468
2024-11-05,1,0.003559009982827307,0.9964330316714354,1.597348966352917e-14,8.8586809825652e-07,7.072477623799006e-06,0.9964330316714354
2024-11-06,1,0.00085325175565787,0.9980324179074005,1.3997803442144107e-08,0.001114231758108986,8.45810295434302e-08,0.9980324179074005
2024-11-07,1,0.0016127445798554635,0.9974922672788246,1.95312347892053e-08,0.0008948116457558676,1.5696432922784602e-07,0.9974922672788246
2024-11-08,1,0.003469952822310104,0.9955050559424129,3.224028225204766e-08,0.0010248690824901305,8.991250434445072e-08,0.9955050559424129
2024-11-11,1,0.0009010340340616633,0.9984969961771764,1.3795649874576138e-06,0.0006000783485218922,5.118752527870984e-07,0.9984969961771764
2024-11-12,1,0.0005069905739003661,0.9989371539902174,0.00024153336638306174,0.00031411791404173964,2.0415545733989882e-07,0.9989371539902174
2024-11-13,1,0.00032200141369524124,0.9990721093390371,0.0002887132190957086,0.000317013322464413,1.627057072618989e-07,0.9990721093390371
2024-11-14,1,0.0003511534303038389,0.9990369486603864,0.00027681396745494926,0.0003349128972909735,1.7104456391573178e-07,0.9990369486603864
2024-11-15,1,0.000352669814175128,0.9983075571441188,0.0010023800740439446,0.0003373108729735716,8.209468809741533e-08,0.9983075571441188
2024-11-18,1,0.0002799435475819157,0.985273521672957,0.014259457963126346,0.00018698341484368075,9.340149100753274e-08,0.985273521672957
2024-11-19,1,0.00032003102233988924,0.9899931680779819,0.009489670985694358,0.00019703956911811056,9.03448658031196e-08,0.9899931680779819
2024-11-20,1,0.0002042843754616234,0.9928445142672385,0.00668516189745348,0.000265948979779583,9.048006690283224e-08,0.9928445142672385
2024-11-21,1,0.00016463641587525683,0.9785062980846753,0.021022372701421592,0.00030659845060343623,9.434742429475624e-08,0.9785062980846753
2024-11-22,1,0.00024718093833715093,0.9891555012910893,0.010272955387191349,0.00032401918633708806,3.431970449586522e-07,0.9891555012910893
2024-11-25,1,8.309376480468588e-05,0.9849218726250993,0.002476594085709877,0.012510614348291201,7.825176095570306e-06,0.9849218726250993
2024-11-26,1,9.72211409057317e-05,0.9856228497473087,0.001179132067438739,0.013095030123275668,5.766921071941558e-06,0.9856228497473087
2024-11-27,1,0.00013640535030544706,0.9852967922189575,0.002166478021915825,0.01239429678201056,6.027626811298222e-06,0.9852967922189575
2024-11-29,1,0.0002262658052279297,0.9904594517880704,0.00064708631799421,0.008666710769682461,4.853190243623402e-07,0.9904594517880704
2024-12-02,1,0.00016943196825867669,0.9910277588815116,0.0013748598623751222,0.007427380368531021,5.689193228790173e-07,0.9910277588815116
2024-12-03,1,0.00012159832335283501,0.9922484343276555,0.0006043129919878338,0.007025378647745315,2.7570925787014877e-07,0.9922484343276555
2024-12-04,1,0.00010870060824567461,0.9923122836543787,0.00030771638765765465,0.007270946621862824,3.527278548464829e-07,0.9923122836543787
2024-12-05,1,0.0008074223069613637,0.9798497255908278,1.4218033764653025e-09,0.019342315458309015,5.352220979787301e-07,0.9798497255908278
2024-12-06,1,0.0007404831723690866,0.9560810017080624,7.724512034628401e-12,0.04317788933018671,6.257816579610061e-07,0.9560810017080624
2024-12-09,1,0.0001332258825360894,0.9485268882295221,3.0717922852568774e-13,0.05133967903982838,2.0684780679772812e-07,0.9485268882295221
2024-12-10,1,4.0367424123516995e-05,0.9589771492526556,5.684375734129052e-20,0.040982469380160716,1.3943059405453872e-08,0.9589771492526556
2024-12-11,1,4.136854094369691e-06,0.9720817166081606,9.315542387598719e-23,0.027914137988859316,8.54888503780513e-09,0.9720817166081606
2024-12-12,1,1.69736063678435e-06,0.9879840562016436,8.462143968751995e-22,0.012014227470075627,1.896764361244902e-08,0.9879840562016436
2024-12-13,1,7.046779790665968e-07,0.9901955535663537,2.429905726042508e-21,0.009803683160242412,5.859542537923332e-08,0.9901955535663537
2024-12-16,1,7.266155465725347e-07,0.9878526715190916,2.1085957601916195e-21,0.01214653198845768,6.987690427324249e-08,0.9878526715190916
2024-12-17,1,4.244793827221404e-07,0.9868541747301193,1.0154570225778274e-25,0.013145366225011173,3.456548670540343e-08,0.9868541747301193
2024-12-18,1,3.8201908788572965e-07,0.9962334609567486,1.708274319062111e-23,0.003766100821162508,5.6203001091321184e-08,0.9962334609567486
2024-12-19,1,4.897743016008047e-07,0.992866466913278,5.828201226063298e-21,0.007132926139706934,1.1717271345634999e-07,0.992866466913278
2024-12-20,1,7.277499129942613e-07,0.9987398844950934,6.188108267165615e-16,0.0012588450256774035,5.427293161583684e-07,0.9987398844950934
2024-12-23,1,3.6476840588475414e-06,0.9988693561774482,9.668199896007579e-14,0.0011263897806535182,6.063577434707175e-07,0.9988693561774482
2024-12-24,1,0.0005942378725418588,0.9992801455231829,2.078368103162635e-08,0.00012456130906447375,1.034511529985212e-06,0.9992801455231829
2024-12-26,1,0.00047166219017610075,0.9994142723053537,1.57421797568801e-08,0.00011280496162624669,1.2448006637475863e-06,0.9994142723053537
2024-12-27,1,0.00028569686947159346,0.9996206755900882,7.424166344797798e-10,9.049041540540479e-05,3.136382618582923e-06,0.9996206755900882
2024-12-30,1,0.0006486385834374711,0.9991211655362106,2.0854855130387936e-09,0.0002264271459746464,3.7666488920275887e-06,0.9991211655362106
2024-12-31,1,0.00025236014281451594,0.9995969194020108,2.9133802203508265e-11,0.00014915835818791917,1.5620678528528566e-06,0.9995969194020108
2025-01-02,1,2.304646589293099e-05,0.9998744827400363,3.614209940019654e-15,0.00010188447964139378,5.863144263501513e-07,0.9998744827400363
2025-01-03,1,6.084997187466175e-05,0.9995526700695464,7.088839696374679e-15,0.00038556160519298424,9.183533790036262e-07,0.9995526700695464
2025-01-06,1,6.955892135547899e-05,0.999748062975441,1.6044868839580196e-13,0.00018168646077823352,6.916422641921835e-07,0.999748062975441
2025-01-07,1,4.023985163967768e-05,0.9996697794590228,8.175263077827502e-14,0.0002895717606283559,4.0892862747500283e-07,0.9996697794590228
2025-01-08,1,9.048995646960707e-05,0.9997237476015817,1.1179579874838628e-13,0.0001851140922555859,6.48349580926693e-07,0.9997237476015817
2025-01-10,1,1.5656470514351043e-05,0.9990792327835258,8.456291776322525e-17,0.0009050061529810294,1.0459297828860877e-07,0.9990792327835258
2025-01-13,1,2.3285868157219374e-05,0.9992006968726604,3.4722315253722415e-15,0.0007696429262946889,6.374332884681448e-06,0.9992006968726604
2025-01-14,1,1.3480646134394762e-05,0.9997991053286556,2.366940896232841e-17,0.00018521880386266766,2.1952213472664607e-06,0.9997991053286556
2025-01-15,1,3.0708361398720694e-05,0.999704253075203,3.4222568374418885e-15,0.0002647359623915227,3.0260100385787053e-07,0.999704253075203
2025-01-16,1,1.7866373895319997e-05,0.9998724170333683,1.199872746171711e-14,0.00010884248064331298,8.74112081301204e-07,0.9998724170333683
2025-01-17,1,2.3697646154891624e-05,0.9998500283353797,3.220544916324778e-14,0.0001255363415218066,7.376769105207188e-07,0.9998500283353797
2025-01-21,1,6.334670723320457e-06,0.9997814207319329,1.177032998816387e-17,0.00021199570736623173,2.488899769854129e-07,0.9997814207319329
2025-01-22,1,1.832505372518444e-06,0.9999786603043834,1.9789316236728314e-21,1.9247237534892455e-05,2.5995270980755685e-07,0.9999786603043834
2025-01-23,1,4.004059683244446e-06,0.9992807397009899,8.137821449175811e-25,0.0007152444317648976,1.1807561194883916e-08,0.9992807397009899
2025-01-24,1,1.7120821221892954e-06,0.9996941599951696,2.1403358812969274e-26,0.0003041152941307426,1.2628578263950827e-08,0.9996941599951696
2025-01-27,1,8.442879850514828e-07,0.9999549354199754,9.105328010078714e-26,4.4160508977931746e-05,5.978306183306736e-08,0.9999549354199754
2025-01-28,1,3.0201327337735853e-07,0.9999750971548665,3.590527062924238e-27,2.4544405652657736e-05,5.6426208055282583e-08,0.9999750971548665
2025-01-29,1,4.34063747549851e-07,0.9999478490383238,1.627518436144682e-27,5.1710304354019354e-05,6.593574180678627e-09,0.9999478490383238
2025-01-30,1,1.4845007164910176e-07,0.9999752790985509,1.0764230007113208e-25,2.4563592772930762e-05,8.858604764452178e-09,0.9999752790985509
2025-01-31,1,5.258813657362648e-07,0.9999809824521108,3.6747502616031156e-23,1.8475744482640614e-05,1.592204136412867e-08,0.9999809824521108
2025-02-03,1,2.027085903438189e-06,0.9999706120756706,2.4660088499710292e-21,2.734356126505788e-05,1.7277161400597752e-08,0.9999706120756706
2025-02-04,1,1.8478007929149906e-06,0.9999916313873861,1.2023654520580262e-19,6.485157594003338e-06,3.56542274261095e-08,0.9999916313873861
2025-02-05,1,2.6944848767626867e-06,0.9999905820031796,5.555576717816923e-19,6.588849148908114e-06,1.3466279395392857e-07,0.9999905820031796
2025-02-06,1,4.89446392883954e-06,0.9999877560686615,2.5132678804423757e-18,7.128616073443313e-06,2.208513358619113e-07,0.9999877560686615
2025-02-07,1,1.9757253131077547e-06,0.9999924003941405,4.749090383121008e-19,5.3923854514583e-06,2.3149509540246577e-07,0.9999924003941405
2025-02-10,1,2.05805718979617e-06,0.9999961077653289,2.7231855701190244e-17,3.719086014300068e-07,1.4622688804048332e-06,0.9999961077653289
2025-02-11,1,3.2980794987034475e-06,0.999996132393801,5.14679499688934e-17,5.398846680519255e-07,2.9642032311569034e-08,0.999996132393801
2025-02-12,1,7.464657037072619e-06,0.9999919953109455,3.2603885893608275e-16,5.193372630033419e-07,2.069475371228067e-08,0.9999919953109455
2025-02-13,1,1.94892525813651e-05,0.9999726169811008,8.338948425707239e-16,7.730702188539926e-06,1.6306412886336498e-07,0.9999726169811008
2025-02-14,1,1.1330344915080163e-05,0.9999624641171181,3.908612758705193e-19,2.618310104100313e-05,2.2436925815596163e-08,0.9999624641171181
2025-02-18,1,2.9248299232309927e-07,0.9999824235747289,9.80506242975631e-24,1.7282143319800487e-05,1.7989591745177499e-09,0.9999824235747289
2025-02-19,1,1.696897892090582e-06,0.9999784635337389,2.168195963156757e-22,1.983863346520147e-05,9.349046669478906e-10,0.9999784635337389
2025-02-20,1,6.743485735691781e-06,0.9999676350952984,7.68805937340122e-20,2.561990200958563e-05,1.5169557846749687e-09,0.9999676350952984
2025-02-21,1,3.284015775015513e-05,0.9999341357591914,1.4090038625897337e-18,3.302172498064582e-05,2.3580772862561953e-09,0.9999341357591914
2025-02-24,1,2.734598585139076e-05,0.9999327729077213,2.7843634349112283e-19,3.987875001179419e-05,2.356415124298513e-09,0.9999327729077213
2025-02-25,1,5.389021644524734e-05,0.998897004419993,4.1548004724009534e-21,0.0010491041642622762,1.1992991672878495e-09,0.998897004419993
2025-02-26,1,0.00033271303143107654,0.9965060988418417,3.208445948387126e-19,0.003161185894185446,2.2325421893760464e-09,0.9965060988418417
2025-02-27,1,4.861436082381735e-05,0.9998428531290919,5.523615215500758e-16,0.00010837538594085811,1.571241419632723e-07,0.9998428531290919
2025-02-28,1,0.0006652706365542745,0.996725844514568,1.1113170205514166e-14,0.002608774661762318,1.1018710437708811e-07,0.996725844514568
2025-03-03,1,0.00028602451792668603,0.9968313830338931,1.8488462611267648e-13,0.0028824197024763867,1.727455181143934e-07,0.9968313830338931
2025-03-04,1,0.0006382521405784435,0.9969188050134159,1.74268999039789e-11,0.0024426514116563905,2.914169224778916e-07,0.9969188050134159
2025-03-05,1,0.0004694759895353948,0.997303416130987,8.803288739852349e-13,0.0022269772785066576,1.3060009069539303e-07,0.997303416130987
2025-03-06,1,0.0007878387856477386,0.9964295029687923,6.008653842373666e-12,0.0027826148184335988,4.3421117887483346e-08,0.9964295029687923
2025-03-07,1,0.0005160537303011318,0.9973744676194751,2.161600631496455e-12,0.0021094388017191576,3.9846343069199765e-08,0.9973744676194751
2025-03-10,1,0.0016646619295097905,0.9951984320794037,1.9714724289555936e-11,0.0031367222107220177,1.837606496890828e-07,0.9951984320794037
2025-03-11,1,0.004525342353181202,0.9927430294784373,5.847127997503476e-10,0.0027314527969138705,1.7478675515073883e-07,0.9927430294784373
2025-03-12,1,0.00176037465140508,0.9966153117261913,7.870482625652793e-11,0.001624144938814466,1.686048842562899e-07,0.9966153117261913
2025-03-13,1,0.0006128999853413709,0.9978326112021838,5.602116623680115e-12,0.001554129460860017,3.593460130443847e-07,0.9978326112021838
2025-03-14,1,0.00043822626438131236,0.9983865538719857,2.1934868760443127e-12,0.0011749207281583067,2.991332810819475e-07,0.9983865538719857
2025-03-17,1,0.001041261357973381,0.9982689453510443,6.909953694315595e-11,0.0006895252205053333,2.680013774523518e-07,0.9982689453510443
2025-03-18,1,0.004169929492226724,0.9945756357041189,1.9511330736918577e-10,0.001253478778446992,9.558300944064101e-07,0.9945756357041189
2025-03-19,1,0.004886615455268682,0.9936620249935056,2.5462121913722017e-10,0.0014506063375969841,7.529590076053012e-07,0.9936620249935056
2025-03-20,1,0.002861309773930741,0.9963363329550382,1.0092258417326703e-11,0.0008015944026985352,7.628582406955131e-07,0.9963363329550382
2025-03-21,1,0.001732193213799787,0.9977138601952411,1.5254449878092576e-11,0.000552864231672571,1.082344031770226e-06,0.9977138601952411
2025-03-24,1,0.0010214915225451183,0.9986339340478719,5.673380207138227e-12,0.0003434940633198398,1.0803605896229556e-06,0.9986339340478719
2025-03-25,1,0.002114422371685247,0.9975175549374107,1.4258359164234634e-13,0.0003664967038687209,1.5259868921998758e-06,0.9975175549374107
2025-03-26,1,0.0015451775276582316,0.9982255119942632,9.013470460442523e-14,0.00022697727326762194,2.3332047207003016e-06,0.9982255119942632
2025-03-27,1,0.003861136484335363,0.9943455502729137,4.5417514631719637e-10,0.0017932449689687443,6.78196077600202e-08,0.9943455502729137
2025-03-28,1,0.00496658677477593,0.9929961770060778,1.53259526228868e-13,0.0020371981504694243,3.8068523324609474e-08,0.9929961770060778
2025-03-31,1,0.0026895412552693006,0.996504623210536,4.402991523174717e-13,0.0008058233549830946,1.2178771405941284e-08,0.996504623210536
2025-04-01,1,0.006181352451103204,0.9920657329910898,3.4833710419832147e-13,0.0017528999465097597,1.4610948659901728e-08,0.9920657329910898
2025-04-02,1,0.005905957890472487,0.9929789203450139,4.430444681016757e-12,0.001115078267918136,4.3492164378917326e-08,0.9929789203450139
2025-04-03,1,3.4459098149456353e-07,0.9990731993982138,2.1474324141646237e-32,0.0009263493970252547,1.0661377834229775e-07,0.9990731993982138
2025-04-04,1,0.005742569607257284,0.9941273911733287,1.9719526903898645e-14,0.000128521954025499,1.5172653695854178e-06,0.9941273911733287
2025-04-07,1,0.0014814163685660379,0.9983476129615962,8.395556125754465e-14,0.00016969408958042494,1.2765801738480072e-06,0.9983476129615962
2025-04-08,1,0.0005292950028126116,0.9993013213511892,2.649791304398894e-15,0.0001683739121551495,1.0097338399114666e-06,0.9993013213511892
2025-04-09,1,3.1104820813807486e-05,0.9999619875626196,9.022188401038543e-15,4.936123684349838e-06,1.971492873170345e-06,0.9999619875626196
2025-04-10,1,6.593566484121648e-06,0.9991782921628359,2.5110562726407495e-13,9.122580849956635e-05,0.000723888461929164,0.9991782921628359
2025-04-11,1,2.565621546308439e-06,0.9991279926919833,1.155007422081662e-11,1.2390992742123878e-05,0.0008570506821782326,0.9991279926919833
2025-04-14,1,4.682397574214537e-06,0.99886021236945,2.1172358880976104e-11,7.345218739479438e-05,0.00106165302440853,0.99886021236945
2025-04-15,1,9.46409496446802e-06,0.9991789912097833,4.114293316672937e-11,8.99514874049322e-05,0.0007215931667041352,0.9991789912097833
2025-04-16,1,2.9933810549559494e-07,0.9938354575295698,9.03092168757787e-10,7.48039457645684e-05,0.006089438283467754,0.9938354575295698
2025-04-17,1,2.0962531377937574e-07,0.991794300051444,3.2907509129921507e-10,8.976572130350453e-05,0.008115724272863457,0.991794300051444
2025-04-21,1,3.1519158192270833e-09,0.857234314209571,2.530904059453907e-12,7.719510471972784e-05,0.14268848753126265,0.857234314209571
2025-04-22,1,2.826496769963061e-09,0.8099000316555036,9.52024475618604e-13,9.982142593962276e-05,0.19000014409110644,0.8099000316555036
2025-04-23,1,5.607847246306923e-11,0.5769462375106055,5.276885085830628e-11,0.0006824525300830094,0.42237130985046567,0.5769462375106055
2025-04-24,4,1.8506402014996468e-11,0.33461568519803647,7.466211771834948e-11,0.0003100433934625917,0.6650742713153339,0.6650742713153339
2025-04-25,4,2.5122594139614715e-11,0.3661644884666026,1.2492712476450816e-10,0.001114533562146724,0.6327209778212006,0.6327209778212006
2025-04-28,4,9.153233006599834e-12,0.17664041169971295,2.3175535810794667e-11,0.0006955957969101609,0.822663992471047,0.822663992471047
2025-04-29,4,3.368381078065824e-11,0.16292815891355064,3.353657665873875e-11,0.0009664303751487123,0.8361054106440786,0.8361054106440786
2025-04-30,4,2.6042968772166338e-11,0.07591631898319731,5.31902686103681e-12,0.000621278327230939,0.923462402658208,0.923462402658208
2025-05-01,4,1.7454577947922478e-13,0.01958490563389789,4.9474986939839626e-14,0.00038073983796079516,0.9800343545279168,0.9800343545279168
2025-05-02,4,3.444479787211951e-12,0.39756339729450013,2.2413729633842875e-10,0.0003692206360859522,0.602067381841832,0.602067381841832
2025-05-05,1,1.425371770864742e-13,0.7101599763951079,3.6359658467565403e-12,0.004723119716299248,0.2851169038848126,0.7101599763951079
2025-05-06,1,1.898563292306592e-14,0.6025246361699965,1.60868585386019e-11,0.004334634177059898,0.3931407296368373,0.6025246361699965
2025-05-07,1,2.6174851450424782e-14,0.7069956518556944,1.4562315818050225e-10,0.00488297345622067,0.2881213745424374,0.7069956518556944
2025-05-08,1,3.952797414453035e-15,0.9844968518148066,3.4981933827113785e-13,0.013350025568898069,0.002153122615941154,0.9844968518148066
2025-05-09,1,2.1678297287064852e-13,0.9977279848181261,1.2447641853423174e-07,0.002005476398201637,0.00026641430703786483,0.9977279848181261
2025-05-12,1,1.814157583954498e-15,0.9989338276183432,3.0079725850185356e-09,0.0006848714994975947,0.00038129787418651214,0.9989338276183432
2025-05-13,1,7.523405052626246e-16,0.9989967783439394,6.081854914139814e-08,0.0007196881631507908,0.00028347267436129803,0.9989967783439394
2025-05-14,1,2.760229064422125e-16,0.9985946222994552,1.822702919608494e-07,0.0004876813179441466,0.0009175141123094963,0.9985946222994552
2025-05-15,1,3.398922091360246e-14,0.9989462508632319,2.685366970511263e-10,0.0005196253210085377,0.0005341235471878315,0.9989462508632319
2025-05-16,1,2.272189332797616e-14,0.9991791225589337,2.0257655368694985e-10,0.00029705755177246684,0.0005238196866954152,0.9991791225589337
2025-05-19,1,3.8859535029544456e-13,0.9995845082183993,6.344913159948281e-07,0.00018855005701981766,0.0002263072328766606,0.9995845082183993
2025-05-20,1,1.0144031754215946e-13,0.9996727381274892,1.685054479630989e-07,0.000162733331865082,0.00016436003509583304,0.9996727381274892
2025-05-21,1,1.1242843685590806e-11,0.9986577440048011,3.715412052625625e-12,0.0012261473123203145,0.0001161086679194108,0.9986577440048011
2025-05-22,1,2.674501796299135e-11,0.9994865956906206,4.216723965760742e-12,0.00048336603313986194,3.0038245277473936e-05,0.9994865956906206
2025-05-23,1,1.3850147808580361e-11,0.9986077062158862,5.381698849617318e-12,0.001372321266654794,1.9972498228030167e-05,0.9986077062158862
2025-05-27,1,9.138248460064578e-12,0.9996173092501665,1.1641545469546162e-09,0.0003699404839633221,1.274909257818033e-05,0.9996173092501665
2025-05-28,1,6.8831289566891485e-12,0.9994379078138861,2.2895769863734643e-09,0.0005389542851862098,2.3135604467006198e-05,0.9994379078138861
2025-05-29,1,9.136130805128808e-12,0.9987113549178188,3.794722797800958e-10,0.0012386089087000137,5.0035784871270255e-05,0.9987113549178188
2025-05-30,1,2.0613913970235513e-10,0.9991536513201273,9.381719680121225e-09,0.0008445934515157777,1.7456404981647718e-06,0.9991536513201273
2025-06-02,1,1.543141521991061e-11,0.9988899862239959,1.919374191554105e-06,0.00110398074583751,4.113640542898622e-06,0.9988899862239959
2025-06-03,1,1.816672143652485e-10,0.999130807298885,0.00010901827694429208,0.0007589370252650317,1.2372172385817916e-06,0.999130807298885
2025-06-04,1,9.378315574607196e-09,0.9994113309464401,1.5302142043157535e-07,0.000588028549280518,4.781045440862114e-07,0.9994113309464401
2025-06-05,1,1.0737431587320973e-08,0.9989036329025934,3.7868222250892353e-08,0.0010942772289698332,2.041262782375772e-06,0.9989036329025934
2025-06-06,1,5.5469275703754337e-08,0.9993305743475122,8.42032317681202e-06,0.0006607772234524188,1.7263658248705268e-07,0.9993305743475122
2025-06-09,1,9.753088991026632e-08,0.9994716026252706,3.638764173906142e-06,0.0005245276163534228,1.3346331301592605e-07,0.9994716026252706
2025-06-10,1,2.1852383727103627e-05,0.9981962822892473,0.00031959292090843485,0.0014622456949215667,2.671119649200278e-08,0.9981962822892473
2025-06-11,1,1.539512887574968e-05,0.9986675989496382,2.859243727250568e-05,0.0012883870074192195,2.6476794858297953e-08,0.9986675989496382
2025-06-12,1,2.0256735627654264e-05,0.9964615706076061,1.3850110484405771e-06,0.003516779141310196,8.504408081163917e-09,0.9964615706076061
2025-06-13,1,6.056795657061777e-06,0.9820435192947088,6.231982644593179e-05,0.017888095807719336,8.275468075524935e-09,0.9820435192947088
2025-06-16,1,5.837354635235104e-06,0.9887025431446261,7.776395964584584e-05,0.011213854151208945,1.3898837423043059e-09,0.9887025431446261
2025-06-17,1,1.8787087762720937e-05,0.9247006293516842,4.0168331089919e-06,0.07527652041905843,4.630838609806027e-08,0.9247006293516842
2025-06-18,1,3.5038204221565506e-05,0.9166460489743221,1.4800540922696599e-05,0.0833040959063746,1.6374159590984194e-08,0.9166460489743221
2025-06-20,1,5.113408585868785e-05,0.8896074987067399,0.00014117173903001315,0.11020016890940411,2.6558966813373753e-08,0.8896074987067399
2025-06-23,3,2.7029432570850503e-05,0.4134175817959222,2.1655226299217382e-10,0.5865552253654475,1.631895071929774e-07,0.5865552253654475
2025-06-24,3,4.086919442759853e-06,0.041430420466967106,2.79910047673087e-16,0.9585653750223335,1.1759125719122085e-07,0.9585653750223335
2025-06-25,3,3.705678806240027e-06,0.012093601992967632,2.1985022622739777e-18,0.9879025421992755,1.5012894973729475e-07,0.9879025421992755
2025-06-26,3,6.368712309916218e-06,0.01735297934608958,4.7176292239289885e-18,0.9826405401622891,1.1177931179212608e-07,0.9826405401622891
2025-06-27,3,3.936252531583948e-06,0.019879652271795882,2.0988676349215678e-16,0.9801156521275346,7.593481374604496e-07,0.9801156521275346
2025-06-30,3,5.703206320928613e-06,0.019417621474872457,1.0817266791067043e-16,0.9805761403949186,5.349238872983935e-07,0.9805761403949186
2025-07-01,3,5.576215605098223e-06,0.025086250629512613,2.0874740526204804e-20,0.9749079975214489,1.7563343373262927e-07,0.9749079975214489
2025-07-02,3,1.3075081143670867e-06,0.007043366927589006,1.4388823492981422e-21,0.9929552019104593,1.2365383759332434e-07,0.9929552019104593
2025-07-03,3,1.212196777412371e-06,0.00794454443036916,1.0042410849684098e-20,0.9920541318510202,1.1152183393300156e-07,0.9920541318510202
2025-07-07,3,6.749317391771562e-07,0.005598720664347732,4.3026420083940934e-21,0.9944005552745933,4.9129319012625405e-08,0.9944005552745933
2025-07-08,3,7.058152736684032e-07,0.007143669166631038,7.262341354646463e-22,0.9928555900715798,3.4946515560162194e-08,0.9928555900715798
2025-07-09,3,1.2191074326788973e-06,0.008660787564991088,2.978363289588463e-22,0.9913379469202681,4.640730773071872e-08,0.9913379469202681
2025-07-10,3,1.4180706172048042e-06,0.009699654410603947,6.314470898242141e-23,0.990298884169072,4.334970642140747e-08,0.990298884169072
2025-07-11,3,6.371170876420542e-07,0.019305079429381013,1.7764846454595584e-25,0.9806942725733566,1.0880174728377991e-08,0.9806942725733566
2025-07-14,3,8.587989962339412e-08,0.003479393712746413,9.330979856863528e-33,0.9965205174181427,2.9892111660206404e-09,0.9965205174181427
2025-07-15,1,6.828292605140554e-05,0.7967636365919736,2.62078404681007e-26,0.20316801390449757,6.657747704837167e-08,0.7967636365919736
2025-07-16,1,0.00015629007082606353,0.8497395326643893,4.238018136439016e-24,0.15010408009894108,9.716584386421596e-08,0.8497395326643893
2025-07-17,1,0.00023333748656803385,0.9305619780987827,4.739016426037638e-22,0.06920467944643703,4.968212889502971e-09,0.9305619780987827
2025-07-18,1,0.0002896130820193123,0.937704676150977,2.221989293758454e-21,0.062005707984250744,2.7827521212423935e-09,0.937704676150977
2025-07-21,1,0.0005465965574758656,0.9548090886655486,1.9788317398983312e-17,0.04464431388014022,8.968360136089155e-10,0.9548090886655486
2025-07-22,1,0.0012147973911658925,0.9907803763040414,5.3632648628821665e-11,0.008004826174482586,7.667728020357011e-11,0.9907803763040414
2025-07-23,1,0.006000292061613314,0.9918195083666338,1.9444006834036323e-05,0.0021607533887469323,2.1761715849102164e-09,0.9918195083666338
2025-07-24,1,0.003985307523806562,0.9945305919054197,6.039287857362561e-06,0.0014780577773799877,3.505536785544129e-09,0.9945305919054197
2025-07-25,1,0.004020988789346354,0.99441425276457,2.253428551679881e-05,0.0015422221676522673,1.99291465714641e-09,0.99441425276457
2025-07-28,1,0.004359511119945623,0.9938025155440859,3.1428080613712086e-07,0.001837657987716237,1.0674464956348668e-09,0.9938025155440859
2025-07-29,1,0.003691535758988663,0.9929964981176016,4.6094316166611087e-07,0.0033115039559951727,1.2242537198644756e-09,0.9929964981176016
2025-07-30,1,0.0025513281333093573,0.9951683147607341,3.039511739790421e-07,0.0022800523243734446,8.304084542366004e-10,0.9951683147607341
2025-07-31,1,0.004290450048611107,0.9940376614536053,1.8159714790103764e-08,0.0016718690023038954,1.3357653048670414e-09,0.9940376614536053
2025-08-01,1,0.005642264819696284,0.9923441352065264,3.668273843619673e-12,0.0020135992599256934,7.101833170816778e-10,0.9923441352065264
2025-08-04,1,0.0067007063192898704,0.9903447990479501,1.327636232787011e-13,0.0029544742595995093,2.0373028354558584e-08,0.9903447990479501
2025-08-05,1,0.01177138519182656,0.9819570334777386,4.531745225541973e-14,0.006271555611733844,2.5718655542735993e-08,0.9819570334777386
2025-08-06,1,0.00912885523147442,0.9857943471210721,1.7839398033344223e-14,0.005076772286824191,2.5360612267708743e-08,0.9857943471210721
2025-08-07,1,0.006488836746254031,0.9895139904315752,2.6155046749806012e-14,0.003997135607257959,3.721488587280014e-08,0.9895139904315752
2025-08-08,1,0.00789771619045358,0.9885735980935333,8.988423780917921e-17,0.003527587287045949,1.0984289673574099e-06,0.9885735980935333
2025-08-11,1,0.00038782194588547867,0.9988275543478692,1.9188008706639984e-17,0.0007016346879725832,8.298901827349695e-05,0.9988275543478692
2025-08-12,1,0.0002994460478019369,0.9990116325119504,2.8243663853929387e-18,0.0006061810719583561,8.274036828985548e-05,0.9990116325119504
2025-08-13,1,0.0004593711280213455,0.9986664248396125,1.5804775825184803e-18,0.0007805652170292718,9.363881533607735e-05,0.9986664248396125
2025-08-14,1,0.00025019150780446626,0.999167413935375,2.095226513343669e-19,0.0004346376628529021,0.00014775689396727434,0.999167413935375
2025-08-15,1,0.0002066259638298305,0.9992341538499134,3.9412093938451633e-20,0.00039510835627389767,0.000164111829983016,0.9992341538499134
2025-08-18,1,0.0001767867854871507,0.999517402582811,3.331921798838096e-21,0.0001302754193571421,0.0001755352123440514,0.999517402582811
2025-08-19,1,0.00028101733504745527,0.9994728096266485,1.0859614929895769e-19,0.00015008030759806944,9.609273070615861e-05,0.9994728096266485
2025-08-20,1,0.000446780017579445,0.9992836762268734,4.337420875657571e-19,0.00018316092277176682,8.63828327760047e-05,0.9992836762268734
2025-08-21,1,0.0004649672543525174,0.9992603471913857,7.091345215526786e-19,0.00019976208780324748,7.49234664580016e-05,0.9992603471913857
2025-08-22,1,0.0005285897795754933,0.9989620172627799,2.3770964705340116e-19,0.00010449603605928298,0.00040489692158566316,0.9989620172627799
2025-08-25,1,0.0006027629145778754,0.9990924205605661,1.1342996279607555e-17,0.00010714065155690223,0.00019767587329915315,0.9990924205605661
2025-08-26,1,0.0009531316785978891,0.9956199437114132,2.798449402904094e-20,0.00028708179488383823,0.0031398428151058477,0.9956199437114132
2025-08-27,1,0.0012418436579084509,0.9973629342936329,7.439947491432084e-18,0.00028646866352104,0.001108753384937226,0.9973629342936329
2025-08-28,1,0.0013377506653502406,0.9977221028461501,1.0743876397422252e-16,0.00027821960718427656,0.0006619268813147165,0.9977221028461501
2025-08-29,1,0.0004636446159571274,0.9990622314859005,7.677431622252418e-14,5.349262366316731e-06,0.00046877463570020817,0.9990622314859005
2025-09-02,1,4.280830330318027e-05,0.9998496839107653,8.983748998937444e-14,0.0001043756503007518,3.1321355404934083e-06,0.9998496839107653
2025-09-03,1,2.1035728607107205e-05,0.9999107317680525,7.803603237977421e-15,5.1313466202604754e-05,1.6919037129565737e-05,0.9999107317680525
2025-09-04,1,8.056791528283724e-05,0.9997337558969451,7.33852222328074e-13,0.00016674983335536754,1.892635368348917e-05,0.9997337558969451
2025-09-05,1,7.332796411633805e-05,0.9994813846308491,1.665867334803891e-14,0.0003080526212792103,0.00013723478373881974,0.9994813846308491
2025-09-08,1,0.00019554408532354703,0.9991156845760957,7.589997723070421e-14,0.0006231799822189167,6.559135628633197e-05,0.9991156845760957
2025-09-09,1,0.0010713991922836244,0.9968112023033346,1.3801958811426525e-14,0.0021169301742600434,4.683301078192105e-07,0.9968112023033346
2025-09-10,1,0.0012855763845198884,0.9978909007250111,5.165705193542823e-14,0.000821731490430656,1.7913999862372726e-06,0.9978909007250111
2025-09-11,1,0.0016384738518089722,0.9965628119064277,4.1726028569445964e-14,0.0017976907255027406,1.0235162195743727e-06,0.9965628119064277
2025-09-12,1,0.001479767887261154,0.9947402149402709,1.4802240319364817e-13,0.00377988303660783,1.3413571248210624e-07,0.9947402149402709
2025-09-15,1,0.0028059155412041505,0.9925614136349308,1.9114864085765707e-11,0.004632552486735015,1.1831801531516114e-07,0.9925614136349308
2025-09-16,1,0.0020611964533320992,0.9958377722617382,2.07224826802613e-11,0.0021009903263297636,4.09378769225905e-08,0.9958377722617382
2025-09-17,1,0.0018543681784202134,0.9955574186801432,1.8050215094713185e-11,0.0025881995727945334,1.3550591032723457e-08,0.9955574186801432
2025-09-18,1,0.0048337715506339045,0.9921310702973196,1.7402810078735894e-09,0.0030351237337668878,3.2677998509241504e-08,0.9921310702973196
2025-09-19,1,0.002990660785111231,0.993028816684594,3.3628952782219217e-10,0.003980513982164944,8.211839537105454e-09,0.993028816684594
2025-09-22,1,0.0017962431652736293,0.9846820093258818,1.305535839396106e-10,0.013521747091548762,2.8674290828787486e-10,0.9846820093258818
2025-09-23,1,0.001786746630470147,0.96745047710126,5.252921965397073e-10,0.030762775670425253,7.255190927374357e-11,0.96745047710126
2025-09-24,1,0.001112591783675353,0.9911063169108729,5.4822632699721455e-09,0.007781084833034359,9.901542821436646e-10,0.9911063169108729
2025-09-25,1,0.0012252871616339636,0.9916446911428339,6.6218286056178935e-09,0.007130013929099704,1.1446037595778725e-09,0.9916446911428339
2025-09-26,1,0.0009557791616935381,0.9934013367383414,1.0054047124432692e-08,0.005642868673747362,5.372171073558483e-09,0.9934013367383414
2025-09-29,1,0.000866715168883493,0.9925715164409302,1.1309720023683361e-10,0.006561762061975832,6.215112449781265e-09,0.9925715164409302
2025-09-30,1,0.010561198778205117,0.9784788900961329,8.84797495033678e-13,0.010959777042797941,1.3408197999253968e-07,0.9784788900961329
2025-10-01,1,0.017641608193853964,0.9684951242603775,2.1243062323035668e-10,0.013863245298840778,2.203449706656879e-08,0.9684951242603775
2025-10-02,1,0.02189441106718469,0.96833107041244,4.1014168277519817e-10,0.00977437361509304,1.4449514134605746e-07,0.96833107041244
2025-10-03,1,0.021059991473570724,0.971523814570442,1.30528937995969e-06,0.00741484866547205,4.0001135594391086e-08,0.971523814570442
2025-10-06,1,0.005867828412631739,0.9911120744377919,2.762749096791591e-07,0.00301975733009561,6.354457068044391e-08,0.9911120744377919
2025-10-07,1,0.005893778223606529,0.9900238951857118,2.0208357740373553e-07,0.004082071869999573,5.263710431652271e-08,0.9900238951857118
2025-10-08,1,0.0020121617228885083,0.9962531524002691,1.5622642960095088e-07,0.001734371443193335,1.5820721965817836e-07,0.9962531524002691
2025-10-09,1,0.0018093681697821636,0.9964090763177555,0.00039058512734337254,0.0013889007566608657,2.069628457981488e-06,0.9964090763177555
2025-10-10,1,0.0011943624595860465,0.9943681048419706,1.3791502984017031e-07,0.004433498028240099,3.896755172636142e-06,0.9943681048419706
2025-10-13,1,8.796243732879999e-06,0.999477047078827,1.0822795890415895e-08,0.0003585849281279998,0.00015556092651708027,0.999477047078827
2025-10-14,1,9.132644199798755e-06,0.9923464493096018,9.27446301247664e-10,0.005083859890123494,0.0025605572286286345,0.9923464493096018
2025-10-15,1,4.127011414999812e-06,0.9935388296719461,4.61608153502735e-10,0.0025919841665676333,0.0038650586884629305,0.9935388296719461
2025-10-16,1,1.169436303282939e-06,0.9630066489318891,7.509382516849464e-11,0.02651524920726832,0.010476932349444905,0.9630066489318891
2025-10-17,1,1.390724819703948e-07,0.9458038974385506,1.592562177750553e-11,0.05363659239204437,0.0005593710809976747,0.9458038974385506
2025-10-20,1,1.0178238448285695e-09,0.969657177164054,1.5433297036952043e-12,0.014674699835775197,0.015668121980805395,0.969657177164054
2025-10-21,4,8.508892638575358e-18,0.013122118609082887,1.043048449687723e-13,0.0015377393884790224,0.9853401420023321,0.9853401420023321
2025-10-22,4,3.0621494079722616e-17,0.02542456294221138,8.9971141790649e-12,0.0029547708118881993,0.9716206662369039,0.9716206662369039
2025-10-23,4,2.7094088766198325e-17,0.06522180309333406,3.411566787787241e-11,0.002080089486209497,0.93269810738634,0.93269810738634
2025-10-24,4,1.9619098157272695e-17,0.055115942621162706,4.444274643989303e-12,0.0025050568809704917,0.942379000493422,0.942379000493422
2025-10-27,4,7.178588759387852e-19,0.013500592963262113,2.412805559183451e-09,0.0014615750347088427,0.9850378295892235,0.9850378295892235
2025-10-28,4,6.932302144492308e-19,0.00871230549423131,6.787344894524912e-09,0.0014294929907827355,0.9898581947276418,0.9898581947276418
2025-10-29,4,5.435567911534649e-19,0.01434356691734844,7.902079243561524e-09,0.0012700591584631432,0.9843863660221099,0.9843863660221099
2025-10-30,4,2.995759689315456e-19,0.017079959554712965,4.610906316454283e-09,0.0009992560768680163,0.9819207797575118,0.9819207797575118
2025-10-31,4,3.370143114694479e-19,0.01171174359082799,3.2077568647422514e-09,0.0007816058784400118,0.9875066473229748,0.9875066473229748
2025-11-03,4,3.567054032641719e-18,0.018761885504804517,1.5027416646878797e-08,0.000982282945930308,0.9802558165218479,0.9802558165218479
2025-11-04,4,3.586544909487064e-18,0.008035431974395345,9.225407516194658e-08,0.0005970106366607328,0.9913674651348694,0.9913674651348694
2025-11-05,4,1.0586220904825997e-17,0.018607845197824952,2.739942130336163e-08,0.00047596034579027233,0.9809161670569632,0.9809161670569632
2025-11-06,4,2.852029278362751e-17,0.032347376556989264,5.85489050629159e-11,0.0008394250252422978,0.9668131983592189,0.9668131983592189
2025-11-07,4,4.173497304336375e-16,0.030854931024251596,1.491897364975367e-06,0.0018181656860181434,0.9673254113923656,0.9673254113923656
2025-11-10,4,6.918702403872152e-15,0.07245190587167556,1.3837403244939964e-05,0.0030909211446113766,0.9244433355804612,0.9244433355804612
2025-11-11,4,1.6084436738349396e-14,0.045413391904557926,0.00013733947077260568,0.0036095522210607706,0.9508397164035923,0.9508397164035923
2025-11-12,4,6.536903705870792e-16,0.023179461890066137,1.0275960749492529e-07,0.0034576394861296424,0.9733627958641957,0.9733627958641957
2025-11-13,4,1.505705162815208e-14,0.013310100034457116,1.5989474076996544e-07,0.0031377893954329613,0.9835519506753534,0.9835519506753534
2025-11-14,4,1.4954406978490853e-15,0.002939508961189654,2.2190162548776323e-09,0.000303181809816773,0.9967573070099763,0.9967573070099763
2025-11-17,4,1.9573983809532605e-12,0.006678196095481159,5.839620977290142e-08,0.0017399272976043605,0.9915818182087478,0.9915818182087478
2025-11-18,1,7.032311280066276e-06,0.986837280356069,1.1338085338955263e-13,0.004197400772751032,0.008958286559786883,0.986837280356069
2025-11-19,1,2.050126531942638e-05,0.9918577337127237,3.871465897199702e-14,0.006690326160865961,0.001431438861051581,0.9918577337127237
2025-11-20,1,0.00012912211984616965,0.895695528844418,5.065667003935632e-18,0.09747540803626359,0.006699940999473351,0.895695528844418
2025-11-21,1,0.00010349954411138154,0.924952081043857,1.0406091255929313e-18,0.07004823453134762,0.004896184880682423,0.924952081043857
2025-11-24,1,0.0005483664171564283,0.9976241181543216,1.816374864093427e-19,0.0012887258929426086,0.0005387895355791907,0.9976241181543216
2025-11-25,1,0.00017895395260685698,0.9987819926232121,6.2849567412940146e-21,0.00020278576643121616,0.000836267657749255,0.9987819926232121
2025-11-26,1,0.00031243356135944356,0.9985069418740852,8.858944664466861e-20,0.000261739196504912,0.00091888536805047,0.9985069418740852
2025-11-28,1,0.0001862283024678595,0.9985899122085253,2.186130847055638e-19,0.0001671870945685644,0.0010566723944375684,0.9985899122085253
2025-12-01,1,0.00014041490517419948,0.9992838349493107,6.532208161037872e-19,0.0001501982774614113,0.00042555186805346936,0.9992838349493107
2025-12-02,1,0.00019619891194748342,0.9985311180079288,3.5125579213635905e-17,0.0006349904983907387,0.0006376925817329049,0.9985311180079288
2025-12-03,1,0.00024113056715605255,0.9975275611976152,4.435621246732039e-19,0.0021212081210902757,0.0001101001141383602,0.9975275611976152
2025-12-04,1,0.00016713584617689448,0.9987863880694994,2.1191965752464077e-18,0.000905026473586267,0.00014144961073777075,0.9987863880694994
2025-12-05,1,0.0001791837903392137,0.9986684310259181,5.863384134011179e-18,0.0009611530583831449,0.00019123212535915857,0.9986684310259181
2025-12-08,1,0.0002338787791084764,0.9988649633794412,4.078117154324403e-17,0.0006801085479486009,0.00022104929350192832,0.9988649633794412
2025-12-09,1,0.0034940583548927115,0.9918982676100688,4.61602344101637e-20,0.004267258931794384,0.0003404151032438182,0.9918982676100688
2025-12-10,1,0.004286481338159029,0.9872661554100765,2.2814304297465326e-20,0.008181252185800113,0.0002661110659636272,0.9872661554100765
2025-12-11,1,0.004602025612686302,0.9948299430480992,2.7732738821879093e-14,0.00014731689754968498,0.00042071444163747576,0.9948299430480992
2025-12-12,1,0.003682629171451661,0.9958936802243125,4.946709823139598e-14,0.00013798223341624158,0.00028570837077091215,0.9958936802243125
2025-12-15,1,0.029903463094571172,0.9700453848662993,1.068017561931653e-09,2.899105635696247e-05,2.215991475579878e-05,0.9700453848662993
2025-12-16,1,0.04345236495847329,0.9564673523323758,4.99528821853853e-10,7.270558438231392e-05,7.5766252388888525e-06,0.9564673523323758
2025-12-17,1,0.02963620737662218,0.9701216073022728,1.2058922157725502e-09,0.00024106944262654225,1.1146725869069688e-06,0.9701216073022728
2025-12-18,1,0.012984485579100096,0.9868565096395463,3.5385792827500998e-09,0.0001552587072973825,3.7425354760443766e-06,0.9868565096395463
2025-12-19,1,0.0067925361859357625,0.9930187483046734,9.247816557141543e-10,0.00018766310300639508,1.0514816028972414e-06,0.9930187483046734
2025-12-22,1,0.006052229080769318,0.9938384032947787,1.9320760916040004e-06,0.00010681437809727973,6.211702638477422e-07,0.9938384032947787
2025-12-23,1,0.007740108114323111,0.9921486803845331,1.0868870606402015e-05,9.954461546733745e-05,7.980150694774128e-07,0.9921486803845331
2025-12-24,1,0.03571767259307533,0.9637887050672754,5.964581535170045e-05,0.00043377523246187545,2.012918349552417e-07,0.9637887050672754
2025-12-26,1,0.019745430580206468,0.9797822405434912,2.079985233987377e-06,0.00046996635007231304,2.82540996000335e-07,0.9797822405434912
2025-12-29,1,2.3810314605963057e-05,0.9971945106073741,9.152527452436196e-11,0.0011976905170787131,0.0015839884694166272,0.9971945106073741
2025-12-30,1,1.3504828469726291e-05,0.9971383319213192,1.15541946149124e-11,0.0014602807471447436,0.0013878824915127235,0.9971383319213192
2025-12-31,1,1.1560479877631125e-05,0.997701256831215,3.752356235764737e-12,0.0005090583287798469,0.001778124356375727,0.997701256831215
2026-01-02,1,8.614671216240162e-06,0.99732290384985,2.7452555494418524e-12,0.0003964134770411765,0.0022720679991464813,0.99732290384985
2026-01-05,1,1.31597639626659e-06,0.9973560331646474,8.97181914331833e-09,0.0009324832896253117,0.001710158597511989,0.9973560331646474
2026-01-06,1,1.0607064481131343e-06,0.9966628146158591,6.333263810857125e-10,0.002173972650094883,0.0011621513942708325,0.9966628146158591
2026-01-07,1,1.3986984593371253e-06,0.9956379392926091,1.2187309465299383e-09,0.0030277782141122133,0.0013328825760891983,0.9956379392926091
2026-01-08,1,2.822662746729078e-07,0.9981835764519285,1.2350571900832574e-10,0.00041903817474234326,0.0013971029835483724,0.9981835764519285
2026-01-09,1,1.0736487622151462e-07,0.9980115714431763,1.1369807753729252e-10,7.385071659099288e-05,0.0019144703616577668,0.9980115714431763
2026-01-12,1,1.7850323636698277e-07,0.9986049812028771,6.407859829845089e-08,0.0006254904324476126,0.0007692857828413745,0.9986049812028771
2026-01-13,1,1.1937766680063948e-07,0.9968283107420824,1.3954639334594783e-08,0.00047493138203727936,0.002696624543573809,0.9968283107420824
2026-01-14,1,2.1303788360066762e-07,0.9950101202187743,2.336127750406585e-07,0.0009473485652043061,0.004042084565362647,0.9950101202187743
2026-01-15,1,3.5939297647592736e-07,0.9960887359524087,3.833083854176083e-07,0.001569866755913511,0.0023406545903153424,0.9960887359524087
2026-01-16,1,4.4808825404335713e-07,0.9957138562222209,3.489647089673733e-07,0.0010185716410012014,0.0032667750838156684,0.9957138562222209
2026-01-20,1,9.058643895485664e-10,0.9937825042283046,0.00010738556594259589,0.004923139641408479,0.0011869696584792572,0.9937825042283046
2026-01-21,1,6.867589301962731e-10,0.9937050194622302,5.405638074147082e-05,0.0030952685670958963,0.00314565490317293,0.9937050194622302
2026-01-22,1,5.173082194900319e-10,0.9948303620032172,1.033824098420162e-07,0.0028693273209489875,0.002300206776115977,0.9948303620032172
2026-01-23,1,5.427039232410799e-10,0.9924526371102581,2.399875949015323e-06,0.004675364727336152,0.002869597743753617,0.9924526371102581
2026-01-26,1,9.153171366482171e-11,0.9903401890653833,2.1252856833071854e-07,0.003399459699806502,0.00626013861471034,0.9903401890653833
2026-01-27,1,1.7287849754159227e-10,0.9713455301744992,8.091192437543002e-06,0.013328296711348372,0.015318081748835704,0.9713455301744992
2026-01-28,1,1.6432807375885863e-10,0.9990629960950249,1.9280903598154364e-05,0.0008406496007571628,7.70732362919533e-05,0.9990629960950249
2026-01-29,1,2.721883544563026e-10,0.9978021710000525,2.113427034770129e-05,0.0018983103730812582,0.00027838408433079816,0.9978021710000525
2026-01-30,4,2.9897801803771407e-47,4.292553653434526e-12,1.8208265401885476e-11,1.553049397272949e-10,0.9999999998221938,0.9999999998221938
2026-02-02,4,2.60856277126113e-47,6.790851263864902e-12,1.5673538650472478e-10,1.1246051381652632e-10,0.9999999997240128,0.9999999997240128
2026-02-03,4,1.7971223650143148e-55,6.263029471776343e-14,4.001812960092201e-13,2.4169712102048002e-12,0.9999999999971187,0.9999999999971187
2026-02-04,4,1.2437275195897862e-55,1.2278034241627563e-14,6.824018458787209e-13,2.092461249682308e-12,0.9999999999972111,0.9999999999972111
2026-02-05,4,2.5595464980771774e-55,8.095083830129472e-15,9.581986837436248e-13,2.0917723796514198e-12,0.9999999999969411,0.9999999999969411
2026-02-06,4,5.391985993967922e-56,1.8448041236474406e-14,1.5977567587761294e-13,7.959110006819468e-13,0.9999999999990266,0.9999999999990266
2026-02-09,4,1.1020542757653794e-56,1.6263922289967222e-14,3.6780429680204233e-14,3.2664963137955597e-13,0.9999999999996199,0.9999999999996199
2026-02-10,4,1.644756017348488e-54,2.860552241222958e-14,3.3208229146552256e-12,1.7208526815687396e-12,0.9999999999949303,0.9999999999949303
2026-02-11,4,4.969539570627262e-55,5.410657319725635e-14,1.1233856681297632e-12,7.067342703347643e-13,0.9999999999981171,0.9999999999981171
2026-02-12,4,5.17457744443512e-56,1.0970940377565787e-14,1.9866276748504748e-11,3.3077902856815886e-13,0.9999999999797922,0.9999999999797922
2026-02-13,4,1.61229628129073e-57,2.114576395781405e-15,5.3276134265123226e-12,1.2951465126574732e-13,0.9999999999945395,0.9999999999945395
2026-02-17,4,3.2919166676573513e-59,4.949860840079095e-16,1.69504781146344e-11,7.11284819804987e-14,0.999999999982979,0.999999999982979
2026-02-18,4,9.316223832636086e-57,1.1018566584045741e-15,2.1340832376227256e-09,4.805150262258702e-13,0.9999999978654337,0.9999999978654337
2026-02-19,4,4.694697352026874e-56,6.817168949379816e-16,9.991184566136229e-09,1.1261477825659587e-12,0.9999999900076872,0.9999999900076872
2026-02-20,4,5.443170992389677e-56,4.50563751538279e-16,3.998941225196789e-08,9.148091750304394e-13,0.9999999600096715,0.9999999600096715
2026-02-23,4,3.338604650770981e-58,2.5688681524795057e-16,1.1185200347817486e-09,3.7410893634815716e-13,0.9999999988811048,0.9999999988811048
2026-02-24,4,1.4068727317512997e-56,3.074349819383656e-16,1.232936656596743e-07,1.0316981377245505e-12,0.9999998767053033,0.9999998767053033
2026-02-25,4,6.33201360728982e-57,1.72093751532547e-15,3.033590398568684e-09,5.897056431689474e-13,0.9999999969658191,0.9999999969658191
2026-02-26,4,1.2874577576519446e-50,5.3697850291685305e-14,9.75388998989864e-07,2.2916999477688835e-11,0.9999990245880316,0.9999990245880316
2026-02-27,4,8.065562549613394e-51,3.780206202807257e-14,5.729329730646459e-07,2.0482036552443286e-11,0.999999427046508,0.999999427046508
2026-03-02,4,1.8890958644045828e-14,0.1196535263947129,7.708873135569523e-05,0.0007630124286039997,0.87950637244531,0.87950637244531
2026-03-03,4,1.0799469929879676e-20,1.9873872055884394e-05,1.887964745660208e-11,3.1400841940168855e-06,0.9999769860248701,0.9999769860248701
2026-03-04,4,1.4978287367600747e-11,0.023217035727246448,8.232254776337856e-10,0.00022194656723133937,0.9765610168673184,0.9765610168673184
2026-03-05,4,2.1051491409417386e-14,2.885880140226426e-05,9.535628861603849e-17,9.288317282159628e-06,0.9999618528812945,0.9999618528812945
2026-03-06,4,8.022260926607806e-18,4.070459835842342e-11,3.563468691604188e-18,7.172810682410555e-06,0.9999928271486132,0.9999928271486132
2026-03-09,4,8.781775799363514e-19,5.670845684794143e-13,3.785161146625274e-18,6.111888444385078e-05,0.9999388811149886,0.9999388811149886
2026-03-10,4,4.4372630275915785e-23,3.82738990518524e-18,2.3133505572016092e-39,8.31737263880399e-06,0.9999916826273608,0.9999916826273608
2026-03-11,4,4.595259944152576e-25,2.571807141011435e-20,8.612611556745456e-41,3.2387177082927603e-06,0.9999967612822909,0.9999967612822909
2026-03-12,4,2.9932033226529425e-30,2.5938339481215234e-27,7.969897708797416e-48,1.9177340270543597e-07,0.9999998082265982,0.9999998082265982
2026-03-13,4,4.173402741698915e-30,9.882183628401536e-28,5.149782579861232e-48,1.0113283015445147e-06,0.9999989886716987,0.9999989886716987
2026-03-16,4,1.4413677038659921e-30,4.9377191419298516e-29,2.168598472779667e-50,7.427623208099064e-06,0.9999925723767918,0.9999925723767918
2026-03-17,4,3.2026094626332576e-30,1.2592442830953868e-29,1.2415290089554008e-52,3.0102466324272334e-06,0.9999969897533678,0.9999969897533678
2026-03-18,4,1.2149819669640655e-27,7.836866796868537e-27,7.238177142220476e-51,8.320572062348433e-06,0.9999916794279379,0.9999916794279379
2026-03-19,4,2.635808654292106e-41,4.5696610827300445e-36,1.4928341367006465e-51,1.6266672282156406e-08,0.9999999837333285,0.9999999837333285
2026-03-20,4,7.620901798556809e-43,4.897999647667555e-38,7.966426065815592e-52,4.8917633806437445e-09,0.9999999951082366,0.9999999951082366
2026-03-23,4,4.461177626141709e-47,1.0137345178889385e-43,5.692219912223327e-66,2.039474815023517e-09,0.9999999979605256,0.9999999979605256
2026-03-24,4,1.0254825126581688e-49,5.470094107312355e-47,1.9820867806537125e-67,1.1461367186897933e-09,0.9999999988538626,0.9999999988538626
2026-03-25,4,2.1187014452558897e-51,2.348677554059373e-47,2.6462513106762287e-68,4.533143763706062e-10,0.9999999995466844,0.9999999995466844
2026-03-26,4,4.169541113618638e-58,2.9399218140714555e-53,2.4311717187261847e-69,1.8384279959251636e-12,0.9999999999981632,0.9999999999981632
2026-03-27,4,2.5868006684436215e-61,1.0013768600800327e-55,6.48065564216914e-70,2.3742551489680607e-12,0.9999999999976268,0.9999999999976268
2026-03-30,4,2.629407236908158e-58,1.277544707278874e-52,1.4622760127269763e-67,4.575972415419271e-12,0.9999999999954241,0.9999999999954241
2026-03-31,4,2.667022057136032e-52,8.091607085545392e-46,9.54408442860694e-67,1.9710039674510668e-10,0.999999999802899,0.999999999802899
2026-04-01,4,4.47496799086477e-53,8.098721776260608e-45,2.5261957603783615e-66,1.3888507378006864e-10,0.9999999998611138,0.9999999998611138
2026-04-02,4,1.3413731010641027e-57,6.379398155248739e-50,5.153073731702777e-70,1.4507828633474659e-11,0.9999999999854907,0.9999999999854907
2026-04-06,4,1.0446237384990494e-51,1.412469882816386e-40,2.549300752471669e-69,4.628401282582412e-12,0.9999999999953708,0.9999999999953708
2026-04-07,4,1.3987553375205694e-49,8.347437815462441e-38,2.296358227587446e-68,1.1864866724266422e-11,0.9999999999881339,0.9999999999881339
2026-04-08,4,7.186408372454607e-52,5.544472990726285e-44,6.468794251962342e-84,2.185543508469228e-12,0.9999999999978151,0.9999999999978151
2026-04-09,4,1.9192443137860083e-50,2.8897662667265945e-42,9.483423065494851e-82,7.087610187016546e-12,0.9999999999929123,0.9999999999929123
2026-04-10,4,2.3305725517638544e-45,1.9358761243609228e-34,3.6879801577705785e-76,5.4873855099487807e-11,0.9999999999451248,0.9999999999451248
2026-04-13,4,6.696973189765153e-45,6.311166273459855e-34,4.809519481446931e-76,1.4158591882386908e-10,0.9999999998584137,0.9999999998584137
2026-04-14,4,4.123700988714964e-45,2.4956316651687948e-34,3.629683842385829e-81,6.384237500069477e-11,0.9999999999361577,0.9999999999361577
2026-04-15,4,1.1291688465466358e-44,2.0020522490977327e-33,1.2863470811296287e-81,5.132600854662868e-11,0.999999999948674,0.999999999948674
2026-04-16,4,1.7347869342772207e-45,1.1050035117364824e-34,2.4959956060187166e-84,2.1840359238801763e-10,0.9999999997815969,0.9999999997815969
2026-04-17,4,3.2945072271637626e-36,7.4706884391845005e-34,1.3340982720475237e-104,1.782120410252414e-11,0.9999999999821796,0.9999999999821796
2026-04-20,4,2.494835266629691e-38,5.9920090632585834e-37,2.2728776079805573e-107,7.040556159034635e-12,0.9999999999929585,0.9999999999929585
2026-04-21,4,1.235703325260441e-33,1.2025673894944674e-33,1.786380181074635e-101,4.345340225678133e-13,0.9999999999995648,0.9999999999995648
2026-04-22,4,2.3263311189487894e-32,1.0271524184319383e-31,2.0159433218849378e-100,7.41662753965643e-13,0.9999999999992575,0.9999999999992575
2026-04-23,4,1.6268788188541638e-30,3.095373392063815e-32,2.701491038291095e-100,1.8207540834484207e-12,0.9999999999981792,0.9999999999981792
2026-04-24,4,6.278971229697751e-26,1.1368756174108908e-28,1.5243979634467429e-99,4.839017829556318e-11,0.9999999999516103,0.9999999999516103
2026-04-27,4,8.054940514384937e-24,8.387496617433254e-28,7.905610887887033e-109,7.03110074617969e-14,0.999999999999929,0.999999999999929
2026-04-28,4,7.357796972665092e-24,5.563777822397501e-28,2.8946373010947856e-111,1.237739553587181e-13,0.9999999999998757,0.9999999999998757
2026-04-29,4,7.397339629204248e-27,3.6976746167918003e-32,1.394188723163467e-114,2.1540581324497587e-13,0.9999999999997833,0.9999999999997833
2026-04-30,4,4.2474187229083353e-26,3.7105842608924284e-32,7.034893052931119e-118,1.654014603617897e-14,0.9999999999999822,0.9999999999999822
2026-05-01,4,2.1416998596897794e-19,2.951464516556615e-24,8.394291732934711e-109,2.6125759127428058e-14,0.9999999999999734,0.9999999999999734
2026-05-04,4,1.067678185001473e-21,1.680451388964714e-26,4.773915675849119e-111,2.6598887195965175e-15,0.9999999999999964,0.9999999999999964
2026-05-05,4,1.2993822582266827e-21,1.0527789835159752e-26,2.0495269614254525e-115,5.440440559373873e-16,1.0,1.0
2026-05-06,4,3.1853768901530656e-16,1.6805124689247348e-15,2.334044583126851e-81,1.1710202849479143e-11,0.9999999999882885,0.9999999999882885
2026-05-07,4,2.489586306230707e-16,2.7324218247856468e-15,1.4142943503422926e-84,6.1168691398989884e-12,0.9999999999938787,0.9999999999938787
2026-05-08,4,5.036653412227198e-16,4.774777850193204e-15,4.703551718524477e-83,1.159328737956562e-11,0.9999999999884004,0.9999999999884004
2026-05-11,4,4.2108605100824335e-16,3.961778622891377e-15,1.83648005879893e-83,1.745708701706813e-11,0.9999999999825384,0.9999999999825384
2026-05-12,4,1.0909061920944689e-16,8.326534832583062e-15,1.0603365823099702e-72,4.7458661071473794e-11,0.9999999999525322,0.9999999999525322
2026-05-13,4,1.6229258629732122e-16,1.0468597028240703e-14,4.6138089652829575e-73,4.141227769691233e-11,0.9999999999585771,0.9999999999585771
2026-05-14,4,1.829970287739083e-15,1.6721130265342766e-13,5.823505942458039e-72,1.376777612343464e-10,0.9999999998621529,0.9999999998621529
2026-05-15,4,1.202927738685785e-17,2.1291934197776357e-12,1.9330883272954086e-58,7.110845039184418e-12,0.9999999999907594,0.9999999999907594
2026-05-18,4,6.598530405387167e-16,3.238232592540406e-10,2.8848783182773365e-56,1.6625542636990364e-11,0.9999999996595506,0.9999999996595506
2026-05-19,4,4.745303607764857e-14,6.677249506003883e-09,1.4318934017366017e-54,6.329674770157999e-11,0.9999999932594079,0.9999999932594079
2026-05-20,4,1.7725974785438099e-13,4.360134845648184e-10,9.984953792949731e-64,1.8533772400875303e-10,0.9999999993784723,0.9999999993784723
2026-05-21,4,1.3769400945533382e-12,2.6370753622920796e-09,2.7278093210110768e-64,2.961267180903201e-10,0.9999999970654212,0.9999999970654212
2026-05-22,4,1.0909252694831169e-12,2.5808947617016444e-09,4.685914066745323e-63,4.0139610237189463e-10,0.9999999970166176,0.9999999970166176
2026-05-26,4,7.0058652901117614e-12,1.0186838921172398e-08,9.070939691567978e-65,3.2882774371019637e-10,0.9999999894773275,0.9999999894773275
2026-05-27,4,3.858551172580679e-10,7.348899304585873e-08,1.392420721717162e-62,2.6589459519166223e-09,0.9999999234662067,0.9999999234662067
2026-05-28,4,1.3783146761711104e-08,6.853642648328486e-06,1.378528131066833e-56,1.9803899231138464e-08,0.9999931127703059,0.9999931127703059
2026-05-29,4,1.0126242929564213e-08,6.96946467710591e-06,2.4147087061814803e-57,4.0006092865612804e-08,0.9999929804029873,0.9999929804029873
2026-06-01,4,1.0447222037856876e-10,1.917913987530393e-07,2.1244186860059067e-61,2.380098012786234e-09,0.9999998057240316,0.9999998057240316
2026-06-02,4,4.4261219435257266e-08,1.759956577928242e-05,4.267690178721925e-55,1.72248223835941e-07,0.9999821839247782,0.9999821839247782
2026-06-03,4,1.4815819406756633e-08,1.6273503775328407e-05,5.200768886012708e-53,1.514927355884552e-07,0.9999835601876697,0.9999835601876697
2026-06-04,4,7.655029713866586e-07,0.0009205179326024894,7.872037735819543e-43,7.15963776177762e-08,0.9990786449680477,0.9990786449680477
2026-06-05,4,1.2987469982337383e-06,0.0019919270860110374,3.3724221117562585e-37,1.6717616881255928e-07,0.9980066069908216,0.9980066069908216
2026-06-08,4,8.213501092175821e-07,0.0015486997261449145,2.627627556555176e-38,1.8391321856033748e-07,0.9984502950105261,0.9984502950105261
2026-06-09,4,1.1644425815152115e-07,0.00045672242546716254,3.8927707598632014e-39,6.001284305880323e-08,0.9995431011174324,0.9995431011174324
2026-06-10,4,9.851788879606718e-11,1.771411942673591e-05,5.2693604742958864e-39,3.919029662150119e-09,0.9999822818630248,0.9999822818630248
2026-06-11,4,1.5350424288044108e-10,2.0699631251616567e-05,7.1486805128029465e-40,7.852447367687783e-09,0.9999792923627984,0.9999792923627984
2026-06-12,4,1.8957100305642556e-12,3.307948978152663e-06,2.802996298897298e-43,2.2912494460458287e-09,0.9999966897578775,0.9999966897578775
2026-06-15,4,1.1181472615370126e-12,1.983567866628705e-06,1.094546331956888e-44,2.037400293666315e-09,0.9999980143936145,0.9999980143936145
2026-06-16,4,6.2735679539486475e-15,1.3182062811177927e-08,1.7992050104609402e-53,2.543273942026607e-10,0.9999999865636032,0.9999999865636032
2026-06-17,4,5.341046217507523e-15,6.714643068295983e-08,4.630022095156805e-51,9.377038920058951e-10,0.9999999319158596,0.9999999319158596
2026-06-18,4,2.9830142981650607e-14,2.8847450425106406e-05,2.4543565305858337e-37,7.257038153913282e-08,0.9999710799791633,0.9999710799791633
2026-06-22,4,1.5726550011784013e-14,1.7805607275020085e-05,4.252030539078953e-37,4.176145960276168e-08,0.9999821526312489,0.9999821526312489
2026-06-23,4,7.381632172968617e-15,7.4944469516972576e-06,2.3198443350392898e-37,2.9336519853032884e-08,0.9999924762165204,0.9999924762165204
2026-06-24,4,1.7148286042468613e-16,3.2500178558547616e-06,4.274051873025576e-33,4.776639090689903e-08,0.9999967022157537,0.9999967022157537
2026-06-25,4,5.888810311697166e-15,0.00011848512652573217,2.7937506638474732e-27,5.672480322102591e-07,0.9998809476254354,0.9998809476254354
2026-06-26,4,5.396817183675979e-16,1.458545820867073e-05,3.391548413320167e-32,1.5270537303956173e-07,0.9999852618364176,0.9999852618364176
2026-06-29,4,9.542756875463438e-16,9.95352894493568e-06,7.110819375716228e-30,1.2667514285623715e-07,0.9999899197959117,0.9999899197959117
2026-06-30,4,6.339687567515345e-15,3.753066580083757e-05,5.7576611106225956e-27,3.578659169290256e-07,0.9999621114682764,0.9999621114682764
2026-07-01,4,3.8955943513839383e-16,9.114335486530849e-06,8.335245682703914e-29,1.6097588687059196e-07,0.9999907246886256,0.9999907246886256
2026-07-02,4,1.5485700734788865e-15,1.286839701289428e-05,1.2289957725576724e-25,7.577925624893027e-07,0.9999863738104239,0.9999863738104239
2026-07-06,4,8.548331061947738e-15,7.917484560955177e-05,1.4991917891143878e-22,1.8413346557661888e-06,0.9999189838197253,0.9999189838197253
2026-07-07,4,2.1678952957020517e-12,0.007396144814738548,1.0025380345266614e-22,5.675394233403842e-05,0.9925471012407594,0.9925471012407594
2026-07-08,4,1.5324084680018145e-13,0.0007629281937770276,2.8362605062024527e-25,1.2731013360094414e-05,0.9992243407927103,0.9992243407927103
2026-07-09,4,4.521392859887972e-13,0.0024100887033773224,5.900001829242418e-26,3.818543159590791e-05,0.9975517258645737,0.9975517258645737
2026-07-10,4,3.6824224365104297e-09,0.19960539549552636,2.510379496817825e-22,0.0033558857973851534,0.7970387150246654,0.7970387150246654
2026-07-13,4,3.8084515408220546e-13,4.5858334217074345e-05,2.3331841739096125e-34,7.866048340410937e-06,0.9999462756170611,0.9999462756170611
2026-07-14,4,7.967800744710729e-11,0.0007051973504955619,1.4694483559534964e-27,0.000117594083878665,0.9991772084859473,0.9991772084859473
2026-07-15,4,6.892011787914986e-09,0.010509323259892739,1.2244724884984833e-19,0.0019457577841939253,0.9875449120639013,0.9875449120639013
2026-07-16,4,2.1802508367284645e-09,0.00982398074394939,1.5943879178532155e-15,0.0010268484394724078,0.9891491686363266,0.9891491686363266
2026-07-17,4,3.5063900590745828e-09,0.009455970783603595,2.6079518339754638e-14,0.0023004234109313937,0.988243602299049,0.988243602299049
2026-07-20,4,4.4829654421275265e-08,0.00456092296444529,6.964546004967119e-18,0.00021220772641856062,0.9952268244794822,0.9952268244794822
2026-07-21,4,4.019122374553991e-09,0.001203598342894935,3.1805037838076605e-18,6.358725152700265e-05,0.998732810386456,0.998732810386456
2026-07-22,4,2.1861221081380464e-10,0.00041940118946565445,1.3666754617124858e-18,3.5230121455253325e-05,0.9995453684704669,0.9995453684704669
2026-07-23,4,5.183919564862841e-15,8.897391218165794e-09,1.1710667666959948e-35,1.8109868060134652e-10,0.9999999909215056,0.9999999909215056
2026-07-24,4,3.886116495788941e-14,3.423608559048033e-08,7.078401510751476e-38,3.7586779477720083e-10,0.9999999653880073,0.9999999653880073
2026-07-27,4,2.54832191067795e-13,1.00488853108498e-08,5.389866566815829e-38,2.766348500825466e-09,0.999999987184511,0.999999987184511
2026-07-28,4,9.103850710496469e-12,2.102057427059445e-07,1.2629714385875508e-38,2.968079507243897e-09,0.9999997868170741,0.9999997868170741
2026-07-29,4,2.2407560975795916e-13,3.651901773877423e-10,2.3088792553739837e-36,7.49681376425877e-09,0.9999999921377718,0.9999999921377718
2026-07-30,4,1.9055024270624177e-13,7.40765115993544e-10,1.7451294937371956e-37,8.717581011071969e-10,0.9999999983872865,0.9999999983872865
2026-07-31,4,1.282012255501034e-14,3.8587334963776526e-11,7.782852181362676e-37,3.0403042722028413e-09,0.9999999969210958,0.9999999969210958
2026-08-03,4,1.4417112369621477e-13,5.2296919560374134e-11,1.9808855731334774e-37,1.4442201468732534e-08,0.9999999855053582,0.9999999855053582
2026-08-04,4,5.633819839640127e-13,1.1661877181421094e-10,3.593957789829438e-42,5.4143174159694986e-08,0.9999999457396435,0.9999999457396435
2026-08-05,4,1.2084922387154738e-12,1.926896633685312e-08,7.319090575775661e-39,1.3181462154369303e-07,0.9999998489152028,0.9999998489152028
2026-08-06,4,2.8787090182695145e-13,2.2463456640371347e-09,6.034111312546592e-38,1.429179857675265e-07,0.99999985483538,0.99999985483538
2026-08-07,4,4.406554864216229e-14,2.156230662507584e-09,4.832356629453755e-37,3.8496628183336024e-08,0.9999999593470975,0.9999999593470975
2026-08-10,4,1.7862327995740996e-09,0.0001373873061521015,2.3869612986252007e-25,1.5018238218899053e-05,0.9998475926693963,0.9998475926693963
2026-08-11,4,3.4140190734003657e-09,0.0001410008343718457,4.4636881206291117e-26,3.3681457866662185e-05,0.9998253142937431,0.9998253142937431
2026-08-12,4,4.875539596429038e-09,0.0001874608284490369,3.794606958081365e-26,9.582039847458814e-06,0.999802952256164,0.999802952256164
2026-08-13,4,1.1351511709972391e-08,0.0004106412955473032,2.1437598922016625e-26,6.099743139908919e-05,0.9995283499215412,0.9995283499215412
2026-08-14,4,4.4541507134578144e-08,0.0017577172672924753,3.3506253277950787e-26,3.447692024999497e-05,0.9982077612709521,0.9982077612709521
2026-08-17,4,2.102164124387367e-08,0.0010908292596968129,1.3415168585470054e-25,5.674304000513088e-05,0.998852406678658,0.998852406678658
2026-08-18,4,5.876293185818355e-08,0.0010709786808166728,1.662383271480096e-25,7.457853719306357e-05,0.9988543840190599,0.9988543840190599
2026-08-19,4,4.165436103958672e-08,0.001573453411356554,5.464186585379247e-25,1.0192488278890248e-05,0.998416312446003,0.998416312446003
2026-08-20,1,3.4902596765417565e-05,0.6913741279992779,2.5826042200901593e-16,0.0019582226660692236,0.30663274673788704,0.6913741279992779
2026-08-21,4,1.8976949136655658e-06,0.47660953896674124,1.7400353192360275e-16,0.0004651757866044962,0.5229233875517411,0.5229233875517411
2026-08-24,1,4.285706794195687e-07,0.9427680515048105,8.461596098742397e-14,6.423988618642953e-05,0.05716728003823828,0.9427680515048105
2026-08-25,1,4.782401547847794e-07,0.9489902825024955,2.0455733744426292e-14,3.066615212769236e-05,0.050978573105200806,0.9489902825024955
2026-08-26,1,2.0300849205102542e-07,0.9936370840107022,6.381069842917808e-14,8.338847128685881e-06,0.006354374133614178,0.9936370840107022
2026-08-27,1,5.561230320431482e-07,0.9978664446661712,1.684065988937505e-12,2.8935847447803426e-05,0.002104063361665166,0.9978664446661712
2026-08-28,1,1.555631581399674e-07,0.9829709348804286,7.782020546437429e-13,1.0672303114511507e-05,0.01701823725252059,0.9829709348804286
2026-08-31,1,1.5863357373278843e-08,0.9445666324713017,7.546697517894619e-13,5.681208762168351e-06,0.055427670455823794,0.9445666324713017
2026-09-01,4,1.558055199088225e-09,0.36290208042151584,7.118321630475422e-13,1.3277544380414122e-06,0.6370965902652792,0.6370965902652792
2026-09-02,1,6.248834639988392e-07,0.9098889631754401,4.4607698974063763e-10,1.3580016661759492e-05,0.09009683147835726,0.9098889631754401
2026-09-03,1,4.018846299780007e-08,0.8794304743758459,1.9130267340608007e-11,1.1177723692925132e-06,0.12056836764419067,0.8794304743758459
2026-09-04,1,1.9252954373913352e-07,0.9141123398598038,4.6473571647605106e-11,3.5588800394074165e-06,0.08588390868414007,0.9141123398598038
